backfire_rate,initial_preference_width,social_signal_weight,trending_weight,regime,seed,initial_mean_extremity,final_mean_extremity,final_opinion_variance,final_extreme_share,final_acceptance_rate,final_backfire_rate,final_ignore_rate,final_opinion_bimodality
0.0,0.2,0.0,0.5,global_trending,1,0.5380338813570394,0.25331874535709037,0.13899529430095392,0.075,0.57205,0.0294,0.39855,0.8756659176410412
0.0,0.2,0.0,0.5,global_trending,2,0.5039942537498406,0.23235475742608044,0.13966720708979583,0.125,0.5882,0.0279,0.3839,0.7916911665372192
0.0,0.2,0.0,0.5,global_trending,3,0.4890296296058673,0.22111193685772193,0.12724914387466985,0.105,0.6133,0.0259,0.3608,0.7477295071802739
0.0,0.2,0.0,0.5,global_trending,4,0.5382270372131428,0.2516392564203365,0.14180947337675348,0.095,0.56575,0.02895,0.4053,0.8702870870062064
0.0,0.2,0.0,0.5,global_trending,5,0.5029302632833011,0.23207067836593265,0.14020197259150394,0.12,0.58135,0.03135,0.3873,0.789046919870039
0.0,0.2,0.0,0.5,global_trending,6,0.5186356672752157,0.2639273318811536,0.1633898419544812,0.135,0.5611,0.0337,0.4052,0.8637500129538737
0.0,0.2,0.0,0.5,global_trending,7,0.513637667411623,0.2707280115486087,0.1407689147400972,0.1,0.59805,0.03055,0.3714,0.8068789154664315
0.0,0.2,0.0,0.5,global_trending,8,0.5087707013838418,0.25705394553912714,0.14318005492033467,0.11,0.5804,0.03005,0.38955,0.8235898493617324
0.0,0.2,0.0,0.5,global_trending,9,0.5037796340055101,0.2440905635455975,0.13943586293461313,0.13,0.60775,0.02745,0.3648,0.7474065566566409
0.0,0.2,0.0,0.5,global_trending,10,0.4783554051954107,0.2063877409634759,0.11209932730976059,0.075,0.61865,0.0243,0.35705,0.7788138061751011
0.0,0.2,0.0,0.5,global_trending,11,0.5245057294818782,0.24986560817496808,0.1525844005261024,0.125,0.5733,0.03185,0.39485,0.8347874245819075
0.0,0.2,0.0,0.5,global_trending,12,0.5092713362654364,0.2693265334105325,0.1543985743066613,0.105,0.58575,0.03665,0.3776,0.8131401555634385
0.0,0.2,0.0,0.5,global_trending,13,0.525746492476239,0.2826246604477852,0.14084682727754042,0.11,0.59025,0.0312,0.37855,0.8053732935825494
0.0,0.2,0.0,0.5,global_trending,14,0.49961878918402114,0.2334289992881549,0.13700655689754349,0.12,0.59765,0.0274,0.37495,0.7561823140536865
0.0,0.2,0.0,0.5,global_trending,15,0.49128662390873923,0.26303283727254123,0.1310894035451575,0.075,0.6116,0.03005,0.35835,0.7786786418419275
0.0,0.2,0.0,0.5,global_trending,16,0.5398227235682644,0.2186569196003919,0.12079216584228888,0.1,0.5908,0.0253,0.3839,0.8058261713410376
0.0,0.2,0.0,0.5,global_trending,17,0.501087792958863,0.23278848112747724,0.13691092176395478,0.125,0.6079,0.02685,0.36525,0.7556744372948743
0.0,0.2,0.0,0.5,global_trending,18,0.5282595433746189,0.25360043218988026,0.14535844111766655,0.11,0.5796,0.03115,0.38925,0.8332184198304803
0.0,0.2,0.0,0.5,global_trending,19,0.4817971947725576,0.23186521216653283,0.12493057218523135,0.11,0.62145,0.0287,0.34985,0.7671103395572383
0.0,0.2,0.0,0.5,global_trending,20,0.527119700541352,0.27683825854311556,0.15895310486567277,0.145,0.56905,0.0341,0.39685,0.8376738170864482
0.03,0.2,0.0,0.5,global_trending,1,0.5380338813570394,0.3020150287722174,0.222044820881534,0.185,0.54845,0.04865,0.4029,0.8321072963384103
0.03,0.2,0.0,0.5,global_trending,2,0.5039942537498406,0.2892667241277165,0.2148654849634051,0.185,0.56405,0.04685,0.3891,0.7943001605943617
0.03,0.2,0.0,0.5,global_trending,3,0.4890296296058673,0.27000969032156186,0.19569528778778575,0.17,0.60335,0.0487,0.34795,0.7344257139745295
0.03,0.2,0.0,0.5,global_trending,4,0.5382270372131428,0.31134762881029265,0.2226661875155594,0.185,0.53665,0.04815,0.4152,0.870079476959782
0.03,0.2,0.0,0.5,global_trending,5,0.5029302632833011,0.2906612883253309,0.21171444246766286,0.185,0.5568,0.04795,0.39525,0.8163448599474559
0.03,0.2,0.0,0.5,global_trending,6,0.5186356672752157,0.3331389177842749,0.26556462631253924,0.25,0.54305,0.05905,0.3979,0.8496093626864697
0.03,0.2,0.0,0.5,global_trending,7,0.513637667411623,0.3303984680375169,0.23200012281613128,0.21,0.5824,0.0681,0.3495,0.7835343368854816
0.03,0.2,0.0,0.5,global_trending,8,0.5087707013838418,0.311599490513724,0.2343480715707141,0.2,0.56675,0.05175,0.3815,0.8132755217669055
0.03,0.2,0.0,0.5,global_trending,9,0.5037796340055101,0.28761187937060445,0.20237218182256556,0.175,0.60215,0.0549,0.34295,0.7125607958781837
0.03,0.2,0.0,0.5,global_trending,10,0.4783554051954107,0.26819079775322086,0.18939086998994015,0.165,0.5992,0.0389,0.3619,0.7698891739305709
0.03,0.2,0.0,0.5,global_trending,11,0.5245057294818782,0.3055096393793596,0.23266055715849254,0.21,0.55665,0.0553,0.38805,0.8080971322964067
0.03,0.2,0.0,0.5,global_trending,12,0.5092713362654364,0.3566331296306722,0.24587352019248257,0.205,0.57,0.0971,0.3329,0.8570520833644012
0.03,0.2,0.0,0.5,global_trending,13,0.525746492476239,0.33082241636152715,0.22677836886819486,0.22,0.55925,0.05845,0.3823,0.8030810267311225
0.03,0.2,0.0,0.5,global_trending,14,0.49961878918402114,0.2887525958676642,0.2091513707245165,0.195,0.57195,0.04825,0.3798,0.773116768159371
0.03,0.2,0.0,0.5,global_trending,15,0.49128662390873923,0.34450416423107116,0.23196349729536345,0.21,0.58665,0.0743,0.33905,0.812967394084458
0.03,0.2,0.0,0.5,global_trending,16,0.5398227235682644,0.2821547111336741,0.191996970887513,0.155,0.5694,0.04335,0.38725,0.8152718265506941
0.03,0.2,0.0,0.5,global_trending,17,0.501087792958863,0.27833480460571813,0.21067076669696724,0.175,0.5888,0.04685,0.36435,0.7573793858525153
0.03,0.2,0.0,0.5,global_trending,18,0.5282595433746189,0.3353339379752251,0.24722828067410788,0.22,0.54925,0.06335,0.3874,0.8474508668841071
0.03,0.2,0.0,0.5,global_trending,19,0.4817971947725576,0.28863136049818505,0.19388656920121788,0.165,0.59405,0.05215,0.3538,0.7708567733599789
0.03,0.2,0.0,0.5,global_trending,20,0.527119700541352,0.3237730983024528,0.23902243614351093,0.22,0.5564,0.0658,0.3778,0.8119258451550924
0.06,0.2,0.0,0.5,global_trending,1,0.5380338813570394,0.34505322363012675,0.28641052839886055,0.265,0.53635,0.0638,0.39985,0.8417143747832464
0.06,0.2,0.0,0.5,global_trending,2,0.5039942537498406,0.33585776063602873,0.28062609396215776,0.27,0.55345,0.062,0.38455,0.8149805477465984
0.06,0.2,0.0,0.5,global_trending,3,0.4890296296058673,0.2959553533907253,0.2239736724442858,0.205,0.58485,0.0556,0.35955,0.7575364774162218
0.06,0.2,0.0,0.5,global_trending,4,0.5382270372131428,0.3599423602690554,0.2895502431347536,0.275,0.51465,0.0651,0.42025,0.9017538338418453
0.06,0.2,0.0,0.5,global_trending,5,0.5029302632833011,0.34629112516825244,0.27843240616156784,0.265,0.5365,0.0586,0.4049,0.8699921228807587
0.06,0.2,0.0,0.5,global_trending,6,0.5186356672752157,0.37915060240757653,0.31183237328719043,0.3,0.53915,0.0937,0.36715,0.8690927302182875
0.06,0.2,0.0,0.5,global_trending,7,0.513637667411623,0.336041008714081,0.27369630790527005,0.26,0.56325,0.06925,0.3675,0.7848799492539716
0.06,0.2,0.0,0.5,global_trending,8,0.5087707013838418,0.35214995420377604,0.29042112346235854,0.275,0.54985,0.07015,0.38,0.8406114496669878
0.06,0.2,0.0,0.5,global_trending,9,0.5037796340055101,0.31811076125153137,0.2375238140333942,0.22,0.5813,0.0576,0.3611,0.7486765549173209
0.06,0.2,0.0,0.5,global_trending,10,0.4783554051954107,0.29756895027638874,0.230126472014202,0.21,0.5856,0.05095,0.36345,0.7685737215635227
0.06,0.2,0.0,0.5,global_trending,11,0.5245057294818782,0.33691575649771677,0.27602636262186236,0.245,0.53515,0.06455,0.4003,0.8362886973642606
0.06,0.2,0.0,0.5,global_trending,12,0.5092713362654364,0.356835165519055,0.2831132492614536,0.26,0.55785,0.08605,0.3561,0.8421216266663213
0.06,0.2,0.0,0.5,global_trending,13,0.525746492476239,0.35972609442496006,0.2671964716238929,0.235,0.55125,0.07615,0.3726,0.8412211213670838
0.06,0.2,0.0,0.5,global_trending,14,0.49961878918402114,0.30777853246938724,0.23549246632591894,0.21,0.55865,0.0538,0.38755,0.7989875113791045
0.06,0.2,0.0,0.5,global_trending,15,0.49128662390873923,0.3924589270942056,0.2879557513561791,0.255,0.57455,0.09795,0.3275,0.8201876580208148
0.06,0.2,0.0,0.5,global_trending,16,0.5398227235682644,0.32791791389504255,0.25185128244809557,0.23,0.54815,0.05865,0.3932,0.8608408190774143
0.06,0.2,0.0,0.5,global_trending,17,0.501087792958863,0.330811067687189,0.27126030329161466,0.255,0.5652,0.05785,0.37695,0.8077078813251645
0.06,0.2,0.0,0.5,global_trending,18,0.5282595433746189,0.4003118546769004,0.32359121265527485,0.305,0.52905,0.0899,0.38105,0.8761623621709244
0.06,0.2,0.0,0.5,global_trending,19,0.4817971947725576,0.32378977663904024,0.24207291506445794,0.215,0.58085,0.0662,0.35295,0.7842640818113309
0.06,0.2,0.0,0.5,global_trending,20,0.527119700541352,0.3650682845731295,0.2946666536768759,0.28,0.5427,0.0804,0.3769,0.8375209402255853
0.12,0.2,0.0,0.5,global_trending,1,0.5380338813570394,0.3948243039441583,0.3378809015728136,0.315,0.5112,0.07435,0.41445,0.9139978725886914
0.12,0.2,0.0,0.5,global_trending,2,0.5039942537498406,0.39089092909053974,0.34381853506930893,0.335,0.52435,0.07575,0.3999,0.8917091544904913
0.12,0.2,0.0,0.5,global_trending,3,0.4890296296058673,0.34938281908651025,0.29868366517748,0.285,0.55645,0.06825,0.3753,0.8209137615342432
0.12,0.2,0.0,0.5,global_trending,4,0.5382270372131428,0.42632585317256017,0.3727771433343062,0.365,0.48855,0.0801,0.43135,0.9711108495044004
0.12,0.2,0.0,0.5,global_trending,5,0.5029302632833011,0.4092320029362054,0.3560474609134206,0.345,0.5036,0.07455,0.42185,0.9404604462349234
0.12,0.2,0.0,0.5,global_trending,6,0.5186356672752157,0.42212021196514427,0.3562314032180188,0.345,0.515,0.1048,0.3802,0.9416415516632077
0.12,0.2,0.0,0.5,global_trending,7,0.513637667411623,0.4111843432730589,0.3315769814432093,0.315,0.54825,0.1065,0.34525,0.86612280989021
0.12,0.2,0.0,0.5,global_trending,8,0.5087707013838418,0.40982418200721404,0.3611864023639956,0.35,0.5171,0.08135,0.40155,0.9235926937893284
0.12,0.2,0.0,0.5,global_trending,9,0.5037796340055101,0.36916714243986865,0.3054779419979637,0.3,0.55615,0.069,0.37485,0.8186705804438918
0.12,0.2,0.0,0.5,global_trending,10,0.4783554051954107,0.34796254669534066,0.29826936421991584,0.29,0.55565,0.0667,0.37765,0.8240220193604807
0.12,0.2,0.0,0.5,global_trending,11,0.5245057294818782,0.39283488584831,0.3418296311848219,0.33,0.51015,0.07865,0.4112,0.9070136411224475
0.12,0.2,0.0,0.5,global_trending,12,0.5092713362654364,0.40708655140698835,0.3504293591849861,0.34,0.53095,0.0977,0.37135,0.8979700481180989
0.12,0.2,0.0,0.5,global_trending,13,0.525746492476239,0.40111841253414793,0.3233461494967163,0.31,0.5243,0.08235,0.39335,0.8755946800187028
0.12,0.2,0.0,0.5,global_trending,14,0.49961878918402114,0.3569075919172344,0.3078463622450721,0.305,0.53915,0.0679,0.39295,0.839166361372168
0.12,0.2,0.0,0.5,global_trending,15,0.49128662390873923,0.4327087508318969,0.3410906981302848,0.315,0.55445,0.1154,0.33015,0.8645589606758982
0.12,0.2,0.0,0.5,global_trending,16,0.5398227235682644,0.381684945424432,0.32135111868981986,0.315,0.53205,0.07675,0.3912,0.9032635367745593
0.12,0.2,0.0,0.5,global_trending,17,0.501087792958863,0.37209052618317157,0.3260459234098183,0.315,0.557,0.07075,0.37225,0.814712986630806
0.12,0.2,0.0,0.5,global_trending,18,0.5282595433746189,0.43438838854539474,0.3653648346464041,0.35,0.51395,0.1146,0.37145,0.8987225459126126
0.12,0.2,0.0,0.5,global_trending,19,0.4817971947725576,0.3706119875657555,0.29628536417450957,0.275,0.5536,0.07815,0.36825,0.8237565309634541
0.12,0.2,0.0,0.5,global_trending,20,0.527119700541352,0.3972304638376756,0.3409149293644835,0.325,0.5205,0.0882,0.3913,0.8972980642673739
0.0,0.5,0.0,0.5,global_trending,1,0.5380338813570394,0.35800139586904733,0.18658957520643502,0.07,0.4296,0.09935,0.47105,1.481333812099325
0.0,0.5,0.0,0.5,global_trending,2,0.5039942537498406,0.3447705048973331,0.18390203571678337,0.11,0.43595,0.10075,0.4633,1.335603010687529
0.0,0.5,0.0,0.5,global_trending,3,0.4890296296058673,0.33109923905804267,0.16645474053331225,0.085,0.4468,0.09635,0.45685,1.3332395572320452
0.0,0.5,0.0,0.5,global_trending,4,0.5382270372131428,0.3617421108236016,0.18840467358099905,0.095,0.4317,0.10125,0.46705,1.4769579206425036
0.0,0.5,0.0,0.5,global_trending,5,0.5029302632833011,0.35077563992488286,0.1938127617112526,0.11,0.43455,0.10275,0.4627,1.3074178720661325
0.0,0.5,0.0,0.5,global_trending,6,0.5186356672752157,0.362045602251438,0.20017514424000926,0.105,0.42765,0.1053,0.46705,1.3781990720106152
0.0,0.5,0.0,0.5,global_trending,7,0.513637667411623,0.3499405701593915,0.1799690029362952,0.095,0.44965,0.09915,0.4512,1.321853235994866
0.0,0.5,0.0,0.5,global_trending,8,0.5087707013838418,0.3479533333463889,0.1811306733817564,0.1,0.4429,0.09645,0.46065,1.3987200022778628
0.0,0.5,0.0,0.5,global_trending,9,0.5037796340055101,0.34253137018388685,0.18868420307967249,0.125,0.4445,0.09735,0.45815,1.2767760263017667
0.0,0.5,0.0,0.5,global_trending,10,0.4783554051954107,0.32262527804275537,0.16052880782518436,0.07,0.45925,0.09215,0.4486,1.3486372463745138
0.0,0.5,0.0,0.5,global_trending,11,0.5245057294818782,0.3582630903752495,0.19277702230418636,0.12,0.4313,0.10345,0.46525,1.4118567991141535
0.0,0.5,0.0,0.5,global_trending,12,0.5092713362654364,0.36509777233208696,0.19874782404424957,0.1,0.4374,0.10525,0.45735,1.3522656209202308
0.0,0.5,0.0,0.5,global_trending,13,0.525746492476239,0.3467721099557177,0.17198481584830005,0.085,0.44885,0.0974,0.45375,1.3712493529951286
0.0,0.5,0.0,0.5,global_trending,14,0.49961878918402114,0.3299110654578966,0.17278236324010432,0.11,0.44285,0.0998,0.45735,1.264671512553689
0.0,0.5,0.0,0.5,global_trending,15,0.49128662390873923,0.3478922463025144,0.1752379662395725,0.075,0.4495,0.09885,0.45165,1.3268714335460214
0.0,0.5,0.0,0.5,global_trending,16,0.5398227235682644,0.36022386966901193,0.18188408547816212,0.09,0.44505,0.0944,0.46055,1.4821871283578836
0.0,0.5,0.0,0.5,global_trending,17,0.501087792958863,0.33934397700641084,0.18319869379742862,0.11,0.4505,0.09845,0.45105,1.3009304786473077
0.0,0.5,0.0,0.5,global_trending,18,0.5282595433746189,0.3691606907605849,0.19900583050517145,0.1,0.43065,0.1022,0.46715,1.4288623577275674
0.0,0.5,0.0,0.5,global_trending,19,0.4817971947725576,0.32540241869953845,0.16850188038368583,0.105,0.4525,0.09855,0.44895,1.2738013932068237
0.0,0.5,0.0,0.5,global_trending,20,0.527119700541352,0.37463158265895286,0.2047141649967993,0.135,0.437,0.1048,0.4582,1.3144765929300457
0.03,0.5,0.0,0.5,global_trending,1,0.5380338813570394,0.5887545293787905,0.4738831006015104,0.42,0.34025,0.152,0.50775,1.649115613501401
0.03,0.5,0.0,0.5,global_trending,2,0.5039942537498406,0.5415191469033228,0.4245445394527835,0.38,0.36185,0.1439,0.49425,1.4970243402252676
0.03,0.5,0.0,0.5,global_trending,3,0.4890296296058673,0.5188605401829612,0.38618171839203497,0.31,0.37105,0.13835,0.4906,1.5182303200189218
0.03,0.5,0.0,0.5,global_trending,4,0.5382270372131428,0.5948911771128453,0.4729196983284376,0.385,0.337,0.15495,0.50805,1.7089061015845413
0.03,0.5,0.0,0.5,global_trending,5,0.5029302632833011,0.5603025460798612,0.4428307926198613,0.365,0.3489,0.14925,0.50185,1.5595417594755625
0.03,0.5,0.0,0.5,global_trending,6,0.5186356672752157,0.5540146934371099,0.4459089044263233,0.375,0.34885,0.1563,0.49485,1.48806154943873
0.03,0.5,0.0,0.5,global_trending,7,0.513637667411623,0.5574473095708253,0.42773162903216816,0.34,0.3709,0.16745,0.46165,1.536644816644958
0.03,0.5,0.0,0.5,global_trending,8,0.5087707013838418,0.5527206850006728,0.42860719869348346,0.365,0.36485,0.15475,0.4804,1.5705056616081978
0.03,0.5,0.0,0.5,global_trending,9,0.5037796340055101,0.516323014423919,0.3939347025983305,0.32,0.37055,0.1391,0.49035,1.4470580650998905
0.03,0.5,0.0,0.5,global_trending,10,0.4783554051954107,0.5063502299412977,0.381693315513199,0.33,0.3848,0.1349,0.4803,1.427073724427911
0.03,0.5,0.0,0.5,global_trending,11,0.5245057294818782,0.5590878125510688,0.4383513209800837,0.39,0.3503,0.1528,0.4969,1.5742273694239657
0.03,0.5,0.0,0.5,global_trending,12,0.5092713362654364,0.54565908378175,0.4236921394072041,0.36,0.37135,0.15525,0.4734,1.4812408789627571
0.03,0.5,0.0,0.5,global_trending,13,0.525746492476239,0.5697854968826314,0.4480860206948424,0.36,0.3602,0.1588,0.481,1.573652690307482
0.03,0.5,0.0,0.5,global_trending,14,0.49961878918402114,0.541147690880601,0.41862130068418585,0.375,0.3622,0.14575,0.49205,1.4819913750205327
0.03,0.5,0.0,0.5,global_trending,15,0.49128662390873923,0.5451762142531689,0.41443347971285144,0.34,0.37935,0.16415,0.4565,1.4296607982644616
0.03,0.5,0.0,0.5,global_trending,16,0.5398227235682644,0.5665488022301388,0.4389561210509308,0.395,0.3664,0.14355,0.49005,1.559262537991882
0.03,0.5,0.0,0.5,global_trending,17,0.501087792958863,0.5120744067422183,0.3926469253949918,0.35,0.38315,0.1365,0.48035,1.4166169767062817
0.03,0.5,0.0,0.5,global_trending,18,0.5282595433746189,0.5639975459209056,0.45239397945504095,0.395,0.35675,0.1573,0.48595,1.530688385924205
0.03,0.5,0.0,0.5,global_trending,19,0.4817971947725576,0.5284019883259663,0.39702163206291075,0.34,0.37655,0.1523,0.47115,1.47749986883592
0.03,0.5,0.0,0.5,global_trending,20,0.527119700541352,0.5828844421142664,0.46437964570532836,0.395,0.3499,0.1693,0.4808,1.556138256197974
0.06,0.5,0.0,0.5,global_trending,1,0.5380338813570394,0.7204170348457288,0.6364753657019442,0.62,0.29265,0.1802,0.52715,2.0914695732913975
0.06,0.5,0.0,0.5,global_trending,2,0.5039942537498406,0.6825082173354445,0.5931724789996191,0.57,0.30485,0.17035,0.5248,1.9009423256264106
0.06,0.5,0.0,0.5,global_trending,3,0.4890296296058673,0.6830447789532124,0.5932186586837491,0.56,0.30445,0.1749,0.52065,1.916745079490928
0.06,0.5,0.0,0.5,global_trending,4,0.5382270372131428,0.7459599608637743,0.6769341819705929,0.66,0.282,0.19505,0.52295,2.148433875170657
0.06,0.5,0.0,0.5,global_trending,5,0.5029302632833011,0.7132887743864774,0.6382597474609049,0.63,0.28105,0.1917,0.52725,1.9801893421611065
0.06,0.5,0.0,0.5,global_trending,6,0.5186356672752157,0.6859664707419413,0.604366597759317,0.595,0.3001,0.1779,0.522,1.8757162888706669
0.06,0.5,0.0,0.5,global_trending,7,0.513637667411623,0.6741357150527909,0.5773884385792445,0.525,0.31935,0.19345,0.4872,1.8931292345179307
0.06,0.5,0.0,0.5,global_trending,8,0.5087707013838418,0.6938040617426202,0.6086009678943882,0.57,0.30045,0.2015,0.49805,1.9450608278184531
0.06,0.5,0.0,0.5,global_trending,9,0.5037796340055101,0.666150324535831,0.5716972792325578,0.535,0.32135,0.1633,0.51535,1.8601272299259604
0.06,0.5,0.0,0.5,global_trending,10,0.4783554051954107,0.6735126359285823,0.5828175296385817,0.57,0.31465,0.163,0.52235,1.865665382605928
0.06,0.5,0.0,0.5,global_trending,11,0.5245057294818782,0.7159020146370206,0.6355784153273688,0.61,0.29095,0.1885,0.52055,2.037948946435966
0.06,0.5,0.0,0.5,global_trending,12,0.5092713362654364,0.6912802977625624,0.595216024229571,0.555,0.3105,0.1931,0.4964,1.9184141110885984
0.06,0.5,0.0,0.5,global_trending,13,0.525746492476239,0.7241882603789377,0.6340214040468044,0.6,0.2974,0.192,0.5106,1.9977264397465058
0.06,0.5,0.0,0.5,global_trending,14,0.49961878918402114,0.6713803696123263,0.5768801187615895,0.53,0.3116,0.17785,0.51055,1.8283700034783024
0.06,0.5,0.0,0.5,global_trending,15,0.49128662390873923,0.6898666907862331,0.5949402323291167,0.55,0.318,0.2057,0.4763,1.7647193666569974
0.06,0.5,0.0,0.5,global_trending,16,0.5398227235682644,0.719279757710271,0.6234894775729031,0.595,0.30085,0.18805,0.5111,2.0289589801538384
0.06,0.5,0.0,0.5,global_trending,17,0.501087792958863,0.6754680979676612,0.5755300727953456,0.55,0.30885,0.1623,0.52885,1.9512434912689163
0.06,0.5,0.0,0.5,global_trending,18,0.5282595433746189,0.7119917803426117,0.6279996154688235,0.59,0.2938,0.20135,0.50485,2.052587103563383
0.06,0.5,0.0,0.5,global_trending,19,0.4817971947725576,0.6663668946241563,0.5672773945126771,0.53,0.32775,0.1817,0.49055,1.83330351459032
0.06,0.5,0.0,0.5,global_trending,20,0.527119700541352,0.725232105476579,0.6407849546062374,0.605,0.29625,0.2188,0.48495,2.0416848346464223
0.12,0.5,0.0,0.5,global_trending,1,0.5380338813570394,0.8720917554565485,0.8230679425251914,0.845,0.21695,0.21365,0.5694,3.494587514033174
0.12,0.5,0.0,0.5,global_trending,2,0.5039942537498406,0.8182823867972835,0.7580375983725043,0.75,0.24195,0.20955,0.5485,2.7263206208851045
0.12,0.5,0.0,0.5,global_trending,3,0.4890296296058673,0.8461470311935839,0.7939816545368875,0.8,0.23705,0.2176,0.54535,3.010222069469854
0.12,0.5,0.0,0.5,global_trending,4,0.5382270372131428,0.8681015212013896,0.822945960019726,0.825,0.22155,0.21625,0.5622,3.284454996583921
0.12,0.5,0.0,0.5,global_trending,5,0.5029302632833011,0.8514509354985953,0.8054715355683197,0.81,0.22425,0.2169,0.55885,2.9844867465540026
0.12,0.5,0.0,0.5,global_trending,6,0.5186356672752157,0.8617848627508466,0.8226205796104541,0.835,0.2232,0.2295,0.5473,2.9284077436806126
0.12,0.5,0.0,0.5,global_trending,7,0.513637667411623,0.8438917050904997,0.7848155599570594,0.76,0.24975,0.274,0.47625,3.0593399745720684
0.12,0.5,0.0,0.5,global_trending,8,0.5087707013838418,0.8641114084073049,0.8090405881823318,0.815,0.2333,0.2332,0.5335,3.4656356593749797
0.12,0.5,0.0,0.5,global_trending,9,0.5037796340055101,0.8543381316814984,0.7964272364421526,0.795,0.24135,0.21215,0.5465,3.211008045089822
0.12,0.5,0.0,0.5,global_trending,10,0.4783554051954107,0.8381049276418818,0.7807189211235805,0.795,0.24565,0.1961,0.55825,2.8524912923612145
0.12,0.5,0.0,0.5,global_trending,11,0.5245057294818782,0.8468456796842138,0.8019177325790576,0.83,0.21955,0.2089,0.57155,2.866325458091647
0.12,0.5,0.0,0.5,global_trending,12,0.5092713362654364,0.8719541173140292,0.8214604824662696,0.82,0.23495,0.265,0.50005,3.2594052682512173
0.12,0.5,0.0,0.5,global_trending,13,0.525746492476239,0.8790338644913709,0.8261509504076427,0.82,0.22965,0.25035,0.52,3.093678895310318
0.12,0.5,0.0,0.5,global_trending,14,0.49961878918402114,0.855959410706681,0.805821826213635,0.8,0.2331,0.21575,0.55115,2.8437637321012113
0.12,0.5,0.0,0.5,global_trending,15,0.49128662390873923,0.8315368265583772,0.7682907098595938,0.76,0.2545,0.25495,0.49055,2.6796597997326046
0.12,0.5,0.0,0.5,global_trending,16,0.5398227235682644,0.8806369159192861,0.8287677396426009,0.815,0.2269,0.22205,0.55105,3.473722489487118
0.12,0.5,0.0,0.5,global_trending,17,0.501087792958863,0.8454487741583883,0.7900149248243982,0.805,0.2369,0.20095,0.56215,3.0456195297798643
0.12,0.5,0.0,0.5,global_trending,18,0.5282595433746189,0.8921093731913203,0.847719536989838,0.87,0.21035,0.21285,0.5768,3.6748545323085584
0.12,0.5,0.0,0.5,global_trending,19,0.4817971947725576,0.8511671749179004,0.8069040675501279,0.82,0.23335,0.21705,0.5496,2.8408698974348052
0.12,0.5,0.0,0.5,global_trending,20,0.527119700541352,0.8442706922853405,0.7803011971056562,0.77,0.24885,0.2592,0.49195,2.846507007127394
0.0,1.0,0.0,0.5,global_trending,1,0.5380338813570394,0.4509488204440062,0.26395838235713365,0.115,0.36835,0.1841,0.44755,1.836589383711343
0.0,1.0,0.0,0.5,global_trending,2,0.5039942537498406,0.4171300157361925,0.2477897445388196,0.145,0.36835,0.1869,0.44475,1.5191751928755353
0.0,1.0,0.0,0.5,global_trending,3,0.4890296296058673,0.40070960652445836,0.22693698311270868,0.11,0.3679,0.18255,0.44955,1.5473877257169797
0.0,1.0,0.0,0.5,global_trending,4,0.5382270372131428,0.434667720810187,0.24882964869154559,0.1,0.3715,0.18925,0.43925,1.7763618371583243
0.0,1.0,0.0,0.5,global_trending,5,0.5029302632833011,0.4219283102083252,0.2463367780892459,0.12,0.3654,0.18825,0.44635,1.615725924443735
0.0,1.0,0.0,0.5,global_trending,6,0.5186356672752157,0.4413165843179672,0.2673030353848875,0.125,0.35585,0.1927,0.45145,1.6337904587518821
0.0,1.0,0.0,0.5,global_trending,7,0.513637667411623,0.43582703457169025,0.25047233732844626,0.12,0.37625,0.18775,0.436,1.6212938617069816
0.0,1.0,0.0,0.5,global_trending,8,0.5087707013838418,0.4178379076511029,0.23703175932272344,0.105,0.3664,0.18705,0.44655,1.6594512531484569
0.0,1.0,0.0,0.5,global_trending,9,0.5037796340055101,0.4113460961379626,0.24505808894181796,0.15,0.3789,0.1847,0.4364,1.4913846849700934
0.0,1.0,0.0,0.5,global_trending,10,0.4783554051954107,0.39278473367288924,0.22095552930033693,0.09,0.37825,0.17865,0.4431,1.5216194351064074
0.0,1.0,0.0,0.5,global_trending,11,0.5245057294818782,0.44222199067924595,0.2643804124547653,0.145,0.3622,0.19255,0.44525,1.684849479642307
0.0,1.0,0.0,0.5,global_trending,12,0.5092713362654364,0.4201538675908352,0.24518943711725363,0.125,0.36335,0.19205,0.4446,1.5566406603166731
0.0,1.0,0.0,0.5,global_trending,13,0.525746492476239,0.43937469551546227,0.2544021497567933,0.12,0.3721,0.18455,0.44335,1.6109084240463576
0.0,1.0,0.0,0.5,global_trending,14,0.49961878918402114,0.4091659170809791,0.23865171628153156,0.145,0.3734,0.1878,0.4388,1.5067733528157268
0.0,1.0,0.0,0.5,global_trending,15,0.49128662390873923,0.4074778331710858,0.2271482956027198,0.11,0.3731,0.18285,0.44405,1.5691678787829229
0.0,1.0,0.0,0.5,global_trending,16,0.5398227235682644,0.43343131261680057,0.2502959086372536,0.115,0.3756,0.1826,0.4418,1.6715875532461117
0.0,1.0,0.0,0.5,global_trending,17,0.501087792958863,0.42854895851998476,0.2564114975647462,0.16,0.37665,0.18155,0.4418,1.5868770815738356
0.0,1.0,0.0,0.5,global_trending,18,0.5282595433746189,0.44001772447761794,0.25839492554842414,0.105,0.3672,0.18975,0.44305,1.6971676211895668
0.0,1.0,0.0,0.5,global_trending,19,0.4817971947725576,0.4021435527903698,0.22789599599081556,0.12,0.38335,0.18295,0.4337,1.5074570314596836
0.0,1.0,0.0,0.5,global_trending,20,0.527119700541352,0.4493091305226652,0.26635795893891934,0.16,0.36475,0.1959,0.43935,1.6568646047318367
0.03,1.0,0.0,0.5,global_trending,1,0.5380338813570394,0.7854998646053246,0.6996897415632134,0.7,0.27485,0.2578,0.46735,2.732041177711531
0.03,1.0,0.0,0.5,global_trending,2,0.5039942537498406,0.7420879920922296,0.6471960418276445,0.645,0.28825,0.2474,0.46435,2.3001487928676445
0.03,1.0,0.0,0.5,global_trending,3,0.4890296296058673,0.7477263935714987,0.6420659125762819,0.635,0.2927,0.2402,0.4671,2.581629245116512
0.03,1.0,0.0,0.5,global_trending,4,0.5382270372131428,0.7982174308240908,0.7231511169245534,0.73,0.2656,0.2623,0.4721,2.7208291099270743
0.03,1.0,0.0,0.5,global_trending,5,0.5029302632833011,0.7503146994431316,0.6544007012126767,0.62,0.2815,0.2494,0.4691,2.4642692940644984
0.03,1.0,0.0,0.5,global_trending,6,0.5186356672752157,0.7549298305320726,0.6604653413881313,0.65,0.27875,0.25705,0.4642,2.458567720180581
0.03,1.0,0.0,0.5,global_trending,7,0.513637667411623,0.7408839160892774,0.640628074897108,0.635,0.292,0.25655,0.45145,2.394026856800424
0.03,1.0,0.0,0.5,global_trending,8,0.5087707013838418,0.7744987597530374,0.6790309467988687,0.66,0.27335,0.2596,0.46705,2.7078325080596954
0.03,1.0,0.0,0.5,global_trending,9,0.5037796340055101,0.7360161679930204,0.6349439558502339,0.62,0.28805,0.23875,0.4732,2.410695233509434
0.03,1.0,0.0,0.5,global_trending,10,0.4783554051954107,0.7359820574927783,0.6390417494086612,0.63,0.28595,0.2453,0.46875,2.2779365763118835
0.03,1.0,0.0,0.5,global_trending,11,0.5245057294818782,0.7780467851382679,0.6950335937546123,0.695,0.2769,0.25325,0.46985,2.5844037761916367
0.03,1.0,0.0,0.5,global_trending,12,0.5092713362654364,0.7612405649966761,0.6673620048517286,0.645,0.27965,0.2614,0.45895,2.556442130026112
0.03,1.0,0.0,0.5,global_trending,13,0.525746492476239,0.7632074305331706,0.6742883561212543,0.695,0.28695,0.258,0.45505,2.4776808237940084
0.03,1.0,0.0,0.5,global_trending,14,0.49961878918402114,0.7515858037443769,0.6530499809465938,0.64,0.283,0.2509,0.4661,2.4508291600197034
0.03,1.0,0.0,0.5,global_trending,15,0.49128662390873923,0.7435840720578045,0.6415308687831301,0.635,0.2947,0.2598,0.4455,2.333129955518393
0.03,1.0,0.0,0.5,global_trending,16,0.5398227235682644,0.7765025013925799,0.682814532996256,0.66,0.2874,0.24985,0.46275,2.7466242923218904
0.03,1.0,0.0,0.5,global_trending,17,0.501087792958863,0.7379612700125097,0.6395732962713726,0.62,0.2941,0.2427,0.4632,2.385227187384006
0.03,1.0,0.0,0.5,global_trending,18,0.5282595433746189,0.7917858424660116,0.7037464010210579,0.705,0.27575,0.26165,0.4626,2.8342993603620354
0.03,1.0,0.0,0.5,global_trending,19,0.4817971947725576,0.748056630877808,0.6442025525834132,0.635,0.29055,0.2501,0.45935,2.2932509609060125
0.03,1.0,0.0,0.5,global_trending,20,0.527119700541352,0.7794484167596579,0.6903228147150375,0.68,0.2826,0.2708,0.4466,2.5209764510243406
0.06,1.0,0.0,0.5,global_trending,1,0.5380338813570394,0.9229752362037869,0.8850947898004077,0.92,0.2384,0.2782,0.4834,5.085811127386563
0.06,1.0,0.0,0.5,global_trending,2,0.5039942537498406,0.9138415743115139,0.8740465978071037,0.89,0.2382,0.28,0.4818,4.28491804186457
0.06,1.0,0.0,0.5,global_trending,3,0.4890296296058673,0.9214682944818368,0.8786343665058136,0.895,0.23525,0.28405,0.4807,4.780953526003325
0.06,1.0,0.0,0.5,global_trending,4,0.5382270372131428,0.9379895728634955,0.9069300618859684,0.94,0.23075,0.28925,0.48,5.664863146103147
0.06,1.0,0.0,0.5,global_trending,5,0.5029302632833011,0.9064415705059651,0.8671848147063328,0.89,0.23035,0.2853,0.48435,4.007218755239451
0.06,1.0,0.0,0.5,global_trending,6,0.5186356672752157,0.9146962269612229,0.8774633907487464,0.9,0.23185,0.28945,0.4787,4.506011718544186
0.06,1.0,0.0,0.5,global_trending,7,0.513637667411623,0.9126502907871784,0.8762397308355584,0.905,0.2457,0.30125,0.45305,4.239396506089455
0.06,1.0,0.0,0.5,global_trending,8,0.5087707013838418,0.922375868866508,0.8930977957720938,0.925,0.23175,0.29295,0.4753,4.217819227754781
0.06,1.0,0.0,0.5,global_trending,9,0.5037796340055101,0.8996568111611782,0.8522489143003702,0.88,0.24205,0.27185,0.4861,4.126178027533901
0.06,1.0,0.0,0.5,global_trending,10,0.4783554051954107,0.9167686744343316,0.8783292768184842,0.91,0.24515,0.27295,0.4819,4.55152667816917
0.06,1.0,0.0,0.5,global_trending,11,0.5245057294818782,0.9107429396450655,0.8757308579987959,0.895,0.23705,0.2829,0.48005,4.2486507194138765
0.06,1.0,0.0,0.5,global_trending,12,0.5092713362654364,0.9251671894847797,0.8830714724781814,0.91,0.24315,0.3048,0.45205,3.7502243793650485
0.06,1.0,0.0,0.5,global_trending,13,0.525746492476239,0.8977282560193651,0.8497707035315629,0.88,0.2572,0.28495,0.45785,3.74958120503134
0.06,1.0,0.0,0.5,global_trending,14,0.49961878918402114,0.8881318810831463,0.8451859540557359,0.885,0.25165,0.2831,0.46525,3.590368932297788
0.06,1.0,0.0,0.5,global_trending,15,0.49128662390873923,0.8828955736435176,0.8332124469472624,0.865,0.25115,0.29335,0.4555,3.6056944487874993
0.06,1.0,0.0,0.5,global_trending,16,0.5398227235682644,0.917799788170322,0.8680714712214109,0.91,0.2529,0.2896,0.4575,3.074079846068753
0.06,1.0,0.0,0.5,global_trending,17,0.501087792958863,0.887164199032917,0.840228695432244,0.86,0.256,0.2656,0.4784,3.8109363415912902
0.06,1.0,0.0,0.5,global_trending,18,0.5282595433746189,0.9391934324111618,0.905673928946529,0.93,0.23235,0.28375,0.4839,5.421750940974751
0.06,1.0,0.0,0.5,global_trending,19,0.4817971947725576,0.9068496283710936,0.8622061056493905,0.885,0.24,0.2818,0.4782,4.3208810293433455
0.06,1.0,0.0,0.5,global_trending,20,0.527119700541352,0.9278317444885245,0.8867395627615551,0.915,0.2401,0.2918,0.4681,4.063706547866172
0.12,1.0,0.0,0.5,global_trending,1,0.5380338813570394,0.9781404648760196,0.9570946532974866,1.0,0.2157,0.29345,0.49085,5.563514969366192
0.12,1.0,0.0,0.5,global_trending,2,0.5039942537498406,0.9717569770115524,0.9478957003519599,0.98,0.2219,0.3073,0.4708,4.617683505918842
0.12,1.0,0.0,0.5,global_trending,3,0.4890296296058673,0.9663124760176015,0.9382727373251817,0.985,0.22245,0.31365,0.4639,3.6032047259840216
0.12,1.0,0.0,0.5,global_trending,4,0.5382270372131428,0.9786062310760567,0.959509924949624,0.995,0.21765,0.30995,0.4724,8.913635230356512
0.12,1.0,0.0,0.5,global_trending,5,0.5029302632833011,0.9855453638060517,0.972339089277212,1.0,0.20125,0.30625,0.4925,9.285269482785864
0.12,1.0,0.0,0.5,global_trending,6,0.5186356672752157,0.9836544548747065,0.9683200074292568,1.0,0.20705,0.30535,0.4876,6.906767699500348
0.12,1.0,0.0,0.5,global_trending,7,0.513637667411623,0.977847384056483,0.9562177897636989,1.0,0.22815,0.3317,0.44015,4.016648826844434
0.12,1.0,0.0,0.5,global_trending,8,0.5087707013838418,0.9792679651657176,0.9599847002153808,1.0,0.20755,0.31445,0.478,6.673645411723249
0.12,1.0,0.0,0.5,global_trending,9,0.5037796340055101,0.9739002063068398,0.9524007114415557,0.99,0.217,0.2979,0.4851,6.976261449398412
0.12,1.0,0.0,0.5,global_trending,10,0.4783554051954107,0.9759085690699143,0.956162167556514,0.99,0.22245,0.29745,0.4801,12.343933859562087
0.12,1.0,0.0,0.5,global_trending,11,0.5245057294818782,0.9838748828970041,0.9696374157335643,0.99,0.2119,0.3047,0.4834,24.40294997810897
0.12,1.0,0.0,0.5,global_trending,12,0.5092713362654364,0.9789242495539332,0.9612213094673216,0.99,0.2178,0.32305,0.45915,5.883198373731752
0.12,1.0,0.0,0.5,global_trending,13,0.525746492476239,0.9775160217638634,0.9539316509001441,0.995,0.2339,0.3271,0.439,3.5033033059417398
0.12,1.0,0.0,0.5,global_trending,14,0.49961878918402114,0.9786896258088964,0.9539942413743266,0.99,0.2181,0.31265,0.46925,3.289745919197581
0.12,1.0,0.0,0.5,global_trending,15,0.49128662390873923,0.975731673533452,0.9510005041408764,0.99,0.22905,0.32485,0.4461,3.4944068055255486
0.12,1.0,0.0,0.5,global_trending,16,0.5398227235682644,0.9686264054256268,0.9447126714752743,0.975,0.2335,0.29725,0.46925,4.3143496200479055
0.12,1.0,0.0,0.5,global_trending,17,0.501087792958863,0.9731381105911422,0.9522038736993236,0.99,0.2186,0.28995,0.49145,5.262418040007479
0.12,1.0,0.0,0.5,global_trending,18,0.5282595433746189,0.9778285155766596,0.9575094375663888,0.99,0.222,0.30075,0.47725,4.954008789613605
0.12,1.0,0.0,0.5,global_trending,19,0.4817971947725576,0.9739668093904328,0.9484187417894654,0.99,0.22395,0.3119,0.46415,3.7270152541488386
0.12,1.0,0.0,0.5,global_trending,20,0.527119700541352,0.9686705849214107,0.9473714551959389,0.98,0.21735,0.31465,0.468,9.548325870400697
0.0,0.2,0.4,0.4,hybrid,1,0.5380338813570394,0.20761484773073596,0.10978316473337126,0.06,0.6448,0.01495,0.34025,0.7998698126428515
0.0,0.2,0.4,0.4,hybrid,2,0.5039942537498406,0.21560743688015088,0.11975464476605593,0.09,0.64535,0.016,0.33865,0.7932601089184824
0.0,0.2,0.4,0.4,hybrid,3,0.4890296296058673,0.2029764956455092,0.10443258132019784,0.065,0.67405,0.0134,0.31255,0.7647072518767478
0.0,0.2,0.4,0.4,hybrid,4,0.5382270372131428,0.224580961360585,0.11387176618537423,0.085,0.634,0.01755,0.34845,0.8241836030289001
0.0,0.2,0.4,0.4,hybrid,5,0.5029302632833011,0.2206433024311395,0.12195612073006988,0.105,0.64555,0.01675,0.3377,0.7882913569635983
0.0,0.2,0.4,0.4,hybrid,6,0.5186356672752157,0.24095526943231127,0.1350306572999168,0.1,0.63195,0.0184,0.34965,0.8265918613929638
0.0,0.2,0.4,0.4,hybrid,7,0.513637667411623,0.24891974092108324,0.11241970891299076,0.08,0.66025,0.0178,0.32195,0.7895453124254542
0.0,0.2,0.4,0.4,hybrid,8,0.5087707013838418,0.22086642197155684,0.1150635455474702,0.065,0.6521,0.01595,0.33195,0.8291894084456878
0.0,0.2,0.4,0.4,hybrid,9,0.5037796340055101,0.23561786992296707,0.1191692966503637,0.095,0.6639,0.0173,0.3188,0.7300094257503175
0.0,0.2,0.4,0.4,hybrid,10,0.4783554051954107,0.1839207226568658,0.09073455018917614,0.06,0.6877,0.01345,0.29885,0.7703150331678325
0.0,0.2,0.4,0.4,hybrid,11,0.5245057294818782,0.21918168149764,0.12600092323255233,0.095,0.6393,0.0192,0.3415,0.7839923197671723
0.0,0.2,0.4,0.4,hybrid,12,0.5092713362654364,0.23570764804354785,0.1310316647430258,0.085,0.64655,0.01845,0.335,0.8212910620200118
0.0,0.2,0.4,0.4,hybrid,13,0.525746492476239,0.23634013729207218,0.10311999567347599,0.07,0.65975,0.016,0.32425,0.7675629038496674
0.0,0.2,0.4,0.4,hybrid,14,0.49961878918402114,0.2096178243006366,0.11022995021222598,0.09,0.6609,0.01515,0.32395,0.7752130885025597
0.0,0.2,0.4,0.4,hybrid,15,0.49128662390873923,0.2499115199356237,0.11367606610408093,0.065,0.6639,0.01705,0.31905,0.8056804820023724
0.0,0.2,0.4,0.4,hybrid,16,0.5398227235682644,0.193791262316836,0.09821480077631929,0.065,0.667,0.0156,0.3174,0.775888681130989
0.0,0.2,0.4,0.4,hybrid,17,0.501087792958863,0.20746491250259586,0.11777799996279102,0.1,0.66245,0.0166,0.32095,0.7548531131650286
0.0,0.2,0.4,0.4,hybrid,18,0.5282595433746189,0.2258619565767691,0.12077643207613929,0.085,0.6474,0.0172,0.3354,0.8067966846391442
0.0,0.2,0.4,0.4,hybrid,19,0.4817971947725576,0.21256286852960332,0.10536989760509657,0.08,0.67845,0.0161,0.30545,0.763090268578512
0.0,0.2,0.4,0.4,hybrid,20,0.527119700541352,0.23983479535879546,0.13047015936803918,0.11,0.64365,0.01875,0.3376,0.7691326797414135
0.03,0.2,0.4,0.4,hybrid,1,0.5380338813570394,0.25325988275656075,0.1699830515771537,0.145,0.62435,0.02735,0.3483,0.774934932640871
0.03,0.2,0.4,0.4,hybrid,2,0.5039942537498406,0.25156193260203097,0.1735383596040549,0.15,0.6383,0.03075,0.33095,0.7430955170278696
0.03,0.2,0.4,0.4,hybrid,3,0.4890296296058673,0.2434315028803416,0.15913514100376594,0.135,0.661,0.02895,0.31005,0.7113494690927772
0.03,0.2,0.4,0.4,hybrid,4,0.5382270372131428,0.27041369312929275,0.17579099389066674,0.135,0.61225,0.02645,0.3613,0.8200070311656774
0.03,0.2,0.4,0.4,hybrid,5,0.5029302632833011,0.2507052306575591,0.1634582381144455,0.14,0.628,0.0273,0.3447,0.7656069494973291
0.03,0.2,0.4,0.4,hybrid,6,0.5186356672752157,0.2917907416447608,0.2115289429276608,0.195,0.60935,0.0373,0.35335,0.8156723118418177
0.03,0.2,0.4,0.4,hybrid,7,0.513637667411623,0.284252613491714,0.18066918767642595,0.15,0.64085,0.045,0.31415,0.7596729938662248
0.03,0.2,0.4,0.4,hybrid,8,0.5087707013838418,0.2752452485025621,0.1954463742702739,0.175,0.62505,0.0387,0.33625,0.7770064630373027
0.03,0.2,0.4,0.4,hybrid,9,0.5037796340055101,0.27010480548809074,0.17199042479090246,0.16,0.65295,0.03865,0.3084,0.6844435259044589
0.03,0.2,0.4,0.4,hybrid,10,0.4783554051954107,0.21766046911384337,0.13464678537074712,0.105,0.6686,0.02455,0.30685,0.7096131291039566
0.03,0.2,0.4,0.4,hybrid,11,0.5245057294818782,0.2694079725469043,0.1944592272269185,0.17,0.6177,0.03625,0.34605,0.7728012415386836
0.03,0.2,0.4,0.4,hybrid,12,0.5092713362654364,0.2837243683517595,0.1952470725295429,0.17,0.6307,0.04025,0.32905,0.7728855001493802
0.03,0.2,0.4,0.4,hybrid,13,0.525746492476239,0.2780303074325801,0.16045193918219133,0.125,0.6365,0.02805,0.33545,0.7702089736409811
0.03,0.2,0.4,0.4,hybrid,14,0.49961878918402114,0.25690747973090744,0.1718083220876226,0.155,0.6407,0.0319,0.3274,0.7309160440670022
0.03,0.2,0.4,0.4,hybrid,15,0.49128662390873923,0.2888648039479983,0.17271051104272517,0.145,0.64775,0.04375,0.3085,0.7391319447941438
0.03,0.2,0.4,0.4,hybrid,16,0.5398227235682644,0.24296456904498803,0.15282086828652997,0.125,0.6444,0.025,0.3306,0.7562980084350682
0.03,0.2,0.4,0.4,hybrid,17,0.501087792958863,0.24220335810114058,0.172358862145761,0.15,0.65045,0.0281,0.32145,0.7140684743882263
0.03,0.2,0.4,0.4,hybrid,18,0.5282595433746189,0.285529581347883,0.19116903836579538,0.155,0.6205,0.0362,0.3433,0.795203386822086
0.03,0.2,0.4,0.4,hybrid,19,0.4817971947725576,0.24677676963385015,0.15328171026551435,0.12,0.65775,0.02445,0.3178,0.7386402322420813
0.03,0.2,0.4,0.4,hybrid,20,0.527119700541352,0.29701354213799236,0.19441706309964915,0.175,0.6234,0.0478,0.3288,0.7712579630090247
0.06,0.2,0.4,0.4,hybrid,1,0.5380338813570394,0.29855279738435286,0.22499655081551706,0.2,0.59985,0.0483,0.35185,0.8096018489719002
0.06,0.2,0.4,0.4,hybrid,2,0.5039942537498406,0.2831216683004038,0.21458651601415618,0.185,0.6095,0.0511,0.3394,0.7663102665213414
0.06,0.2,0.4,0.4,hybrid,3,0.4890296296058673,0.2653772414175699,0.1834668589557397,0.165,0.64785,0.03765,0.3145,0.7074227548428117
0.06,0.2,0.4,0.4,hybrid,4,0.5382270372131428,0.2974991799207043,0.21865912523545902,0.195,0.5964,0.04815,0.35545,0.8136297235845055
0.06,0.2,0.4,0.4,hybrid,5,0.5029302632833011,0.2743091821709771,0.19788257293025197,0.165,0.6078,0.04205,0.35015,0.779641114651347
0.06,0.2,0.4,0.4,hybrid,6,0.5186356672752157,0.31540798074616716,0.25168712823765915,0.23,0.5975,0.06085,0.34165,0.8048359807202009
0.06,0.2,0.4,0.4,hybrid,7,0.513637667411623,0.30371029251144177,0.21849312460672793,0.2,0.6278,0.0565,0.3157,0.7377126802541208
0.06,0.2,0.4,0.4,hybrid,8,0.5087707013838418,0.34119636226743644,0.26172298446280434,0.23,0.60055,0.0745,0.32495,0.8176844094177641
0.06,0.2,0.4,0.4,hybrid,9,0.5037796340055101,0.27504340345790895,0.189988566055886,0.175,0.65055,0.0409,0.30855,0.699113396063634
0.06,0.2,0.4,0.4,hybrid,10,0.4783554051954107,0.24553078035094536,0.1748599679103618,0.145,0.6516,0.04625,0.30215,0.7210244310158366
0.06,0.2,0.4,0.4,hybrid,11,0.5245057294818782,0.2925592214339082,0.22436827223567676,0.2,0.6083,0.04825,0.34345,0.7801417138631456
0.06,0.2,0.4,0.4,hybrid,12,0.5092713362654364,0.3333297728093534,0.24433582606013562,0.215,0.62135,0.06995,0.3087,0.8003674114386665
0.06,0.2,0.4,0.4,hybrid,13,0.525746492476239,0.31631164790269073,0.2119906186246976,0.18,0.62385,0.05445,0.3217,0.7659922246582404
0.06,0.2,0.4,0.4,hybrid,14,0.49961878918402114,0.28133183452944155,0.2036171336030244,0.18,0.6257,0.0398,0.3345,0.7319211860218696
0.06,0.2,0.4,0.4,hybrid,15,0.49128662390873923,0.31881570678416815,0.2128232028400175,0.18,0.63485,0.06235,0.3028,0.7819639070913552
0.06,0.2,0.4,0.4,hybrid,16,0.5398227235682644,0.2708431148488917,0.190695727583361,0.17,0.6306,0.0379,0.3315,0.7571799810482284
0.06,0.2,0.4,0.4,hybrid,17,0.501087792958863,0.2688601532341704,0.20713355540242,0.185,0.6355,0.04645,0.31805,0.7257484225193622
0.06,0.2,0.4,0.4,hybrid,18,0.5282595433746189,0.3342225194901691,0.25829478869825506,0.225,0.60195,0.0631,0.33495,0.8088377669501755
0.06,0.2,0.4,0.4,hybrid,19,0.4817971947725576,0.28228210001320764,0.1905470851503637,0.155,0.63685,0.04585,0.3173,0.7552279616805975
0.06,0.2,0.4,0.4,hybrid,20,0.527119700541352,0.3172442914980868,0.22102262925233684,0.195,0.6089,0.0605,0.3306,0.7866773494302263
0.12,0.2,0.4,0.4,hybrid,1,0.5380338813570394,0.334604009720042,0.27027549065069595,0.25,0.5868,0.0757,0.3375,0.8398219838359937
0.12,0.2,0.4,0.4,hybrid,2,0.5039942537498406,0.31918586775831753,0.2644381649442997,0.25,0.6019,0.08375,0.31435,0.7726667761966696
0.12,0.2,0.4,0.4,hybrid,3,0.4890296296058673,0.2933873236555678,0.22594902180084328,0.21,0.62465,0.0599,0.31545,0.7488134043111
0.12,0.2,0.4,0.4,hybrid,4,0.5382270372131428,0.35507520643341367,0.29485257144968324,0.285,0.57135,0.09175,0.3369,0.8496202520879788
0.12,0.2,0.4,0.4,hybrid,5,0.5029302632833011,0.31437306717322294,0.25033433781360404,0.235,0.59065,0.06995,0.3394,0.7982978389053681
0.12,0.2,0.4,0.4,hybrid,6,0.5186356672752157,0.37638593358083855,0.30909790968320827,0.295,0.57285,0.09135,0.3358,0.849018396777785
0.12,0.2,0.4,0.4,hybrid,7,0.513637667411623,0.35636265057939476,0.2750280945855096,0.26,0.6052,0.0831,0.3117,0.7891543539606722
0.12,0.2,0.4,0.4,hybrid,8,0.5087707013838418,0.3319060900165194,0.2779050054563801,0.26,0.59385,0.0777,0.32845,0.8097205603387813
0.12,0.2,0.4,0.4,hybrid,9,0.5037796340055101,0.3075284033568857,0.24779352515804276,0.235,0.61755,0.0636,0.31885,0.7622139262702522
0.12,0.2,0.4,0.4,hybrid,10,0.4783554051954107,0.27982307274532486,0.2150769693629323,0.19,0.62865,0.0564,0.31495,0.7357902669562703
0.12,0.2,0.4,0.4,hybrid,11,0.5245057294818782,0.3348721737512838,0.27877210390507506,0.265,0.5844,0.08165,0.33395,0.8177200312766293
0.12,0.2,0.4,0.4,hybrid,12,0.5092713362654364,0.3504982631548842,0.2795118138994139,0.255,0.5903,0.0871,0.3226,0.823513448514415
0.12,0.2,0.4,0.4,hybrid,13,0.525746492476239,0.35285718327266485,0.2524050982119638,0.235,0.6057,0.0801,0.3142,0.7806034104421439
0.12,0.2,0.4,0.4,hybrid,14,0.49961878918402114,0.3192139447439459,0.24455329654339866,0.225,0.60905,0.0585,0.33245,0.7730419875062288
0.12,0.2,0.4,0.4,hybrid,15,0.49128662390873923,0.3533856336801556,0.26559184770259775,0.24,0.61235,0.08455,0.3031,0.7838969807214474
0.12,0.2,0.4,0.4,hybrid,16,0.5398227235682644,0.2950297640956358,0.2368676985116678,0.22,0.6127,0.0793,0.308,0.7573550596084027
0.12,0.2,0.4,0.4,hybrid,17,0.501087792958863,0.3114032287955666,0.25405096776328157,0.24,0.6195,0.07305,0.30745,0.7545102672371055
0.12,0.2,0.4,0.4,hybrid,18,0.5282595433746189,0.367646782077162,0.3170817519357423,0.3,0.56865,0.11115,0.3202,0.8401083914522841
0.12,0.2,0.4,0.4,hybrid,19,0.4817971947725576,0.33549236883909844,0.25050008928016915,0.225,0.61925,0.07885,0.3019,0.7802692657844349
0.12,0.2,0.4,0.4,hybrid,20,0.527119700541352,0.392492261061547,0.30726358666428916,0.28,0.57465,0.08975,0.3356,0.8659963214463439
0.0,0.5,0.4,0.4,hybrid,1,0.5380338813570394,0.36393052194468056,0.18481301345760923,0.065,0.4923,0.07875,0.42895,1.5919270999457495
0.0,0.5,0.4,0.4,hybrid,2,0.5039942537498406,0.3510192577089668,0.18171460117581342,0.105,0.4856,0.0816,0.4328,1.419043915528868
0.0,0.5,0.4,0.4,hybrid,3,0.4890296296058673,0.33908571200061643,0.16764938958117334,0.08,0.4965,0.07445,0.42905,1.4699324727143162
0.0,0.5,0.4,0.4,hybrid,4,0.5382270372131428,0.3807008820373287,0.1968789285188546,0.09,0.4729,0.0828,0.4443,1.6546157143657376
0.0,0.5,0.4,0.4,hybrid,5,0.5029302632833011,0.35264543360799444,0.18449038572023937,0.105,0.48315,0.0813,0.43555,1.4378546969526043
0.0,0.5,0.4,0.4,hybrid,6,0.5186356672752157,0.36772497670115206,0.19592632840368382,0.11,0.4728,0.083,0.4442,1.4936592030124005
0.0,0.5,0.4,0.4,hybrid,7,0.513637667411623,0.363551786049679,0.18319580307963243,0.105,0.4932,0.0795,0.4273,1.4387933032293727
0.0,0.5,0.4,0.4,hybrid,8,0.5087707013838418,0.35373647875736497,0.17884230396792575,0.075,0.48335,0.07795,0.4387,1.5170405765676542
0.0,0.5,0.4,0.4,hybrid,9,0.5037796340055101,0.34932038803264087,0.18451098816369949,0.1,0.49315,0.0753,0.43155,1.393619795805253
0.0,0.5,0.4,0.4,hybrid,10,0.4783554051954107,0.32739544096806283,0.16403569639759744,0.06,0.50235,0.07465,0.423,1.3680017712385228
0.0,0.5,0.4,0.4,hybrid,11,0.5245057294818782,0.3744902333601234,0.2015411632144097,0.105,0.4776,0.08185,0.44055,1.5141580863482003
0.0,0.5,0.4,0.4,hybrid,12,0.5092713362654364,0.3552302449784856,0.1877261925612148,0.095,0.4777,0.0819,0.4404,1.393836510335217
0.0,0.5,0.4,0.4,hybrid,13,0.525746492476239,0.3652264902215141,0.1821482915107152,0.08,0.48925,0.07835,0.4324,1.5297388306319402
0.0,0.5,0.4,0.4,hybrid,14,0.49961878918402114,0.34140155385990867,0.17348051559509733,0.095,0.48465,0.08085,0.4345,1.389153191009888
0.0,0.5,0.4,0.4,hybrid,15,0.49128662390873923,0.3521234679132488,0.17405677147897036,0.075,0.4861,0.0759,0.438,1.4207088072399894
0.0,0.5,0.4,0.4,hybrid,16,0.5398227235682644,0.36852427545961397,0.18740420777674885,0.08,0.4901,0.07735,0.43255,1.5679941503414105
0.0,0.5,0.4,0.4,hybrid,17,0.501087792958863,0.3407210820933348,0.17543678281306427,0.105,0.49285,0.07555,0.4316,1.398633290840483
0.0,0.5,0.4,0.4,hybrid,18,0.5282595433746189,0.3642757752345095,0.1891919346698598,0.09,0.48185,0.08115,0.437,1.5269613545586382
0.0,0.5,0.4,0.4,hybrid,19,0.4817971947725576,0.34495160222186405,0.17219720768409935,0.085,0.4906,0.0753,0.4341,1.4360826179755566
0.0,0.5,0.4,0.4,hybrid,20,0.527119700541352,0.38185840642322605,0.20081879890538545,0.105,0.4759,0.08325,0.44085,1.498159275523796
0.03,0.5,0.4,0.4,hybrid,1,0.5380338813570394,0.5366184832615805,0.4011024455580568,0.31,0.40975,0.1192,0.47105,1.5953440821522706
0.03,0.5,0.4,0.4,hybrid,2,0.5039942537498406,0.49659499616058506,0.36351509267748555,0.265,0.4207,0.1169,0.4624,1.4412201812127197
0.03,0.5,0.4,0.4,hybrid,3,0.4890296296058673,0.49555269415318015,0.34676463076639746,0.26,0.42605,0.1107,0.46325,1.5424975318235115
0.03,0.5,0.4,0.4,hybrid,4,0.5382270372131428,0.5478507084713233,0.40625535290433895,0.315,0.4055,0.11585,0.47865,1.652156620904941
0.03,0.5,0.4,0.4,hybrid,5,0.5029302632833011,0.5165107376845577,0.37181744036281006,0.27,0.4129,0.114,0.4731,1.5873792750407916
0.03,0.5,0.4,0.4,hybrid,6,0.5186356672752157,0.5317730626070145,0.40966453763921834,0.32,0.40495,0.12275,0.4723,1.4938178363057373
0.03,0.5,0.4,0.4,hybrid,7,0.513637667411623,0.5174342089900976,0.3705982046558194,0.27,0.42305,0.12105,0.4559,1.5125652131822243
0.03,0.5,0.4,0.4,hybrid,8,0.5087707013838418,0.5255771400680482,0.38977128450118653,0.305,0.4126,0.11855,0.46885,1.5325905402624
0.03,0.5,0.4,0.4,hybrid,9,0.5037796340055101,0.47417858670001445,0.33696494633359053,0.24,0.4374,0.10685,0.45575,1.4068787209835951
0.03,0.5,0.4,0.4,hybrid,10,0.4783554051954107,0.4741936906866836,0.3310016189362438,0.235,0.4351,0.10685,0.45805,1.4379109573103557
0.03,0.5,0.4,0.4,hybrid,11,0.5245057294818782,0.5243194371750522,0.3883292930249893,0.285,0.41115,0.1144,0.47445,1.5489627848669452
0.03,0.5,0.4,0.4,hybrid,12,0.5092713362654364,0.5192643443882464,0.3804610292096534,0.285,0.4167,0.1163,0.467,1.5287569183530143
0.03,0.5,0.4,0.4,hybrid,13,0.525746492476239,0.5149346753568501,0.3671727342353006,0.265,0.4165,0.11325,0.47025,1.4971517528615197
0.03,0.5,0.4,0.4,hybrid,14,0.49961878918402114,0.48590013789948017,0.3461164012272599,0.26,0.4256,0.1075,0.4669,1.4178454721574438
0.03,0.5,0.4,0.4,hybrid,15,0.49128662390873923,0.4952822708307737,0.35658218520106344,0.28,0.4295,0.117,0.4535,1.4111652911898163
0.03,0.5,0.4,0.4,hybrid,16,0.5398227235682644,0.5154166315725615,0.36786717926035706,0.27,0.42565,0.11495,0.4594,1.5996015275615492
0.03,0.5,0.4,0.4,hybrid,17,0.501087792958863,0.48929300216554694,0.3538464272671093,0.27,0.4299,0.10795,0.46215,1.4432729101333575
0.03,0.5,0.4,0.4,hybrid,18,0.5282595433746189,0.5331860563375037,0.40435533240833743,0.325,0.41435,0.1271,0.45855,1.5081117763385212
0.03,0.5,0.4,0.4,hybrid,19,0.4817971947725576,0.4750483110776449,0.33150789914347994,0.245,0.43145,0.1066,0.46195,1.4388778038533807
0.03,0.5,0.4,0.4,hybrid,20,0.527119700541352,0.5361092923765799,0.402346505959325,0.32,0.41325,0.1276,0.45915,1.4945696724769186
0.06,0.5,0.4,0.4,hybrid,1,0.5380338813570394,0.6470736181395756,0.5458177009833518,0.51,0.3642,0.1508,0.485,1.810720723896028
0.06,0.5,0.4,0.4,hybrid,2,0.5039942537498406,0.6126963740720696,0.5029927967543527,0.44,0.3651,0.15915,0.47575,1.7071119927050447
0.06,0.5,0.4,0.4,hybrid,3,0.4890296296058673,0.6171673516175783,0.49557260227667727,0.43,0.3712,0.1555,0.4733,1.7951210977121064
0.06,0.5,0.4,0.4,hybrid,4,0.5382270372131428,0.6858003537304228,0.5917757389903351,0.555,0.34185,0.1719,0.48625,1.9586453371602173
0.06,0.5,0.4,0.4,hybrid,5,0.5029302632833011,0.6582121913039752,0.5515116347606076,0.51,0.3391,0.1723,0.4886,1.9142971024567634
0.06,0.5,0.4,0.4,hybrid,6,0.5186356672752157,0.6367362526166478,0.5398200401971274,0.48,0.35125,0.15665,0.4921,1.7392919178256319
0.06,0.5,0.4,0.4,hybrid,7,0.513637667411623,0.6399500884579591,0.5290538583511295,0.475,0.3657,0.16715,0.46715,1.8501011204988338
0.06,0.5,0.4,0.4,hybrid,8,0.5087707013838418,0.651785302296247,0.5458911650865229,0.475,0.34805,0.17455,0.4774,1.8743887593754414
0.06,0.5,0.4,0.4,hybrid,9,0.5037796340055101,0.5900477224427346,0.47179719283764826,0.41,0.3851,0.13565,0.47925,1.6753336644569008
0.06,0.5,0.4,0.4,hybrid,10,0.4783554051954107,0.6045335242742016,0.48759959325254415,0.415,0.37835,0.1602,0.46145,1.7166545662955173
0.06,0.5,0.4,0.4,hybrid,11,0.5245057294818782,0.6426326345512011,0.5358677617100475,0.47,0.35195,0.15605,0.492,1.8237194380287582
0.06,0.5,0.4,0.4,hybrid,12,0.5092713362654364,0.6264493833482929,0.5182306596486859,0.47,0.3663,0.1598,0.4739,1.744054717139882
0.06,0.5,0.4,0.4,hybrid,13,0.525746492476239,0.646630123543779,0.5319540143123476,0.485,0.36135,0.1485,0.49015,1.8029382579328266
0.06,0.5,0.4,0.4,hybrid,14,0.49961878918402114,0.6034517932759809,0.4874716543271292,0.445,0.3759,0.14185,0.48225,1.68514925852096
0.06,0.5,0.4,0.4,hybrid,15,0.49128662390873923,0.637627582457169,0.5230528950985974,0.465,0.3726,0.1572,0.4702,1.7472231487880598
0.06,0.5,0.4,0.4,hybrid,16,0.5398227235682644,0.6438502839090199,0.5251190820687237,0.445,0.37035,0.1512,0.47845,1.8749558866539102
0.06,0.5,0.4,0.4,hybrid,17,0.501087792958863,0.6092509001062525,0.48944624992225383,0.41,0.38535,0.13715,0.4775,1.7692217987136571
0.06,0.5,0.4,0.4,hybrid,18,0.5282595433746189,0.6605214181544917,0.5530164562128991,0.49,0.35315,0.1513,0.49555,1.8944513202337987
0.06,0.5,0.4,0.4,hybrid,19,0.4817971947725576,0.6203268720641032,0.5084709460696523,0.435,0.3797,0.15765,0.46265,1.748189171282833
0.06,0.5,0.4,0.4,hybrid,20,0.527119700541352,0.6635273927484354,0.5561744824583131,0.485,0.345,0.1634,0.4916,1.8038506733256745
0.12,0.5,0.4,0.4,hybrid,1,0.5380338813570394,0.7936547299219954,0.7194250775044657,0.69,0.2839,0.22185,0.49425,2.652352838321075
0.12,0.5,0.4,0.4,hybrid,2,0.5039942537498406,0.8060728918644426,0.7315944490595808,0.735,0.28025,0.2172,0.50255,2.728886145065365
0.12,0.5,0.4,0.4,hybrid,3,0.4890296296058673,0.8093340931433355,0.7274650879984443,0.675,0.2777,0.2237,0.4986,2.913984333700317
0.12,0.5,0.4,0.4,hybrid,4,0.5382270372131428,0.8049605957661491,0.7370622220751648,0.71,0.28465,0.2108,0.50455,2.6517653144189324
0.12,0.5,0.4,0.4,hybrid,5,0.5029302632833011,0.8053597553695832,0.7331535632586095,0.72,0.26945,0.24735,0.4832,2.767965210682464
0.12,0.5,0.4,0.4,hybrid,6,0.5186356672752157,0.8005323234550465,0.7219238100094643,0.725,0.28185,0.21205,0.5061,2.7558670274939914
0.12,0.5,0.4,0.4,hybrid,7,0.513637667411623,0.8182375976168288,0.7339364970634523,0.695,0.2951,0.2466,0.4583,3.1057226758426446
0.12,0.5,0.4,0.4,hybrid,8,0.5087707013838418,0.8038538183888596,0.7258097091024215,0.695,0.27765,0.22685,0.4955,2.8178155930766553
0.12,0.5,0.4,0.4,hybrid,9,0.5037796340055101,0.7927227581969691,0.7134606107837408,0.7,0.28905,0.22255,0.4884,2.711954144832597
0.12,0.5,0.4,0.4,hybrid,10,0.4783554051954107,0.7461693264952904,0.6507530822207195,0.62,0.303,0.20115,0.49585,2.435240861360735
0.12,0.5,0.4,0.4,hybrid,11,0.5245057294818782,0.8170576583413927,0.7477259643654749,0.735,0.2672,0.2223,0.5105,2.8863960279143828
0.12,0.5,0.4,0.4,hybrid,12,0.5092713362654364,0.7879157240395116,0.7094458182181321,0.675,0.28605,0.21225,0.5017,2.593376415156811
0.12,0.5,0.4,0.4,hybrid,13,0.525746492476239,0.8024284361553066,0.7263433969982773,0.705,0.28845,0.2142,0.49735,2.4859623577465197
0.12,0.5,0.4,0.4,hybrid,14,0.49961878918402114,0.8183404111820445,0.749654769436743,0.745,0.27735,0.2431,0.47955,2.8889129416878987
0.12,0.5,0.4,0.4,hybrid,15,0.49128662390873923,0.812736770488705,0.7368668999908445,0.715,0.2912,0.2315,0.4773,2.552793091915329
0.12,0.5,0.4,0.4,hybrid,16,0.5398227235682644,0.8014257250553417,0.7170457390866524,0.68,0.2984,0.21265,0.48895,2.6114766342318747
0.12,0.5,0.4,0.4,hybrid,17,0.501087792958863,0.7903798840659035,0.714939912145399,0.725,0.292,0.21085,0.49715,2.6344403680884243
0.12,0.5,0.4,0.4,hybrid,18,0.5282595433746189,0.8037552716137135,0.731498233148752,0.725,0.28005,0.21,0.50995,2.7508947544127196
0.12,0.5,0.4,0.4,hybrid,19,0.4817971947725576,0.7856812972508516,0.7058983507100345,0.7,0.28915,0.21735,0.4935,2.6184615305614662
0.12,0.5,0.4,0.4,hybrid,20,0.527119700541352,0.8230499726456643,0.7487845571426385,0.73,0.27385,0.23755,0.4886,2.953766217896921
0.0,1.0,0.4,0.4,hybrid,1,0.5380338813570394,0.4525592390533217,0.2662854418963984,0.09,0.4023,0.1649,0.4328,1.8263348664294161
0.0,1.0,0.4,0.4,hybrid,2,0.5039942537498406,0.43055877352555827,0.2619754004275542,0.155,0.41015,0.1668,0.42305,1.5526052823949963
0.0,1.0,0.4,0.4,hybrid,3,0.4890296296058673,0.42786319998174066,0.24379422433133327,0.13,0.40365,0.1626,0.43375,1.7173499256732294
0.0,1.0,0.4,0.4,hybrid,4,0.5382270372131428,0.4733803516852457,0.2834721223475375,0.135,0.3986,0.16675,0.43465,1.9415700047429485
0.0,1.0,0.4,0.4,hybrid,5,0.5029302632833011,0.43286625928572775,0.2598706452360044,0.15,0.3995,0.1682,0.4323,1.603358355298548
0.0,1.0,0.4,0.4,hybrid,6,0.5186356672752157,0.44610349493720747,0.2718408037686925,0.15,0.3978,0.1691,0.4331,1.6490972226294471
0.0,1.0,0.4,0.4,hybrid,7,0.513637667411623,0.43978380188840793,0.2558828576231528,0.175,0.41325,0.1646,0.42215,1.6400034605914133
0.0,1.0,0.4,0.4,hybrid,8,0.5087707013838418,0.4396826324028953,0.2578176343053238,0.15,0.3998,0.1658,0.4344,1.7283686592879755
0.0,1.0,0.4,0.4,hybrid,9,0.5037796340055101,0.4311701494588835,0.2568422760954687,0.145,0.41115,0.16115,0.4277,1.61919774718967
0.0,1.0,0.4,0.4,hybrid,10,0.4783554051954107,0.41231889466875743,0.23537581455320847,0.11,0.41205,0.1581,0.42985,1.5990643256566652
0.0,1.0,0.4,0.4,hybrid,11,0.5245057294818782,0.4556109427507738,0.2766363048721553,0.145,0.4108,0.16855,0.42065,1.7235862937448605
0.0,1.0,0.4,0.4,hybrid,12,0.5092713362654364,0.4333023398765103,0.25782940201696525,0.125,0.3975,0.1666,0.4359,1.5920445890845842
0.0,1.0,0.4,0.4,hybrid,13,0.525746492476239,0.44530525730271636,0.2574547740720593,0.16,0.40425,0.16325,0.4325,1.6992624958604643
0.0,1.0,0.4,0.4,hybrid,14,0.49961878918402114,0.42761201745236677,0.25246905276230536,0.12,0.4135,0.1663,0.4202,1.5741126984684302
0.0,1.0,0.4,0.4,hybrid,15,0.49128662390873923,0.4280547531993776,0.24229742025639786,0.14,0.40205,0.16355,0.4344,1.6117755439652817
0.0,1.0,0.4,0.4,hybrid,16,0.5398227235682644,0.45058485420841576,0.2657889419658325,0.125,0.41645,0.1623,0.42125,1.685644377788626
0.0,1.0,0.4,0.4,hybrid,17,0.501087792958863,0.42658361561934965,0.2558738426596366,0.14,0.41055,0.16405,0.4254,1.5682437970904042
0.0,1.0,0.4,0.4,hybrid,18,0.5282595433746189,0.4644069777864827,0.28004890735259846,0.12,0.4004,0.1672,0.4324,1.778295029753068
0.0,1.0,0.4,0.4,hybrid,19,0.4817971947725576,0.41464964187501124,0.23867995976647702,0.135,0.41165,0.16315,0.4252,1.5746489775127936
0.0,1.0,0.4,0.4,hybrid,20,0.527119700541352,0.46317023579389854,0.28372002353234166,0.17,0.4063,0.16895,0.42475,1.6394349013432434
0.03,1.0,0.4,0.4,hybrid,1,0.5380338813570394,0.7708424577142116,0.6723436534831336,0.665,0.32765,0.2207,0.45165,2.7301175653814758
0.03,1.0,0.4,0.4,hybrid,2,0.5039942537498406,0.7034893881922283,0.5907883162445136,0.585,0.3384,0.21005,0.45155,2.158506839749813
0.03,1.0,0.4,0.4,hybrid,3,0.4890296296058673,0.715976109300119,0.594414493476969,0.56,0.3389,0.2094,0.4517,2.4028793341399663
0.03,1.0,0.4,0.4,hybrid,4,0.5382270372131428,0.7700444793426178,0.6648973389862911,0.645,0.32105,0.2205,0.45845,2.8507746648421817
0.03,1.0,0.4,0.4,hybrid,5,0.5029302632833011,0.7317468916317121,0.6233897772352259,0.6,0.3209,0.2205,0.4586,2.463217705207066
0.03,1.0,0.4,0.4,hybrid,6,0.5186356672752157,0.7322018358657658,0.6264887148387576,0.6,0.3298,0.21575,0.45445,2.4343032212245914
0.03,1.0,0.4,0.4,hybrid,7,0.513637667411623,0.723399189309323,0.6046947049309488,0.61,0.34895,0.2126,0.43845,2.3180292742411184
0.03,1.0,0.4,0.4,hybrid,8,0.5087707013838418,0.732807345912102,0.62300521006634,0.605,0.3374,0.214,0.4486,2.4979686747810668
0.03,1.0,0.4,0.4,hybrid,9,0.5037796340055101,0.6774673587803838,0.5592472220651198,0.54,0.35395,0.1997,0.44635,2.139403988340632
0.03,1.0,0.4,0.4,hybrid,10,0.4783554051954107,0.6906473672997763,0.5708321573295656,0.56,0.3481,0.205,0.4469,2.1493101915926096
0.03,1.0,0.4,0.4,hybrid,11,0.5245057294818782,0.7362629976521993,0.6338266214048788,0.595,0.32815,0.2169,0.45495,2.4016390514994446
0.03,1.0,0.4,0.4,hybrid,12,0.5092713362654364,0.7325617976979292,0.6168723004361304,0.59,0.3331,0.2141,0.4528,2.4066085836402995
0.03,1.0,0.4,0.4,hybrid,13,0.525746492476239,0.7513736806123867,0.6397891894908573,0.68,0.3361,0.2139,0.45,2.4969703964079253
0.03,1.0,0.4,0.4,hybrid,14,0.49961878918402114,0.7107169402619062,0.5957852380176318,0.62,0.34155,0.20765,0.4508,2.207537936982442
0.03,1.0,0.4,0.4,hybrid,15,0.49128662390873923,0.7076416930562879,0.5885553646726964,0.575,0.34605,0.2067,0.44725,2.2119037342939083
0.03,1.0,0.4,0.4,hybrid,16,0.5398227235682644,0.7627077848475625,0.652376901848869,0.66,0.3428,0.21625,0.44095,2.52055137047289
0.03,1.0,0.4,0.4,hybrid,17,0.501087792958863,0.7109409946422861,0.5971630400981464,0.575,0.35245,0.20405,0.4435,2.3515247690462475
0.03,1.0,0.4,0.4,hybrid,18,0.5282595433746189,0.7512177098379931,0.6478023054927969,0.63,0.334,0.218,0.448,2.6018474650265473
0.03,1.0,0.4,0.4,hybrid,19,0.4817971947725576,0.7021143946316283,0.5843772819570533,0.545,0.34195,0.21015,0.4479,2.2776683904362836
0.03,1.0,0.4,0.4,hybrid,20,0.527119700541352,0.7393535728336181,0.6273114733752585,0.625,0.33005,0.2173,0.45265,2.4169478740820756
0.06,1.0,0.4,0.4,hybrid,1,0.5380338813570394,0.8965352260678714,0.8395838420599854,0.905,0.28985,0.24445,0.4657,4.26064290191903
0.06,1.0,0.4,0.4,hybrid,2,0.5039942537498406,0.8735912702776878,0.8096006303839005,0.855,0.29385,0.2572,0.44895,3.8875627360351697
0.06,1.0,0.4,0.4,hybrid,3,0.4890296296058673,0.8849509828807459,0.8265012177855279,0.865,0.29155,0.25245,0.456,4.397395218696597
0.06,1.0,0.4,0.4,hybrid,4,0.5382270372131428,0.8857650836699105,0.8299324243410031,0.88,0.28515,0.2578,0.45705,4.186067015987654
0.06,1.0,0.4,0.4,hybrid,5,0.5029302632833011,0.872191135633686,0.8081370811557633,0.835,0.28705,0.25775,0.4552,3.7863482935817654
0.06,1.0,0.4,0.4,hybrid,6,0.5186356672752157,0.876628524908075,0.8135613741684784,0.855,0.28755,0.2506,0.46185,4.157552951998506
0.06,1.0,0.4,0.4,hybrid,7,0.513637667411623,0.8747157059579361,0.813598504095307,0.88,0.3036,0.25795,0.43845,3.9014273970575366
0.06,1.0,0.4,0.4,hybrid,8,0.5087707013838418,0.8838946044971243,0.8242574491483614,0.875,0.29515,0.25325,0.4516,3.961281505170677
0.06,1.0,0.4,0.4,hybrid,9,0.5037796340055101,0.8644694771724073,0.7972848940945427,0.875,0.30535,0.24205,0.4526,3.8556606854437088
0.06,1.0,0.4,0.4,hybrid,10,0.4783554051954107,0.8719478356160281,0.8117351915868269,0.87,0.29525,0.247,0.45775,3.9321963383968734
0.06,1.0,0.4,0.4,hybrid,11,0.5245057294818782,0.8957941337775515,0.839177683204413,0.875,0.2818,0.2551,0.4631,4.5896138469705905
0.06,1.0,0.4,0.4,hybrid,12,0.5092713362654364,0.8893249231998314,0.8280128388253015,0.875,0.29145,0.2504,0.45815,3.6282835670063047
0.06,1.0,0.4,0.4,hybrid,13,0.525746492476239,0.896300467907185,0.8359171038308435,0.88,0.30085,0.2554,0.44375,3.5728591892545856
0.06,1.0,0.4,0.4,hybrid,14,0.49961878918402114,0.8492293433589009,0.7804696112185713,0.84,0.30345,0.2524,0.44415,3.267722419332845
0.06,1.0,0.4,0.4,hybrid,15,0.49128662390873923,0.8774358945036841,0.8150041973357939,0.875,0.29755,0.25125,0.4512,3.555698587675059
0.06,1.0,0.4,0.4,hybrid,16,0.5398227235682644,0.8865131696742867,0.8225871020634103,0.895,0.30745,0.245,0.44755,3.7149310509870017
0.06,1.0,0.4,0.4,hybrid,17,0.501087792958863,0.8645339959538733,0.7997460973180083,0.845,0.2957,0.2513,0.453,3.7800521150526896
0.06,1.0,0.4,0.4,hybrid,18,0.5282595433746189,0.8989321141981637,0.8343430560059281,0.885,0.29485,0.2408,0.46435,4.687152095511349
0.06,1.0,0.4,0.4,hybrid,19,0.4817971947725576,0.8604119666801552,0.791829324034583,0.835,0.29525,0.243,0.46175,3.597383755255056
0.06,1.0,0.4,0.4,hybrid,20,0.527119700541352,0.8848663670380124,0.82488570647383,0.865,0.3049,0.26135,0.43375,3.4490450180197314
0.12,1.0,0.4,0.4,hybrid,1,0.5380338813570394,0.9530773154502594,0.9175116165818141,0.965,0.2728,0.2728,0.4544,9.306416169052682
0.12,1.0,0.4,0.4,hybrid,2,0.5039942537498406,0.9468333643294407,0.8980793630455038,0.965,0.27035,0.27395,0.4557,3.2561111303570485
0.12,1.0,0.4,0.4,hybrid,3,0.4890296296058673,0.9618167890084937,0.928616162569484,0.98,0.2661,0.28615,0.44775,4.7904774836661295
0.12,1.0,0.4,0.4,hybrid,4,0.5382270372131428,0.9548659842847707,0.9166859598226259,0.95,0.2744,0.26915,0.45645,3.955201793137702
0.12,1.0,0.4,0.4,hybrid,5,0.5029302632833011,0.9508443273520051,0.9167344667218035,0.96,0.2572,0.27845,0.46435,8.481004254785528
0.12,1.0,0.4,0.4,hybrid,6,0.5186356672752157,0.9496028710280591,0.9160964102913729,0.96,0.28015,0.2627,0.45715,6.225758018170105
0.12,1.0,0.4,0.4,hybrid,7,0.513637667411623,0.9527494457415192,0.9093612458845137,0.965,0.28645,0.28795,0.4256,3.0539760185998377
0.12,1.0,0.4,0.4,hybrid,8,0.5087707013838418,0.953144032410214,0.9107376923808195,0.97,0.27555,0.2701,0.45435,3.4630790525241473
0.12,1.0,0.4,0.4,hybrid,9,0.5037796340055101,0.9557053881211559,0.917742837639002,0.97,0.2715,0.27655,0.45195,7.853850823949441
0.12,1.0,0.4,0.4,hybrid,10,0.4783554051954107,0.9482089095586786,0.9005993267142967,0.965,0.2791,0.26325,0.45765,3.4063773363090846
0.12,1.0,0.4,0.4,hybrid,11,0.5245057294818782,0.9612157605735736,0.9281263625106972,0.955,0.2676,0.27375,0.45865,4.781986193134343
0.12,1.0,0.4,0.4,hybrid,12,0.5092713362654364,0.9669408815402639,0.9369238781022391,0.98,0.27515,0.26665,0.4582,4.431969745531912
0.12,1.0,0.4,0.4,hybrid,13,0.525746492476239,0.9499304220424918,0.9061510191476756,0.98,0.2877,0.2649,0.4474,3.366566143843843
0.12,1.0,0.4,0.4,hybrid,14,0.49961878918402114,0.9462913833266383,0.9068464800597178,0.95,0.2676,0.273,0.4594,4.975685930577851
0.12,1.0,0.4,0.4,hybrid,15,0.49128662390873923,0.9535065376988764,0.9114015472023792,0.98,0.2835,0.28355,0.43295,3.0570298625366332
0.12,1.0,0.4,0.4,hybrid,16,0.5398227235682644,0.9518960345003211,0.909403643095018,0.975,0.29035,0.2676,0.44205,3.9307621616876576
0.12,1.0,0.4,0.4,hybrid,17,0.501087792958863,0.9557431622803649,0.9187734329306312,0.99,0.2785,0.2707,0.4508,5.837457866108751
0.12,1.0,0.4,0.4,hybrid,18,0.5282595433746189,0.9536239926369435,0.913401364243636,0.99,0.2696,0.26355,0.46685,5.153771139962016
0.12,1.0,0.4,0.4,hybrid,19,0.4817971947725576,0.9574589530349644,0.9197073114994488,0.975,0.2766,0.27085,0.45255,3.421573077814843
0.12,1.0,0.4,0.4,hybrid,20,0.527119700541352,0.9646998356870273,0.9310727766109547,0.98,0.28035,0.27735,0.4423,3.4766371456233864
0.0,0.2,0.0,0.0,individual_baseline,1,0.5380338813570394,0.5295302162688453,0.3530081158315953,0.285,0.8658,0.00055,0.13365,1.9394058681096646
0.0,0.2,0.0,0.0,individual_baseline,2,0.5039942537498406,0.5282471676369499,0.37071175902009584,0.305,0.8641,0.00045,0.13545,1.730350432669875
0.0,0.2,0.0,0.0,individual_baseline,3,0.4890296296058673,0.48187118827538045,0.3118304586856906,0.24,0.8635,0.0008,0.1357,1.6826421765149557
0.0,0.2,0.0,0.0,individual_baseline,4,0.5382270372131428,0.5587641219664856,0.3817807792519153,0.315,0.85775,0.0006,0.14165,2.0757195558806925
0.0,0.2,0.0,0.0,individual_baseline,5,0.5029302632833011,0.488956449626502,0.3117348626582509,0.225,0.8522,0.00075,0.14705,1.8143560862109123
0.0,0.2,0.0,0.0,individual_baseline,6,0.5186356672752157,0.49888391774281404,0.3313874907371581,0.24,0.85675,0.00055,0.1427,1.7210911654349887
0.0,0.2,0.0,0.0,individual_baseline,7,0.513637667411623,0.5095307796741065,0.33951417524532873,0.29,0.8645,0.0004,0.1351,1.7221787561399862
0.0,0.2,0.0,0.0,individual_baseline,8,0.5087707013838418,0.5151448775681972,0.3433265511965456,0.255,0.85685,0.0005,0.14265,1.7669508743160924
0.0,0.2,0.0,0.0,individual_baseline,9,0.5037796340055101,0.48853468961551144,0.3331708157420737,0.29,0.8752,0.0004,0.1244,1.5852015934772994
0.0,0.2,0.0,0.0,individual_baseline,10,0.4783554051954107,0.48005935701016383,0.30851074111101917,0.2,0.8668,0.00045,0.13275,1.7003820482066874
0.0,0.2,0.0,0.0,individual_baseline,11,0.5245057294818782,0.5310684729421518,0.3642907207295062,0.3,0.85615,0.0005,0.14335,1.8304216550329935
0.0,0.2,0.0,0.0,individual_baseline,12,0.5092713362654364,0.5296083981058181,0.3581721357640458,0.29,0.86115,0.00045,0.1384,1.8070176574030143
0.0,0.2,0.0,0.0,individual_baseline,13,0.525746492476239,0.5340308450144018,0.3565256996409653,0.255,0.8588,0.00075,0.14045,1.8757099861136315
0.0,0.2,0.0,0.0,individual_baseline,14,0.49961878918402114,0.5026322666625684,0.3345895933970921,0.255,0.8599,0.0002,0.1399,1.6907947655158329
0.0,0.2,0.0,0.0,individual_baseline,15,0.49128662390873923,0.4927496627893769,0.3122937588410809,0.235,0.86015,0.00065,0.1392,1.728723176926259
0.0,0.2,0.0,0.0,individual_baseline,16,0.5398227235682644,0.5315917272701705,0.35612999565574655,0.26,0.8739,0.00055,0.12555,1.879403033961239
0.0,0.2,0.0,0.0,individual_baseline,17,0.501087792958863,0.5106324578086808,0.3440763382820171,0.27,0.86745,0.0004,0.13215,1.7594132184441011
0.0,0.2,0.0,0.0,individual_baseline,18,0.5282595433746189,0.5288580450541732,0.3594431868403373,0.265,0.866,0.00065,0.13335,1.862043771373487
0.0,0.2,0.0,0.0,individual_baseline,19,0.4817971947725576,0.4741270550217604,0.2972717852698378,0.215,0.8634,0.00065,0.13595,1.6739257779595473
0.0,0.2,0.0,0.0,individual_baseline,20,0.527119700541352,0.520935539432849,0.3465633479773233,0.29,0.86165,0.0005,0.13785,1.824410033872337
0.03,0.2,0.0,0.0,individual_baseline,1,0.5380338813570394,0.5262124458083551,0.3451979367281467,0.215,0.8651,0.00075,0.13415,1.9895431318241101
0.03,0.2,0.0,0.0,individual_baseline,2,0.5039942537498406,0.4905862140708064,0.3216870923125144,0.235,0.8603,0.0005,0.1392,1.6952718039434702
0.03,0.2,0.0,0.0,individual_baseline,3,0.4890296296058673,0.47679253934947036,0.2999108976718736,0.225,0.8558,0.0005,0.1437,1.7491950863349521
0.03,0.2,0.0,0.0,individual_baseline,4,0.5382270372131428,0.5402900429036813,0.3672962486342965,0.265,0.8628,0.0006,0.1366,1.9669393780553495
0.03,0.2,0.0,0.0,individual_baseline,5,0.5029302632833011,0.4803460050351578,0.31057599439978123,0.235,0.8526,0.0008,0.1466,1.699105136449505
0.03,0.2,0.0,0.0,individual_baseline,6,0.5186356672752157,0.5201330111812225,0.3495079229721311,0.26,0.8567,0.0006,0.1427,1.8509061255636252
0.03,0.2,0.0,0.0,individual_baseline,7,0.513637667411623,0.5035604785599825,0.33332698703628627,0.29,0.8631,0.00045,0.13645,1.7112630422673474
0.03,0.2,0.0,0.0,individual_baseline,8,0.5087707013838418,0.4987494565454742,0.330550145129594,0.26,0.8615,0.0004,0.1381,1.7234926220536793
0.03,0.2,0.0,0.0,individual_baseline,9,0.5037796340055101,0.5013950402915357,0.33715245262767907,0.265,0.8699,0.00035,0.12975,1.6912066670262162
0.03,0.2,0.0,0.0,individual_baseline,10,0.4783554051954107,0.4905323162407321,0.31330761113582023,0.21,0.86235,0.00075,0.1369,1.8175729969497476
0.03,0.2,0.0,0.0,individual_baseline,11,0.5245057294818782,0.5249155694441121,0.3625467220301364,0.295,0.8588,0.0003,0.1409,1.7783248332179928
0.03,0.2,0.0,0.0,individual_baseline,12,0.5092713362654364,0.4946709155564155,0.32945220212153103,0.275,0.86205,0.00015,0.1378,1.6896309892275492
0.03,0.2,0.0,0.0,individual_baseline,13,0.525746492476239,0.5178874180346872,0.3463737783921739,0.285,0.8624,0.00055,0.13705,1.686521663963641
0.03,0.2,0.0,0.0,individual_baseline,14,0.49961878918402114,0.5053157355483168,0.33762015168358034,0.27,0.85835,0.00065,0.141,1.7271193147669355
0.03,0.2,0.0,0.0,individual_baseline,15,0.49128662390873923,0.4775354055530306,0.30413201725672323,0.235,0.8595,0.0006,0.1399,1.6426159217328926
0.03,0.2,0.0,0.0,individual_baseline,16,0.5398227235682644,0.5222703792221757,0.34880230303323684,0.255,0.87505,0.0006,0.12435,1.882419503422361
0.03,0.2,0.0,0.0,individual_baseline,17,0.501087792958863,0.5057478315825158,0.34108397194217055,0.275,0.87165,0.00035,0.128,1.7316338978075008
0.03,0.2,0.0,0.0,individual_baseline,18,0.5282595433746189,0.5261142962420383,0.35137831374161377,0.285,0.86565,0.00045,0.1339,1.9143025053903842
0.03,0.2,0.0,0.0,individual_baseline,19,0.4817971947725576,0.49655596328420587,0.3275436554080848,0.245,0.8587,0.0006,0.1407,1.7383921726256444
0.03,0.2,0.0,0.0,individual_baseline,20,0.527119700541352,0.526678229190116,0.36009042973134187,0.315,0.8568,0.00045,0.14275,1.7463941316426832
0.06,0.2,0.0,0.0,individual_baseline,1,0.5380338813570394,0.5279355628412543,0.35893946715852887,0.275,0.8681,0.0007,0.1312,1.8695230063047434
0.06,0.2,0.0,0.0,individual_baseline,2,0.5039942537498406,0.5077634064870342,0.3410566919171931,0.24,0.8603,0.0005,0.1392,1.7507832335221751
0.06,0.2,0.0,0.0,individual_baseline,3,0.4890296296058673,0.47126177595313573,0.3064131046122987,0.25,0.85625,0.00035,0.1434,1.6152148165175795
0.06,0.2,0.0,0.0,individual_baseline,4,0.5382270372131428,0.5212045880624274,0.34545678418861686,0.255,0.8659,0.00065,0.13345,1.9099226061358345
0.06,0.2,0.0,0.0,individual_baseline,5,0.5029302632833011,0.48265244202463675,0.3130920500879679,0.22,0.85905,0.0004,0.14055,1.6959684887063127
0.06,0.2,0.0,0.0,individual_baseline,6,0.5186356672752157,0.5254007591888374,0.363394978951212,0.295,0.8691,0.00075,0.13015,1.776514057130415
0.06,0.2,0.0,0.0,individual_baseline,7,0.513637667411623,0.5082805846104579,0.34286980519546917,0.295,0.8666,0.0007,0.1327,1.6708130609603713
0.06,0.2,0.0,0.0,individual_baseline,8,0.5087707013838418,0.5165589647791693,0.3440622068262382,0.29,0.86055,0.00025,0.1392,1.8500926928771388
0.06,0.2,0.0,0.0,individual_baseline,9,0.5037796340055101,0.4875731717427109,0.3188157543521379,0.26,0.87395,0.00055,0.1255,1.705568545382919
0.06,0.2,0.0,0.0,individual_baseline,10,0.4783554051954107,0.49964913818519946,0.32249405956399696,0.225,0.86525,0.00045,0.1343,1.8066362997551864
0.06,0.2,0.0,0.0,individual_baseline,11,0.5245057294818782,0.5162832806005048,0.35342299017102446,0.29,0.8655,0.00085,0.13365,1.7487881737876791
0.06,0.2,0.0,0.0,individual_baseline,12,0.5092713362654364,0.5049071597297635,0.33735882434496484,0.265,0.86,0.00035,0.13965,1.7008597289456433
0.06,0.2,0.0,0.0,individual_baseline,13,0.525746492476239,0.5106703357555532,0.33612557745535837,0.245,0.85975,0.0006,0.13965,1.7677250379835643
0.06,0.2,0.0,0.0,individual_baseline,14,0.49961878918402114,0.49742571311326644,0.3269257180215046,0.23,0.85795,0.0005,0.14155,1.7224184031502996
0.06,0.2,0.0,0.0,individual_baseline,15,0.49128662390873923,0.48434419998223666,0.3032076374881221,0.21,0.85805,0.00105,0.1409,1.7341950628903093
0.06,0.2,0.0,0.0,individual_baseline,16,0.5398227235682644,0.51334083785094,0.348316323553879,0.255,0.8726,0.0004,0.127,1.7627945200640647
0.06,0.2,0.0,0.0,individual_baseline,17,0.501087792958863,0.5083064301800096,0.3405593014099878,0.26,0.8699,0.00035,0.12975,1.7709754428570117
0.06,0.2,0.0,0.0,individual_baseline,18,0.5282595433746189,0.528379376533859,0.34884296785448315,0.245,0.86115,0.0003,0.13855,1.9688320006211033
0.06,0.2,0.0,0.0,individual_baseline,19,0.4817971947725576,0.49318909016436974,0.3216740566070577,0.265,0.8666,0.0004,0.133,1.6735920170136382
0.06,0.2,0.0,0.0,individual_baseline,20,0.527119700541352,0.5303644270795642,0.35469978489372234,0.3,0.8642,0.0006,0.1352,1.8108034933651445
0.12,0.2,0.0,0.0,individual_baseline,1,0.5380338813570394,0.5434928637597897,0.37071532965914644,0.295,0.8616,0.0009,0.1375,1.9793566253664627
0.12,0.2,0.0,0.0,individual_baseline,2,0.5039942537498406,0.5070245838592988,0.34852702241553374,0.28,0.8633,0.0004,0.1363,1.6754252327213142
0.12,0.2,0.0,0.0,individual_baseline,3,0.4890296296058673,0.5006252992421109,0.3265250057100705,0.23,0.8572,0.0005,0.1423,1.8079567946926611
0.12,0.2,0.0,0.0,individual_baseline,4,0.5382270372131428,0.5293400993985579,0.3531082996692808,0.265,0.85995,0.00085,0.1392,1.9437456154914505
0.12,0.2,0.0,0.0,individual_baseline,5,0.5029302632833011,0.49802242144319675,0.3226408576274496,0.24,0.85455,0.00055,0.1449,1.8222708624345416
0.12,0.2,0.0,0.0,individual_baseline,6,0.5186356672752157,0.5220636763727019,0.35513228566587274,0.27,0.85885,0.0006,0.14055,1.8077350398733691
0.12,0.2,0.0,0.0,individual_baseline,7,0.513637667411623,0.5000862214846051,0.3314247019790845,0.29,0.86575,0.0005,0.13375,1.6212762794890467
0.12,0.2,0.0,0.0,individual_baseline,8,0.5087707013838418,0.5124799212487348,0.3392956747095777,0.255,0.85865,0.00035,0.141,1.7730206318895627
0.12,0.2,0.0,0.0,individual_baseline,9,0.5037796340055101,0.5073180046830637,0.3507095731892179,0.285,0.86745,0.00075,0.1318,1.6454509402224307
0.12,0.2,0.0,0.0,individual_baseline,10,0.4783554051954107,0.4742784931606405,0.3039830641801371,0.21,0.86555,0.0004,0.13405,1.6563569310933766
0.12,0.2,0.0,0.0,individual_baseline,11,0.5245057294818782,0.513588593226326,0.34600833890733823,0.275,0.8546,0.00045,0.14495,1.7916399974138142
0.12,0.2,0.0,0.0,individual_baseline,12,0.5092713362654364,0.508220696049967,0.3382280089387386,0.23,0.8614,0.00055,0.13805,1.722211802014928
0.12,0.2,0.0,0.0,individual_baseline,13,0.525746492476239,0.5095347014254298,0.3345619397563253,0.24,0.864,0.0007,0.1353,1.7025865069581052
0.12,0.2,0.0,0.0,individual_baseline,14,0.49961878918402114,0.4852024520858901,0.31644411382894694,0.23,0.86135,0.00075,0.1379,1.682495035643436
0.12,0.2,0.0,0.0,individual_baseline,15,0.49128662390873923,0.5013308000917699,0.3241503472002797,0.26,0.85555,0.00035,0.1441,1.6701912375110832
0.12,0.2,0.0,0.0,individual_baseline,16,0.5398227235682644,0.5388768060777696,0.3604607106656373,0.28,0.87485,0.0004,0.12475,1.9181996385205848
0.12,0.2,0.0,0.0,individual_baseline,17,0.501087792958863,0.49385133086164573,0.3233009805239733,0.23,0.8713,0.0005,0.1282,1.744599258150588
0.12,0.2,0.0,0.0,individual_baseline,18,0.5282595433746189,0.5136508568601126,0.34000821310897567,0.25,0.86365,0.00065,0.1357,1.8528898114382317
0.12,0.2,0.0,0.0,individual_baseline,19,0.4817971947725576,0.4898170215152131,0.3196502038544751,0.245,0.86115,0.0006,0.13825,1.733441534064756
0.12,0.2,0.0,0.0,individual_baseline,20,0.527119700541352,0.5258068988082262,0.354170590960337,0.29,0.86375,0.0004,0.13585,1.7721108429224566
0.0,0.5,0.0,0.0,individual_baseline,1,0.5380338813570394,0.5531937353303933,0.38764964265641166,0.335,0.60035,0.041,0.35865,1.9392441923115478
0.0,0.5,0.0,0.0,individual_baseline,2,0.5039942537498406,0.5273907459054759,0.3804089284335434,0.36,0.6089,0.0447,0.3464,1.648786293199753
0.0,0.5,0.0,0.0,individual_baseline,3,0.4890296296058673,0.506607001519816,0.35028307408915876,0.315,0.5935,0.0433,0.3632,1.6259910440874676
0.0,0.5,0.0,0.0,individual_baseline,4,0.5382270372131428,0.555077688237906,0.3934396711423754,0.35,0.60725,0.045,0.34775,1.8867631063180483
0.0,0.5,0.0,0.0,individual_baseline,5,0.5029302632833011,0.5235320717825357,0.3656657898425206,0.31,0.5897,0.0445,0.3658,1.7300854992953925
0.0,0.5,0.0,0.0,individual_baseline,6,0.5186356672752157,0.5390298761224213,0.3893671980483006,0.345,0.6043,0.0446,0.3511,1.7139040348663899
0.0,0.5,0.0,0.0,individual_baseline,7,0.513637667411623,0.534476831969793,0.37790133171687473,0.375,0.6194,0.0433,0.3373,1.6513777727172754
0.0,0.5,0.0,0.0,individual_baseline,8,0.5087707013838418,0.5338982955019761,0.37700043372906367,0.335,0.59925,0.0417,0.35905,1.758706038518918
0.0,0.5,0.0,0.0,individual_baseline,9,0.5037796340055101,0.52498600619457,0.3732341026397688,0.34,0.6136,0.04115,0.34525,1.6604937969123894
0.0,0.5,0.0,0.0,individual_baseline,10,0.4783554051954107,0.5079056911041456,0.35096381646981295,0.315,0.6063,0.0409,0.3528,1.6530831259399852
0.0,0.5,0.0,0.0,individual_baseline,11,0.5245057294818782,0.5543801940002955,0.4014736260133451,0.365,0.6124,0.0431,0.3445,1.8065399567490765
0.0,0.5,0.0,0.0,individual_baseline,12,0.5092713362654364,0.5133119892514552,0.35291839922728985,0.325,0.59985,0.04525,0.3549,1.6784656488656762
0.0,0.5,0.0,0.0,individual_baseline,13,0.525746492476239,0.5425955453427685,0.37609560687055593,0.355,0.60795,0.04285,0.3492,1.7430216702580241
0.0,0.5,0.0,0.0,individual_baseline,14,0.49961878918402114,0.5313555094563243,0.3876651458341231,0.38,0.6068,0.04225,0.35095,1.6025708536913121
0.0,0.5,0.0,0.0,individual_baseline,15,0.49128662390873923,0.5350788962951363,0.36779514849345474,0.32,0.5966,0.04495,0.35845,1.7926323603693264
0.0,0.5,0.0,0.0,individual_baseline,16,0.5398227235682644,0.5651058887243225,0.41004660925486147,0.395,0.6259,0.03855,0.33555,1.8282189780406777
0.0,0.5,0.0,0.0,individual_baseline,17,0.501087792958863,0.5246318860324242,0.3766803739538184,0.35,0.61645,0.0419,0.34165,1.6465933392735306
0.0,0.5,0.0,0.0,individual_baseline,18,0.5282595433746189,0.5592646705685018,0.39979816358900455,0.335,0.60645,0.04215,0.3514,1.8430563635445132
0.0,0.5,0.0,0.0,individual_baseline,19,0.4817971947725576,0.5073461312628684,0.34530483789120664,0.29,0.59795,0.04285,0.3592,1.6443903778984275
0.0,0.5,0.0,0.0,individual_baseline,20,0.527119700541352,0.5545180140076736,0.39303117553528416,0.36,0.60925,0.044,0.34675,1.6751802935011586
0.03,0.5,0.0,0.0,individual_baseline,1,0.5380338813570394,0.6007875681483437,0.45581502511598176,0.465,0.62545,0.0418,0.33275,1.951988549869032
0.03,0.5,0.0,0.0,individual_baseline,2,0.5039942537498406,0.5550653026022753,0.41290385477960995,0.39,0.61705,0.0428,0.34015,1.700845798530751
0.03,0.5,0.0,0.0,individual_baseline,3,0.4890296296058673,0.5580648802463009,0.407065022959092,0.375,0.6051,0.04085,0.35405,1.755740560257421
0.03,0.5,0.0,0.0,individual_baseline,4,0.5382270372131428,0.6014004162524276,0.4541408873840915,0.445,0.62185,0.0421,0.33605,1.9756473640463936
0.03,0.5,0.0,0.0,individual_baseline,5,0.5029302632833011,0.5651518381638343,0.41443162495915264,0.375,0.6036,0.04415,0.35225,1.8328586957973036
0.03,0.5,0.0,0.0,individual_baseline,6,0.5186356672752157,0.60803279755619,0.4738310163134761,0.455,0.62625,0.0427,0.33105,1.8599149814938982
0.03,0.5,0.0,0.0,individual_baseline,7,0.513637667411623,0.5749002020698653,0.42341674735984897,0.44,0.62565,0.04325,0.3311,1.704062116372308
0.03,0.5,0.0,0.0,individual_baseline,8,0.5087707013838418,0.5859858379602629,0.43377111361101384,0.395,0.61575,0.04185,0.3424,1.909499136691308
0.03,0.5,0.0,0.0,individual_baseline,9,0.5037796340055101,0.5779443630709948,0.4468683704564149,0.48,0.63715,0.04205,0.3208,1.7136034038291206
0.03,0.5,0.0,0.0,individual_baseline,10,0.4783554051954107,0.5520975594540021,0.4050673493470762,0.4,0.6119,0.04355,0.34455,1.7214797389174945
0.03,0.5,0.0,0.0,individual_baseline,11,0.5245057294818782,0.6063677040226392,0.46276362214627326,0.465,0.6177,0.04445,0.33785,1.9637712564245027
0.03,0.5,0.0,0.0,individual_baseline,12,0.5092713362654364,0.5772487826368868,0.43581520145658476,0.425,0.61265,0.0431,0.34425,1.7485633732583816
0.03,0.5,0.0,0.0,individual_baseline,13,0.525746492476239,0.5963914815110908,0.44339284065873,0.455,0.6166,0.04235,0.34105,1.8410744113348196
0.03,0.5,0.0,0.0,individual_baseline,14,0.49961878918402114,0.5583712186880726,0.4154279682199346,0.395,0.6151,0.0447,0.3402,1.6615912982537726
0.03,0.5,0.0,0.0,individual_baseline,15,0.49128662390873923,0.5670730623090641,0.41158838892431826,0.425,0.6056,0.04345,0.35095,1.690174126112713
0.03,0.5,0.0,0.0,individual_baseline,16,0.5398227235682644,0.6279460266869509,0.4746361630539803,0.48,0.6307,0.03905,0.33025,2.045561852085346
0.03,0.5,0.0,0.0,individual_baseline,17,0.501087792958863,0.5770128664155001,0.4416263851700062,0.465,0.624,0.04245,0.33355,1.7490703627395134
0.03,0.5,0.0,0.0,individual_baseline,18,0.5282595433746189,0.6078633962083384,0.4607058048053341,0.44,0.61855,0.03985,0.3416,1.9818949553388985
0.03,0.5,0.0,0.0,individual_baseline,19,0.4817971947725576,0.561054832575251,0.4066467369852205,0.365,0.61385,0.04395,0.3422,1.8418052830840113
0.03,0.5,0.0,0.0,individual_baseline,20,0.527119700541352,0.5937346034208432,0.44893867797642595,0.45,0.6249,0.0427,0.3324,1.8041722632705577
0.06,0.5,0.0,0.0,individual_baseline,1,0.5380338813570394,0.6634168464867721,0.536128824431457,0.555,0.639,0.0433,0.3177,2.1403113861786722
0.06,0.5,0.0,0.0,individual_baseline,2,0.5039942537498406,0.610102924584601,0.48571061422254547,0.485,0.6283,0.04425,0.32745,1.7884701004423926
0.06,0.5,0.0,0.0,individual_baseline,3,0.4890296296058673,0.6049762763653713,0.459740185520144,0.46,0.6198,0.04315,0.33705,1.8796381684422754
0.06,0.5,0.0,0.0,individual_baseline,4,0.5382270372131428,0.6541503323410046,0.5271457359858241,0.55,0.6318,0.0426,0.3256,2.070989596636638
0.06,0.5,0.0,0.0,individual_baseline,5,0.5029302632833011,0.616964050505848,0.4779147619849187,0.46,0.61545,0.04375,0.3408,1.9733061891140171
0.06,0.5,0.0,0.0,individual_baseline,6,0.5186356672752157,0.6422996916436213,0.5186427821341658,0.545,0.6316,0.0454,0.323,1.9719104824543823
0.06,0.5,0.0,0.0,individual_baseline,7,0.513637667411623,0.6258508278778393,0.4929365846392635,0.52,0.6353,0.04325,0.32145,1.921259313428558
0.06,0.5,0.0,0.0,individual_baseline,8,0.5087707013838418,0.625455977773067,0.49217432399156524,0.505,0.62685,0.04325,0.3299,1.9569782902579307
0.06,0.5,0.0,0.0,individual_baseline,9,0.5037796340055101,0.6138227733191165,0.48123917887153594,0.485,0.64215,0.0415,0.31635,1.8995677400318114
0.06,0.5,0.0,0.0,individual_baseline,10,0.4783554051954107,0.5792399195625592,0.44626869697418087,0.43,0.6205,0.0427,0.3368,1.73893581155263
0.06,0.5,0.0,0.0,individual_baseline,11,0.5245057294818782,0.645693416185195,0.520993248027511,0.525,0.63945,0.0431,0.31745,1.9761921188553218
0.06,0.5,0.0,0.0,individual_baseline,12,0.5092713362654364,0.6331991436865767,0.491326293799377,0.485,0.62815,0.04305,0.3288,1.960723939946474
0.06,0.5,0.0,0.0,individual_baseline,13,0.525746492476239,0.6432523633945809,0.5044176623202153,0.535,0.63495,0.0427,0.32235,2.069546631446399
0.06,0.5,0.0,0.0,individual_baseline,14,0.49961878918402114,0.6016329279145958,0.46785075873803916,0.485,0.62545,0.04375,0.3308,1.7999094761470653
0.06,0.5,0.0,0.0,individual_baseline,15,0.49128662390873923,0.6040073757351903,0.46064841252899497,0.47,0.62975,0.0434,0.32685,1.8570041119731062
0.06,0.5,0.0,0.0,individual_baseline,16,0.5398227235682644,0.6289305887347925,0.4893711887740435,0.485,0.62935,0.03945,0.3312,1.983070074425302
0.06,0.5,0.0,0.0,individual_baseline,17,0.501087792958863,0.6240428051019825,0.49713063341597197,0.51,0.6388,0.04245,0.31875,1.8925353444018265
0.06,0.5,0.0,0.0,individual_baseline,18,0.5282595433746189,0.6577748248884293,0.5337368293252064,0.555,0.63,0.04165,0.32835,2.0575546268457803
0.06,0.5,0.0,0.0,individual_baseline,19,0.4817971947725576,0.5787375748373428,0.4383480364434329,0.43,0.61765,0.04355,0.3388,1.7676892729061477
0.06,0.5,0.0,0.0,individual_baseline,20,0.527119700541352,0.6491520129823997,0.5168104429778905,0.55,0.63625,0.04535,0.3184,1.9886720997388814
0.12,0.5,0.0,0.0,individual_baseline,1,0.5380338813570394,0.7629605933507073,0.6561973254244211,0.71,0.67255,0.03995,0.2875,2.7765482725638186
0.12,0.5,0.0,0.0,individual_baseline,2,0.5039942537498406,0.6975051628345252,0.5869705844524076,0.635,0.65295,0.04335,0.3037,2.1489550375512523
0.12,0.5,0.0,0.0,individual_baseline,3,0.4890296296058673,0.6828745034489142,0.5569259565145392,0.59,0.6453,0.0427,0.312,2.174313615068201
0.12,0.5,0.0,0.0,individual_baseline,4,0.5382270372131428,0.7475499910086799,0.6433852756669484,0.705,0.6618,0.0438,0.2944,2.555501223769951
0.12,0.5,0.0,0.0,individual_baseline,5,0.5029302632833011,0.7136567226502567,0.6047026588314651,0.64,0.65405,0.04505,0.3009,2.302449371527477
0.12,0.5,0.0,0.0,individual_baseline,6,0.5186356672752157,0.7236682539145781,0.6124233292429302,0.655,0.657,0.04335,0.29965,2.2762284668414385
0.12,0.5,0.0,0.0,individual_baseline,7,0.513637667411623,0.7059707900981504,0.5751345038373877,0.61,0.6546,0.044,0.3014,2.2156720277657036
0.12,0.5,0.0,0.0,individual_baseline,8,0.5087707013838418,0.7216159995344847,0.6050474429675228,0.61,0.6522,0.04115,0.30665,2.5051356144732884
0.12,0.5,0.0,0.0,individual_baseline,9,0.5037796340055101,0.6883866240987021,0.5593658520959419,0.56,0.65135,0.04235,0.3063,2.2987450581266273
0.12,0.5,0.0,0.0,individual_baseline,10,0.4783554051954107,0.6824496870796578,0.5586861775312313,0.57,0.64595,0.0434,0.31065,2.195959426794705
0.12,0.5,0.0,0.0,individual_baseline,11,0.5245057294818782,0.7244318299433007,0.6156367319456105,0.65,0.6629,0.04375,0.29335,2.3941812420913338
0.12,0.5,0.0,0.0,individual_baseline,12,0.5092713362654364,0.7240606503937507,0.5977194647012228,0.66,0.64945,0.04375,0.3068,2.3485358708313755
0.12,0.5,0.0,0.0,individual_baseline,13,0.525746492476239,0.7230872691062302,0.5965999747266225,0.64,0.6558,0.0432,0.301,2.5631590538642564
0.12,0.5,0.0,0.0,individual_baseline,14,0.49961878918402114,0.69653150889106,0.5775567045900684,0.605,0.64515,0.04495,0.3099,2.1025224766136037
0.12,0.5,0.0,0.0,individual_baseline,15,0.49128662390873923,0.6855750593098164,0.5552960545230361,0.58,0.64955,0.04285,0.3076,2.2086051296762936
0.12,0.5,0.0,0.0,individual_baseline,16,0.5398227235682644,0.7401943484737886,0.619047297333247,0.675,0.6662,0.03975,0.29405,2.505413909419824
0.12,0.5,0.0,0.0,individual_baseline,17,0.501087792958863,0.6982322642315003,0.5835259138125296,0.615,0.653,0.0404,0.3066,2.2480531521799225
0.12,0.5,0.0,0.0,individual_baseline,18,0.5282595433746189,0.727864472592521,0.6138926543124137,0.65,0.6684,0.0415,0.2901,2.379677377418767
0.12,0.5,0.0,0.0,individual_baseline,19,0.4817971947725576,0.6864139375441201,0.5545914132223414,0.565,0.64205,0.0434,0.31455,2.044121973672576
0.12,0.5,0.0,0.0,individual_baseline,20,0.527119700541352,0.7050799273706988,0.5892783182873458,0.65,0.6552,0.0453,0.2995,2.149960423020877
0.0,1.0,0.0,0.0,individual_baseline,1,0.5380338813570394,0.5657239911484723,0.41118304705703496,0.37,0.4785,0.1197,0.4018,1.8769002178671366
0.0,1.0,0.0,0.0,individual_baseline,2,0.5039942537498406,0.528293082585798,0.3889451056548491,0.36,0.49065,0.1234,0.38595,1.5955065181565877
0.0,1.0,0.0,0.0,individual_baseline,3,0.4890296296058673,0.5107725231714687,0.3550189030867362,0.295,0.46925,0.1241,0.40665,1.6462818260848435
0.0,1.0,0.0,0.0,individual_baseline,4,0.5382270372131428,0.568167310445381,0.4178410040866352,0.37,0.4977,0.12355,0.37875,1.8368449299545238
0.0,1.0,0.0,0.0,individual_baseline,5,0.5029302632833011,0.5148129272843096,0.3629431073435713,0.305,0.4795,0.1269,0.3936,1.6433634435404283
0.0,1.0,0.0,0.0,individual_baseline,6,0.5186356672752157,0.5504305016436364,0.4018576985396395,0.35,0.48245,0.1233,0.39425,1.728327998361449
0.0,1.0,0.0,0.0,individual_baseline,7,0.513637667411623,0.5568069068033872,0.4076882031080747,0.405,0.50565,0.1229,0.37145,1.7155319565128704
0.0,1.0,0.0,0.0,individual_baseline,8,0.5087707013838418,0.5490627926343751,0.39014109092644944,0.345,0.47355,0.12285,0.4036,1.810833365274112
0.0,1.0,0.0,0.0,individual_baseline,9,0.5037796340055101,0.5272397412775481,0.38679552470620593,0.355,0.4949,0.12285,0.38225,1.5864571681272353
0.0,1.0,0.0,0.0,individual_baseline,10,0.4783554051954107,0.5093190171709248,0.3578676695335011,0.325,0.4887,0.1238,0.3875,1.5977241615877764
0.0,1.0,0.0,0.0,individual_baseline,11,0.5245057294818782,0.5638787915126152,0.42143690162013164,0.385,0.49425,0.124,0.38175,1.7529242534110137
0.0,1.0,0.0,0.0,individual_baseline,12,0.5092713362654364,0.5429276635517412,0.38518999183547253,0.315,0.4756,0.12195,0.40245,1.7508907599297217
0.0,1.0,0.0,0.0,individual_baseline,13,0.525746492476239,0.5556673067537754,0.4050630482490542,0.37,0.4928,0.12285,0.38435,1.7318045596294962
0.0,1.0,0.0,0.0,individual_baseline,14,0.49961878918402114,0.528403547021281,0.38239534838731587,0.34,0.48835,0.12605,0.3856,1.6084568915674384
0.0,1.0,0.0,0.0,individual_baseline,15,0.49128662390873923,0.5211372897926948,0.3592694946801481,0.315,0.4699,0.12335,0.40675,1.6425654829007637
0.0,1.0,0.0,0.0,individual_baseline,16,0.5398227235682644,0.5673358673499829,0.414730818364729,0.375,0.49555,0.11785,0.3866,1.7962736980636804
0.0,1.0,0.0,0.0,individual_baseline,17,0.501087792958863,0.5239063667484412,0.38079981909177335,0.34,0.49185,0.12095,0.3872,1.6056094991649663
0.0,1.0,0.0,0.0,individual_baseline,18,0.5282595433746189,0.5673592141972383,0.40781599173391503,0.34,0.47605,0.12065,0.4033,1.8617321736441987
0.0,1.0,0.0,0.0,individual_baseline,19,0.4817971947725576,0.5037704540629941,0.34715777139808374,0.285,0.46875,0.12415,0.4071,1.6016001594945644
0.0,1.0,0.0,0.0,individual_baseline,20,0.527119700541352,0.5599778190926818,0.4114949829969886,0.39,0.49265,0.1209,0.38645,1.6924033938786724
0.03,1.0,0.0,0.0,individual_baseline,1,0.5380338813570394,0.767945540409394,0.671977988398793,0.705,0.55255,0.11865,0.3288,2.6518723980452665
0.03,1.0,0.0,0.0,individual_baseline,2,0.5039942537498406,0.6963808684164536,0.594254636225516,0.615,0.5388,0.1228,0.3384,2.1102776468417503
0.03,1.0,0.0,0.0,individual_baseline,3,0.4890296296058673,0.7119114148486374,0.6046350471505422,0.63,0.5394,0.12215,0.33845,2.2734159233197397
0.03,1.0,0.0,0.0,individual_baseline,4,0.5382270372131428,0.7274494440610662,0.6270413825683017,0.655,0.54525,0.1195,0.33525,2.3140168681982893
0.03,1.0,0.0,0.0,individual_baseline,5,0.5029302632833011,0.6963434226364541,0.5888567872973405,0.605,0.5334,0.1243,0.3423,2.158749791491049
0.03,1.0,0.0,0.0,individual_baseline,6,0.5186356672752157,0.736640219889619,0.6368030299452245,0.645,0.5468,0.1229,0.3303,2.39698699304317
0.03,1.0,0.0,0.0,individual_baseline,7,0.513637667411623,0.7135895941583015,0.5930685463976989,0.635,0.5508,0.1222,0.327,2.1920884742504327
0.03,1.0,0.0,0.0,individual_baseline,8,0.5087707013838418,0.7175357299464631,0.6139292240688955,0.64,0.53595,0.1212,0.34285,2.2651229500074725
0.03,1.0,0.0,0.0,individual_baseline,9,0.5037796340055101,0.6880086970309511,0.5801053594051281,0.605,0.5418,0.1217,0.3365,2.1063038958157096
0.03,1.0,0.0,0.0,individual_baseline,10,0.4783554051954107,0.6888405276774228,0.57611365704026,0.57,0.53835,0.1198,0.34185,2.1196787563103987
0.03,1.0,0.0,0.0,individual_baseline,11,0.5245057294818782,0.7440710615067312,0.6501440416975562,0.695,0.5567,0.1247,0.3186,2.3872786380022655
0.03,1.0,0.0,0.0,individual_baseline,12,0.5092713362654364,0.7157584741608946,0.6062434784325046,0.625,0.54235,0.1217,0.33595,2.2650639934922783
0.03,1.0,0.0,0.0,individual_baseline,13,0.525746492476239,0.7277668765084401,0.616256701309241,0.65,0.54905,0.1198,0.33115,2.3033228155815433
0.03,1.0,0.0,0.0,individual_baseline,14,0.49961878918402114,0.7022479052960616,0.5907644273873465,0.64,0.53925,0.1253,0.33545,2.0976610194841565
0.03,1.0,0.0,0.0,individual_baseline,15,0.49128662390873923,0.7123487531799276,0.5987733615401796,0.625,0.541,0.12365,0.33535,2.1950692296241083
0.03,1.0,0.0,0.0,individual_baseline,16,0.5398227235682644,0.7528507686823874,0.6450415536342043,0.675,0.5536,0.1156,0.3308,2.436932888814081
0.03,1.0,0.0,0.0,individual_baseline,17,0.501087792958863,0.7040060411957064,0.6088683284220443,0.645,0.54675,0.12245,0.3308,2.0882040773877804
0.03,1.0,0.0,0.0,individual_baseline,18,0.5282595433746189,0.7637859015538564,0.6673403910641492,0.695,0.5482,0.11985,0.33195,2.6280506523061926
0.03,1.0,0.0,0.0,individual_baseline,19,0.4817971947725576,0.6967721371780462,0.5876133652537606,0.605,0.53825,0.1232,0.33855,2.1282180949947045
0.03,1.0,0.0,0.0,individual_baseline,20,0.527119700541352,0.7242653174098855,0.6151368503365506,0.65,0.557,0.12035,0.32265,2.2491247400242576
0.06,1.0,0.0,0.0,individual_baseline,1,0.5380338813570394,0.8686136227818108,0.8053395048579388,0.865,0.59725,0.1177,0.28505,3.6698393329513763
0.06,1.0,0.0,0.0,individual_baseline,2,0.5039942537498406,0.8407462067588085,0.7726774245355199,0.835,0.5868,0.12195,0.29125,3.2517040824363375
0.06,1.0,0.0,0.0,individual_baseline,3,0.4890296296058673,0.8370282033631574,0.7667754912358175,0.825,0.5807,0.11995,0.29935,3.2034121053951545
0.06,1.0,0.0,0.0,individual_baseline,4,0.5382270372131428,0.8482683545783287,0.7771939911403791,0.82,0.5915,0.11935,0.28915,3.551313888359556
0.06,1.0,0.0,0.0,individual_baseline,5,0.5029302632833011,0.7914693949249386,0.7128301923858867,0.75,0.5762,0.1218,0.302,2.7043515182747697
0.06,1.0,0.0,0.0,individual_baseline,6,0.5186356672752157,0.8313511348536029,0.7575043419360177,0.81,0.5871,0.11715,0.29575,3.2174019750357044
0.06,1.0,0.0,0.0,individual_baseline,7,0.513637667411623,0.8037820969883062,0.7131388431973025,0.77,0.58375,0.12195,0.2943,2.7668006035219097
0.06,1.0,0.0,0.0,individual_baseline,8,0.5087707013838418,0.8136854675579238,0.7437616755522372,0.81,0.5886,0.1212,0.2902,2.8305174980911905
0.06,1.0,0.0,0.0,individual_baseline,9,0.5037796340055101,0.8054047028755081,0.7230138716315083,0.77,0.5814,0.11855,0.30005,2.953048400652181
0.06,1.0,0.0,0.0,individual_baseline,10,0.4783554051954107,0.803735454912086,0.7338112526788245,0.78,0.58155,0.12175,0.2967,2.704842886763827
0.06,1.0,0.0,0.0,individual_baseline,11,0.5245057294818782,0.817338593523032,0.7448081662652898,0.8,0.58285,0.12185,0.2953,2.958991327845057
0.06,1.0,0.0,0.0,individual_baseline,12,0.5092713362654364,0.8303896774857091,0.7498981191379522,0.815,0.58705,0.12,0.29295,2.9817859308624977
0.06,1.0,0.0,0.0,individual_baseline,13,0.525746492476239,0.8106393455274582,0.7224412638007688,0.795,0.5866,0.12035,0.29305,2.9740189041200558
0.06,1.0,0.0,0.0,individual_baseline,14,0.49961878918402114,0.7970487404296072,0.7143705581217429,0.77,0.5729,0.12245,0.30465,2.550645466707226
0.06,1.0,0.0,0.0,individual_baseline,15,0.49128662390873923,0.8204599682197505,0.729300572649409,0.8,0.5813,0.1216,0.2971,2.786063335251308
0.06,1.0,0.0,0.0,individual_baseline,16,0.5398227235682644,0.8723658076525801,0.7941591909241841,0.85,0.6016,0.1154,0.283,3.1714125475749575
0.06,1.0,0.0,0.0,individual_baseline,17,0.501087792958863,0.8040552890985121,0.7272068373760018,0.775,0.59055,0.1207,0.28875,2.7426139524727366
0.06,1.0,0.0,0.0,individual_baseline,18,0.5282595433746189,0.8490285246514635,0.7769134563931901,0.825,0.6018,0.1156,0.2826,3.2800032578628007
0.06,1.0,0.0,0.0,individual_baseline,19,0.4817971947725576,0.8153753870210266,0.7347009887747155,0.795,0.582,0.1212,0.2968,2.8485230500527274
0.06,1.0,0.0,0.0,individual_baseline,20,0.527119700541352,0.814099674018828,0.7239213996233724,0.785,0.5849,0.1244,0.2907,2.8879977673181494
0.12,1.0,0.0,0.0,individual_baseline,1,0.5380338813570394,0.9216104264238473,0.8733703625651554,0.95,0.6362,0.1164,0.2474,5.672596404936648
0.12,1.0,0.0,0.0,individual_baseline,2,0.5039942537498406,0.9116543378513353,0.8600832840425986,0.94,0.61285,0.1207,0.26645,4.037621265780411
0.12,1.0,0.0,0.0,individual_baseline,3,0.4890296296058673,0.9180274639760452,0.8649450404886306,0.935,0.6176,0.11885,0.26355,5.689068410098481
0.12,1.0,0.0,0.0,individual_baseline,4,0.5382270372131428,0.9225911122113553,0.8722202616636429,0.945,0.6336,0.1185,0.2479,6.25323363814465
0.12,1.0,0.0,0.0,individual_baseline,5,0.5029302632833011,0.927073652939272,0.8705337958606646,0.95,0.6144,0.1219,0.2637,3.1741013409024563
0.12,1.0,0.0,0.0,individual_baseline,6,0.5186356672752157,0.9205414875556331,0.8743245024560935,0.945,0.62725,0.11925,0.2535,4.765612882937891
0.12,1.0,0.0,0.0,individual_baseline,7,0.513637667411623,0.8979003224188276,0.8198611506278846,0.915,0.62315,0.11815,0.2587,2.6441239642739145
0.12,1.0,0.0,0.0,individual_baseline,8,0.5087707013838418,0.9114575418521244,0.8648793482160231,0.94,0.62415,0.1188,0.25705,4.766991091222883
0.12,1.0,0.0,0.0,individual_baseline,9,0.5037796340055101,0.9118610137550207,0.8624846101410424,0.93,0.6228,0.1191,0.2581,5.538006731868138
0.12,1.0,0.0,0.0,individual_baseline,10,0.4783554051954107,0.9213879329287997,0.8713211874868553,0.945,0.62185,0.1196,0.25855,6.51511108841292
0.12,1.0,0.0,0.0,individual_baseline,11,0.5245057294818782,0.9095123856327345,0.8637072990758926,0.93,0.6187,0.11895,0.26235,4.758153267446677
0.12,1.0,0.0,0.0,individual_baseline,12,0.5092713362654364,0.9167767775576007,0.8539868086328499,0.94,0.6254,0.1199,0.2547,3.2135340496992906
0.12,1.0,0.0,0.0,individual_baseline,13,0.525746492476239,0.9319361797424415,0.8627805401328549,0.965,0.63885,0.1173,0.24385,2.500122959369878
0.12,1.0,0.0,0.0,individual_baseline,14,0.49961878918402114,0.9105350841370164,0.8512661400026426,0.925,0.61865,0.1217,0.25965,4.365759082201087
0.12,1.0,0.0,0.0,individual_baseline,15,0.49128662390873923,0.9162996049913004,0.8580787419685052,0.94,0.62185,0.11715,0.261,3.1801333446952573
0.12,1.0,0.0,0.0,individual_baseline,16,0.5398227235682644,0.9240283730708405,0.8650714120139478,0.96,0.62945,0.11485,0.2557,3.2839355552075826
0.12,1.0,0.0,0.0,individual_baseline,17,0.501087792958863,0.9210878494269984,0.8727559975415724,0.95,0.629,0.11655,0.25445,5.820940538576737
0.12,1.0,0.0,0.0,individual_baseline,18,0.5282595433746189,0.9252276732077176,0.8709048474691511,0.955,0.6296,0.11655,0.25385,4.854132513138186
0.12,1.0,0.0,0.0,individual_baseline,19,0.4817971947725576,0.9206514641410712,0.8651417300527611,0.935,0.6259,0.11845,0.25565,4.137387023941753
0.12,1.0,0.0,0.0,individual_baseline,20,0.527119700541352,0.9267136723109582,0.8693477889219219,0.955,0.62575,0.1196,0.25465,3.0687846841729365
0.0,0.2,0.5,0.0,local_cf,1,0.5380338813570394,0.5179846352501589,0.3366981959434306,0.23,0.874,0.0003,0.1257,1.976540143344269
0.0,0.2,0.5,0.0,local_cf,2,0.5039942537498406,0.5005874947226784,0.3379755830962742,0.26,0.87855,0.00045,0.121,1.6825867619400028
0.0,0.2,0.5,0.0,local_cf,3,0.4890296296058673,0.48344300134344975,0.3139533702021863,0.235,0.87325,0.00045,0.1263,1.706264865451745
0.0,0.2,0.5,0.0,local_cf,4,0.5382270372131428,0.5384102107534929,0.3648779781961203,0.315,0.87525,0.0004,0.12435,1.952951247884284
0.0,0.2,0.5,0.0,local_cf,5,0.5029302632833011,0.4937398605510239,0.32430516905716816,0.235,0.8706,0.00045,0.12895,1.7319658683281254
0.0,0.2,0.5,0.0,local_cf,6,0.5186356672752157,0.513046703236184,0.34759519479308565,0.28,0.8716,0.0003,0.1281,1.745504363216157
0.0,0.2,0.5,0.0,local_cf,7,0.513637667411623,0.4948608576872245,0.32488043032772784,0.265,0.87805,0.00035,0.1216,1.6902451335536826
0.0,0.2,0.5,0.0,local_cf,8,0.5087707013838418,0.4965325576850769,0.32126429782502497,0.24,0.87485,0.0005,0.12465,1.8167378793050104
0.0,0.2,0.5,0.0,local_cf,9,0.5037796340055101,0.487434973161875,0.3213490943412991,0.265,0.8827,0.00045,0.11685,1.674633972164692
0.0,0.2,0.5,0.0,local_cf,10,0.4783554051954107,0.4828956690018807,0.3150367408408415,0.25,0.88115,0.00045,0.1184,1.6885168102254016
0.0,0.2,0.5,0.0,local_cf,11,0.5245057294818782,0.5361248923077508,0.3666263886145349,0.3,0.8758,0.0004,0.1238,1.8967506624174477
0.0,0.2,0.5,0.0,local_cf,12,0.5092713362654364,0.5024993055920168,0.33577237859811937,0.24,0.8734,0.00065,0.12595,1.7347851816056283
0.0,0.2,0.5,0.0,local_cf,13,0.525746492476239,0.4973908342951025,0.31925280018085667,0.245,0.87465,0.00035,0.125,1.8181608650816787
0.0,0.2,0.5,0.0,local_cf,14,0.49961878918402114,0.4964325759268439,0.3275129971912416,0.245,0.8742,0.00035,0.12545,1.6414777703297467
0.0,0.2,0.5,0.0,local_cf,15,0.49128662390873923,0.4911831041237129,0.3071342007638108,0.225,0.87235,0.00035,0.1273,1.6828625894032272
0.0,0.2,0.5,0.0,local_cf,16,0.5398227235682644,0.534563727631912,0.3533268589302216,0.26,0.88805,0.0004,0.11155,1.9333308804114109
0.0,0.2,0.5,0.0,local_cf,17,0.501087792958863,0.505611458239162,0.3397207382437463,0.245,0.8851,0.00055,0.11435,1.7446719756910185
0.0,0.2,0.5,0.0,local_cf,18,0.5282595433746189,0.5476654456385437,0.36753086767109766,0.245,0.87675,0.00035,0.1229,2.0961218386119187
0.0,0.2,0.5,0.0,local_cf,19,0.4817971947725576,0.479201947752588,0.3012335102257925,0.2,0.87865,0.0003,0.12105,1.7596981536611886
0.0,0.2,0.5,0.0,local_cf,20,0.527119700541352,0.5317554775001183,0.3573621859067914,0.28,0.8721,0.00045,0.12745,1.858964760300203
0.03,0.2,0.5,0.0,local_cf,1,0.5380338813570394,0.5254844993231536,0.35438408882746186,0.3,0.88105,0.00025,0.1187,1.873425813185204
0.03,0.2,0.5,0.0,local_cf,2,0.5039942537498406,0.5054624538773819,0.33573415644332927,0.23,0.8752,0.00045,0.12435,1.7854261779749925
0.03,0.2,0.5,0.0,local_cf,3,0.4890296296058673,0.49582486038627716,0.32496406851729454,0.27,0.87705,0.00055,0.1224,1.763149756536988
0.03,0.2,0.5,0.0,local_cf,4,0.5382270372131428,0.5307343371112226,0.35585392117615144,0.285,0.88155,0.00045,0.118,1.9489696395167473
0.03,0.2,0.5,0.0,local_cf,5,0.5029302632833011,0.48819095823503866,0.3194644097399407,0.25,0.87015,0.00065,0.1292,1.7091919197540901
0.03,0.2,0.5,0.0,local_cf,6,0.5186356672752157,0.5014605488514247,0.3392616259418233,0.29,0.8753,0.0005,0.1242,1.6607030910542298
0.03,0.2,0.5,0.0,local_cf,7,0.513637667411623,0.5193091516038986,0.3469785239509814,0.29,0.8798,0.00055,0.11965,1.7714670576550338
0.03,0.2,0.5,0.0,local_cf,8,0.5087707013838418,0.5013551833937311,0.32580353764939496,0.255,0.87475,0.00045,0.1248,1.8161668614738888
0.03,0.2,0.5,0.0,local_cf,9,0.5037796340055101,0.5063649311596989,0.349199003694399,0.315,0.8842,0.0006,0.1152,1.6610333371534145
0.03,0.2,0.5,0.0,local_cf,10,0.4783554051954107,0.4648538744280763,0.29629392270299737,0.195,0.87725,0.00065,0.1221,1.6039406806994891
0.03,0.2,0.5,0.0,local_cf,11,0.5245057294818782,0.5295880657267485,0.3674686042216089,0.29,0.8791,0.00075,0.12015,1.7924598952093245
0.03,0.2,0.5,0.0,local_cf,12,0.5092713362654364,0.505153378940323,0.33394458406372707,0.255,0.86505,0.00035,0.1346,1.7495243081296787
0.03,0.2,0.5,0.0,local_cf,13,0.525746492476239,0.5037062775731349,0.32968585622643415,0.26,0.8758,0.0004,0.1238,1.7944449141166274
0.03,0.2,0.5,0.0,local_cf,14,0.49961878918402114,0.47560416301743025,0.31353863043854424,0.26,0.87645,0.0005,0.12305,1.6075452491761433
0.03,0.2,0.5,0.0,local_cf,15,0.49128662390873923,0.48893154008201656,0.31032847603332414,0.19,0.8721,0.00045,0.12745,1.7218081130198493
0.03,0.2,0.5,0.0,local_cf,16,0.5398227235682644,0.5205749037885399,0.3521602896041502,0.27,0.88705,0.0005,0.11245,1.802073771816987
0.03,0.2,0.5,0.0,local_cf,17,0.501087792958863,0.5035521475687168,0.3381252055010474,0.27,0.88315,0.00045,0.1164,1.7187153718812993
0.03,0.2,0.5,0.0,local_cf,18,0.5282595433746189,0.5370483802621522,0.3602620141226162,0.265,0.87585,0.0002,0.12395,1.9560515003906804
0.03,0.2,0.5,0.0,local_cf,19,0.4817971947725576,0.47892586368143514,0.3066442768387025,0.225,0.8772,0.00055,0.12225,1.646679933252474
0.03,0.2,0.5,0.0,local_cf,20,0.527119700541352,0.5092833596369648,0.34136022332143445,0.285,0.878,0.0005,0.1215,1.7334612940631535
0.06,0.2,0.5,0.0,local_cf,1,0.5380338813570394,0.5339337679018158,0.35698565124613296,0.24,0.87995,0.0004,0.11965,1.9915272349635709
0.06,0.2,0.5,0.0,local_cf,2,0.5039942537498406,0.5100152143737751,0.34749748059229874,0.27,0.8798,0.0005,0.1197,1.7219927632984038
0.06,0.2,0.5,0.0,local_cf,3,0.4890296296058673,0.4687650917739934,0.30161063759379814,0.235,0.8712,0.00025,0.12855,1.6363246466954222
0.06,0.2,0.5,0.0,local_cf,4,0.5382270372131428,0.5228792485283118,0.3510247659095718,0.3,0.86835,0.00025,0.1314,1.8667954935696853
0.06,0.2,0.5,0.0,local_cf,5,0.5029302632833011,0.51201885051489,0.3405567917913078,0.245,0.86825,0.00065,0.1311,1.8299129349645207
0.06,0.2,0.5,0.0,local_cf,6,0.5186356672752157,0.5187296441069899,0.35752632198917544,0.295,0.8713,0.0005,0.1282,1.7442615070527998
0.06,0.2,0.5,0.0,local_cf,7,0.513637667411623,0.49831372735027557,0.328177446129111,0.28,0.87875,0.0004,0.12085,1.6105573888790918
0.06,0.2,0.5,0.0,local_cf,8,0.5087707013838418,0.5171675641308361,0.3423933779165786,0.275,0.87195,0.00025,0.1278,1.8755496893804706
0.06,0.2,0.5,0.0,local_cf,9,0.5037796340055101,0.4900909476647611,0.3320898533085513,0.27,0.8873,0.00035,0.11235,1.616458424492006
0.06,0.2,0.5,0.0,local_cf,10,0.4783554051954107,0.46327032473979296,0.29410610990272795,0.17,0.8815,0.0004,0.1181,1.6263389389775218
0.06,0.2,0.5,0.0,local_cf,11,0.5245057294818782,0.5313102810084118,0.3590286073781479,0.255,0.87405,0.00035,0.1256,1.9177320110946354
0.06,0.2,0.5,0.0,local_cf,12,0.5092713362654364,0.5142576936841085,0.3447406276796997,0.265,0.8763,0.0004,0.1233,1.7293457476243401
0.06,0.2,0.5,0.0,local_cf,13,0.525746492476239,0.5301715175741157,0.34563047114209305,0.265,0.87405,0.0003,0.12565,1.8740038245568562
0.06,0.2,0.5,0.0,local_cf,14,0.49961878918402114,0.5016406175893647,0.33628984157686637,0.265,0.87735,0.00055,0.1221,1.7064694539726646
0.06,0.2,0.5,0.0,local_cf,15,0.49128662390873923,0.49400741511358903,0.3167203455880064,0.25,0.87265,0.0005,0.12685,1.7371223107094675
0.06,0.2,0.5,0.0,local_cf,16,0.5398227235682644,0.5157425689287609,0.35037286630400055,0.285,0.8849,0.00035,0.11475,1.7764296517634979
0.06,0.2,0.5,0.0,local_cf,17,0.501087792958863,0.5040393113531938,0.34003242537295214,0.255,0.8839,0.0005,0.1156,1.719437404414196
0.06,0.2,0.5,0.0,local_cf,18,0.5282595433746189,0.5225706856926374,0.3503241499977873,0.26,0.8784,0.00055,0.12105,1.8709442608127687
0.06,0.2,0.5,0.0,local_cf,19,0.4817971947725576,0.4938388904419979,0.3207941430468806,0.26,0.87775,0.00035,0.1219,1.7547823046700621
0.06,0.2,0.5,0.0,local_cf,20,0.527119700541352,0.5213100279536443,0.35355132926823907,0.29,0.8791,0.00065,0.12025,1.7545719057892348
0.12,0.2,0.5,0.0,local_cf,1,0.5380338813570394,0.5437358123370646,0.3707499054701306,0.275,0.87945,0.00055,0.12,1.976581890560059
0.12,0.2,0.5,0.0,local_cf,2,0.5039942537498406,0.49703373128790185,0.34001252355750117,0.26,0.877,0.0003,0.1227,1.6304440299272833
0.12,0.2,0.5,0.0,local_cf,3,0.4890296296058673,0.49494402350646494,0.323799449812235,0.285,0.8705,0.00105,0.12845,1.723358689372701
0.12,0.2,0.5,0.0,local_cf,4,0.5382270372131428,0.5448592457087946,0.3749191419008092,0.32,0.87355,0.00035,0.1261,1.9357156090712502
0.12,0.2,0.5,0.0,local_cf,5,0.5029302632833011,0.4888547290990246,0.316637024757431,0.225,0.8639,0.00045,0.13565,1.7249304539069577
0.12,0.2,0.5,0.0,local_cf,6,0.5186356672752157,0.524886672249233,0.3607028707658405,0.29,0.87165,0.0005,0.12785,1.7771424722273805
0.12,0.2,0.5,0.0,local_cf,7,0.513637667411623,0.49596299115202114,0.3245549085171828,0.275,0.88355,0.00045,0.116,1.634764277060813
0.12,0.2,0.5,0.0,local_cf,8,0.5087707013838418,0.5009150862745299,0.3249245802522324,0.24,0.87625,0.00045,0.1233,1.8350980206636245
0.12,0.2,0.5,0.0,local_cf,9,0.5037796340055101,0.48638309771554616,0.32354253749290574,0.255,0.88355,0.0001,0.11635,1.6459191747203548
0.12,0.2,0.5,0.0,local_cf,10,0.4783554051954107,0.4777875032913549,0.30141464952267777,0.21,0.8791,0.0005,0.1204,1.7656810020125582
0.12,0.2,0.5,0.0,local_cf,11,0.5245057294818782,0.5085683290485727,0.333451426866343,0.26,0.87185,0.00035,0.1278,1.859540714182723
0.12,0.2,0.5,0.0,local_cf,12,0.5092713362654364,0.5210360510738864,0.34486186282130843,0.26,0.8725,0.0005,0.127,1.881648473923242
0.12,0.2,0.5,0.0,local_cf,13,0.525746492476239,0.5202344650759168,0.3386006393930465,0.245,0.8739,0.00035,0.12575,1.826727430333636
0.12,0.2,0.5,0.0,local_cf,14,0.49961878918402114,0.5108218912976991,0.3516148519161017,0.315,0.8753,0.0002,0.1245,1.6671788451141276
0.12,0.2,0.5,0.0,local_cf,15,0.49128662390873923,0.4778682374676382,0.29897229298001554,0.2,0.87415,0.00035,0.1255,1.6564167238162908
0.12,0.2,0.5,0.0,local_cf,16,0.5398227235682644,0.5227594970116499,0.34481110680283267,0.24,0.88885,0.0004,0.11075,1.8352552193344471
0.12,0.2,0.5,0.0,local_cf,17,0.501087792958863,0.4912075084843224,0.32328609809391246,0.24,0.88495,0.0006,0.11445,1.7138251762985461
0.12,0.2,0.5,0.0,local_cf,18,0.5282595433746189,0.5409440548955974,0.37012790773696985,0.285,0.8756,0.00045,0.12395,1.9165743245805025
0.12,0.2,0.5,0.0,local_cf,19,0.4817971947725576,0.49170920778705207,0.322357762397546,0.235,0.87575,0.00075,0.1235,1.7337069059138397
0.12,0.2,0.5,0.0,local_cf,20,0.527119700541352,0.5366106067753145,0.3752655300424547,0.325,0.87375,0.00025,0.126,1.7418779215097193
0.0,0.5,0.5,0.0,local_cf,1,0.5380338813570394,0.568824250061913,0.40775490943278925,0.38,0.61615,0.0378,0.34605,1.9592693892244983
0.0,0.5,0.5,0.0,local_cf,2,0.5039942537498406,0.5214697233655996,0.36849141522542506,0.325,0.6198,0.0415,0.3387,1.6683302555441373
0.0,0.5,0.5,0.0,local_cf,3,0.4890296296058673,0.5036484212498196,0.3433612110452522,0.3,0.60905,0.03995,0.351,1.6751543139036262
0.0,0.5,0.5,0.0,local_cf,4,0.5382270372131428,0.5610639042311482,0.40047703227117687,0.38,0.61975,0.0398,0.34045,1.9174561290786907
0.0,0.5,0.5,0.0,local_cf,5,0.5029302632833011,0.5231156234150545,0.36281864556186405,0.315,0.6166,0.0414,0.342,1.7479643691435975
0.0,0.5,0.5,0.0,local_cf,6,0.5186356672752157,0.5469133479120707,0.3945931179930571,0.38,0.61475,0.04065,0.3446,1.7662403008651189
0.0,0.5,0.5,0.0,local_cf,7,0.513637667411623,0.5348088810734584,0.37628390067865863,0.355,0.62365,0.0399,0.33645,1.6711973542058394
0.0,0.5,0.5,0.0,local_cf,8,0.5087707013838418,0.541459338061743,0.3769292835595905,0.335,0.6126,0.0381,0.3493,1.8647856229490298
0.0,0.5,0.5,0.0,local_cf,9,0.5037796340055101,0.5286115823113321,0.3792192962055643,0.355,0.63255,0.03825,0.3292,1.6719073857346824
0.0,0.5,0.5,0.0,local_cf,10,0.4783554051954107,0.507415170759446,0.35428681328150086,0.32,0.61845,0.0386,0.34295,1.6243680227520405
0.0,0.5,0.5,0.0,local_cf,11,0.5245057294818782,0.5503777209716584,0.3955152311714646,0.345,0.6165,0.0399,0.3436,1.8105423268469816
0.0,0.5,0.5,0.0,local_cf,12,0.5092713362654364,0.521738706510491,0.36034562764526984,0.29,0.6046,0.04055,0.35485,1.7312850736736203
0.0,0.5,0.5,0.0,local_cf,13,0.525746492476239,0.5378982898555194,0.37544757581191085,0.335,0.62335,0.0402,0.33645,1.6729826054829753
0.0,0.5,0.5,0.0,local_cf,14,0.49961878918402114,0.5295514391947749,0.3742265943247478,0.37,0.6193,0.0398,0.3409,1.6956346540769196
0.0,0.5,0.5,0.0,local_cf,15,0.49128662390873923,0.5287310616311756,0.3611566608862249,0.31,0.6085,0.04,0.3515,1.7119274440303707
0.0,0.5,0.5,0.0,local_cf,16,0.5398227235682644,0.5606355541687982,0.4010065947095561,0.395,0.6344,0.03645,0.32915,1.8147905417565529
0.0,0.5,0.5,0.0,local_cf,17,0.501087792958863,0.5219012758101129,0.37654592138553306,0.35,0.62645,0.03765,0.3359,1.6176641582999196
0.0,0.5,0.5,0.0,local_cf,18,0.5282595433746189,0.5544087089812044,0.39232250559205156,0.33,0.61805,0.03615,0.3458,1.8484050912979706
0.0,0.5,0.5,0.0,local_cf,19,0.4817971947725576,0.4975231525817535,0.33467775631451857,0.285,0.6168,0.0391,0.3441,1.6547936678518707
0.0,0.5,0.5,0.0,local_cf,20,0.527119700541352,0.5472440108106978,0.39570485987333853,0.385,0.6236,0.03855,0.33785,1.725889157607581
0.03,0.5,0.5,0.0,local_cf,1,0.5380338813570394,0.5942685905613929,0.44634459611825794,0.435,0.6312,0.0362,0.3326,1.9477763614159687
0.03,0.5,0.5,0.0,local_cf,2,0.5039942537498406,0.5700437609174884,0.424585061330517,0.41,0.62495,0.03975,0.3353,1.777238497770449
0.03,0.5,0.5,0.0,local_cf,3,0.4890296296058673,0.5610787978558791,0.41089140263302437,0.385,0.6255,0.03935,0.33515,1.8111904543214854
0.03,0.5,0.5,0.0,local_cf,4,0.5382270372131428,0.6085522947612286,0.4611995417823973,0.44,0.62905,0.0392,0.33175,1.9999221266899216
0.03,0.5,0.5,0.0,local_cf,5,0.5029302632833011,0.546408767881173,0.3947415627052706,0.365,0.6145,0.0404,0.3451,1.7575805842963277
0.03,0.5,0.5,0.0,local_cf,6,0.5186356672752157,0.5902144783922597,0.454403967872633,0.435,0.63145,0.03995,0.3286,1.797885424545602
0.03,0.5,0.5,0.0,local_cf,7,0.513637667411623,0.5540278913985628,0.39981547860986,0.405,0.6319,0.038,0.3301,1.7073123081355535
0.03,0.5,0.5,0.0,local_cf,8,0.5087707013838418,0.5849211754736579,0.4391548473756332,0.44,0.6269,0.04015,0.33295,1.8478500860366287
0.03,0.5,0.5,0.0,local_cf,9,0.5037796340055101,0.5521375836177027,0.4138871549336434,0.425,0.6364,0.03885,0.32475,1.660721052348636
0.03,0.5,0.5,0.0,local_cf,10,0.4783554051954107,0.5370859769501193,0.38498947256385835,0.34,0.62335,0.0389,0.33775,1.7136076131322193
0.03,0.5,0.5,0.0,local_cf,11,0.5245057294818782,0.5854186499439286,0.44882239491972586,0.465,0.63815,0.0415,0.32035,1.7972486603157782
0.03,0.5,0.5,0.0,local_cf,12,0.5092713362654364,0.558680279531277,0.40571205803742716,0.375,0.621,0.0393,0.3397,1.7605385223900574
0.03,0.5,0.5,0.0,local_cf,13,0.525746492476239,0.5766816303114176,0.42030144382283624,0.43,0.6254,0.03875,0.33585,1.7964377653484516
0.03,0.5,0.5,0.0,local_cf,14,0.49961878918402114,0.5610029335736444,0.41869062054321904,0.41,0.6263,0.04065,0.33305,1.7103029568102799
0.03,0.5,0.5,0.0,local_cf,15,0.49128662390873923,0.553930394686024,0.3943630058850374,0.39,0.6224,0.04005,0.33755,1.7339528998804596
0.03,0.5,0.5,0.0,local_cf,16,0.5398227235682644,0.6034076054576629,0.4493390960764254,0.44,0.63805,0.0381,0.32385,1.918956221632107
0.03,0.5,0.5,0.0,local_cf,17,0.501087792958863,0.5576383548499012,0.41906355082168434,0.41,0.63375,0.03755,0.3287,1.6957773957022553
0.03,0.5,0.5,0.0,local_cf,18,0.5282595433746189,0.5921273132131154,0.4484823758250065,0.43,0.6258,0.0366,0.3376,1.871280511064218
0.03,0.5,0.5,0.0,local_cf,19,0.4817971947725576,0.5395799189812457,0.3847427609493732,0.35,0.619,0.0397,0.3413,1.7153838118421447
0.03,0.5,0.5,0.0,local_cf,20,0.527119700541352,0.5984163014961817,0.45607528992666074,0.49,0.64085,0.0391,0.32005,1.8202391324203373
0.06,0.5,0.5,0.0,local_cf,1,0.5380338813570394,0.6562457919288408,0.5275842091302726,0.555,0.65005,0.0382,0.31175,2.0921834996285216
0.06,0.5,0.5,0.0,local_cf,2,0.5039942537498406,0.5965409268429953,0.4685002482085171,0.485,0.6416,0.04025,0.31815,1.7760070623362703
0.06,0.5,0.5,0.0,local_cf,3,0.4890296296058673,0.5948490621235963,0.4502852276096799,0.43,0.6265,0.0408,0.3327,1.8829541663147529
0.06,0.5,0.5,0.0,local_cf,4,0.5382270372131428,0.6561054560064022,0.5313595725494684,0.56,0.6491,0.0404,0.3105,2.0545578738215236
0.06,0.5,0.5,0.0,local_cf,5,0.5029302632833011,0.5944759312966911,0.46062362129109,0.465,0.63495,0.0419,0.32315,1.8142186190108365
0.06,0.5,0.5,0.0,local_cf,6,0.5186356672752157,0.6335588608527998,0.5035424685428979,0.525,0.64405,0.0411,0.31485,1.9579896361701226
0.06,0.5,0.5,0.0,local_cf,7,0.513637667411623,0.6038854327619627,0.46132731464013943,0.47,0.64555,0.03855,0.3159,1.845195575808223
0.06,0.5,0.5,0.0,local_cf,8,0.5087707013838418,0.6269501619184,0.4875617299609598,0.5,0.63455,0.0393,0.32615,2.017586498253619
0.06,0.5,0.5,0.0,local_cf,9,0.5037796340055101,0.5990169084791431,0.46227466500212416,0.48,0.6466,0.03895,0.31445,1.857936948410128
0.06,0.5,0.5,0.0,local_cf,10,0.4783554051954107,0.581379840619511,0.44322858082613165,0.45,0.63585,0.03875,0.3254,1.7928485061450952
0.06,0.5,0.5,0.0,local_cf,11,0.5245057294818782,0.6380867919060169,0.5059196811281417,0.525,0.63525,0.0414,0.32335,1.989819389588021
0.06,0.5,0.5,0.0,local_cf,12,0.5092713362654364,0.6216418612930531,0.48636478633286073,0.505,0.63875,0.04015,0.3211,1.9175528279730358
0.06,0.5,0.5,0.0,local_cf,13,0.525746492476239,0.6358907246392586,0.5021713431995627,0.54,0.6452,0.03975,0.31505,1.976367281893176
0.06,0.5,0.5,0.0,local_cf,14,0.49961878918402114,0.6022502646313534,0.4692835956309719,0.47,0.6385,0.04285,0.31865,1.7649379189497287
0.06,0.5,0.5,0.0,local_cf,15,0.49128662390873923,0.5934753557455206,0.4472748393830696,0.445,0.6335,0.0391,0.3274,1.8230958414404483
0.06,0.5,0.5,0.0,local_cf,16,0.5398227235682644,0.6483963188386295,0.5129296746498266,0.525,0.6506,0.03785,0.31155,2.080452302807665
0.06,0.5,0.5,0.0,local_cf,17,0.501087792958863,0.6059610501753566,0.4759136919262577,0.51,0.64535,0.03975,0.3149,1.8388192749818433
0.06,0.5,0.5,0.0,local_cf,18,0.5282595433746189,0.6581080667354224,0.5281708493906884,0.535,0.65675,0.0355,0.30775,2.136189551678901
0.06,0.5,0.5,0.0,local_cf,19,0.4817971947725576,0.5965863787159131,0.4522095436323114,0.45,0.6338,0.039,0.3272,1.869048640687992
0.06,0.5,0.5,0.0,local_cf,20,0.527119700541352,0.6290508618279795,0.4927823261371161,0.53,0.65605,0.04055,0.3034,1.8718156149765832
0.12,0.5,0.5,0.0,local_cf,1,0.5380338813570394,0.7261744681691917,0.6163796445377261,0.675,0.6678,0.03935,0.29285,2.433513057192415
0.12,0.5,0.5,0.0,local_cf,2,0.5039942537498406,0.6713896467497348,0.5460834542900006,0.56,0.6548,0.0422,0.303,2.181129532882044
0.12,0.5,0.5,0.0,local_cf,3,0.4890296296058673,0.701477420794439,0.5781770685771146,0.59,0.6531,0.0408,0.3061,2.2991214577559838
0.12,0.5,0.5,0.0,local_cf,4,0.5382270372131428,0.7368748440134866,0.6181872138633636,0.665,0.66695,0.0422,0.29085,2.296944683340287
0.12,0.5,0.5,0.0,local_cf,5,0.5029302632833011,0.7230089475898884,0.6036766167874147,0.64,0.6352,0.0482,0.3166,2.473823712008422
0.12,0.5,0.5,0.0,local_cf,6,0.5186356672752157,0.6991516384125694,0.5805537447968157,0.625,0.66185,0.0411,0.29705,2.293922828533168
0.12,0.5,0.5,0.0,local_cf,7,0.513637667411623,0.6933912964748802,0.559519779849999,0.64,0.66945,0.04165,0.2889,2.034685845670995
0.12,0.5,0.5,0.0,local_cf,8,0.5087707013838418,0.7103196476870426,0.592657469038052,0.62,0.66705,0.0401,0.29285,2.329968108036083
0.12,0.5,0.5,0.0,local_cf,9,0.5037796340055101,0.6735577235557085,0.5463357651741361,0.565,0.66145,0.04105,0.2975,2.2061478708358955
0.12,0.5,0.5,0.0,local_cf,10,0.4783554051954107,0.6798236800788807,0.5598602184541902,0.58,0.6538,0.0397,0.3065,2.168794359922903
0.12,0.5,0.5,0.0,local_cf,11,0.5245057294818782,0.7178193690955377,0.6041612647573525,0.645,0.66575,0.0419,0.29235,2.405600162492534
0.12,0.5,0.5,0.0,local_cf,12,0.5092713362654364,0.7158655379247543,0.58363006545266,0.595,0.66125,0.0413,0.29745,2.1231223840990183
0.12,0.5,0.5,0.0,local_cf,13,0.525746492476239,0.7076781104735445,0.5855288327792383,0.64,0.6771,0.04035,0.28255,2.3642126423217795
0.12,0.5,0.5,0.0,local_cf,14,0.49961878918402114,0.684676726186797,0.5523370796089805,0.585,0.65145,0.042,0.30655,2.3130425213503005
0.12,0.5,0.5,0.0,local_cf,15,0.49128662390873923,0.68049338275471,0.5411216231869472,0.6,0.6535,0.04125,0.30525,2.1221371147837456
0.12,0.5,0.5,0.0,local_cf,16,0.5398227235682644,0.740029629669192,0.6197484428408481,0.67,0.67745,0.0385,0.28405,2.488762778088584
0.12,0.5,0.5,0.0,local_cf,17,0.501087792958863,0.6934816238351631,0.571942604983175,0.615,0.66875,0.04525,0.286,2.267817533651506
0.12,0.5,0.5,0.0,local_cf,18,0.5282595433746189,0.7351492186054318,0.623702339413282,0.67,0.6676,0.03755,0.29485,2.4180522739312944
0.12,0.5,0.5,0.0,local_cf,19,0.4817971947725576,0.6985867853176544,0.5735348922668522,0.6,0.652,0.04295,0.30505,2.260742322022502
0.12,0.5,0.5,0.0,local_cf,20,0.527119700541352,0.7146364553236686,0.5952905249435575,0.67,0.6716,0.044,0.2844,2.2815670313356735
0.0,1.0,0.5,0.0,local_cf,1,0.5380338813570394,0.558017705413554,0.4059272042324962,0.38,0.4906,0.1178,0.3916,1.814063006684807
0.0,1.0,0.5,0.0,local_cf,2,0.5039942537498406,0.5252681137333881,0.3841455637371032,0.345,0.4964,0.1187,0.3849,1.5993898019829584
0.0,1.0,0.5,0.0,local_cf,3,0.4890296296058673,0.5150041072130955,0.36385897713245824,0.325,0.48845,0.1176,0.39395,1.6387478088306653
0.0,1.0,0.5,0.0,local_cf,4,0.5382270372131428,0.5672595745251763,0.4154579882458356,0.385,0.501,0.11985,0.37915,1.8519789585235202
0.0,1.0,0.5,0.0,local_cf,5,0.5029302632833011,0.5257014392666826,0.3762750229482586,0.325,0.4873,0.12025,0.39245,1.6626347029439028
0.0,1.0,0.5,0.0,local_cf,6,0.5186356672752157,0.543379419977645,0.39920790200224865,0.37,0.4896,0.1187,0.3917,1.6843844461997477
0.0,1.0,0.5,0.0,local_cf,7,0.513637667411623,0.5478667001380877,0.39619090064930995,0.365,0.50395,0.11555,0.3805,1.6558457523612773
0.0,1.0,0.5,0.0,local_cf,8,0.5087707013838418,0.5341691912051181,0.37494477556821765,0.32,0.47955,0.11915,0.4013,1.781685463064993
0.0,1.0,0.5,0.0,local_cf,9,0.5037796340055101,0.5238541102108877,0.38352524575404046,0.37,0.5062,0.1161,0.3777,1.584953789766021
0.0,1.0,0.5,0.0,local_cf,10,0.4783554051954107,0.5046957066573937,0.3534093205375366,0.3,0.48855,0.1188,0.39265,1.6057199145760768
0.0,1.0,0.5,0.0,local_cf,11,0.5245057294818782,0.5556857049155687,0.4091616803501118,0.37,0.50185,0.1179,0.38025,1.7523041128682781
0.0,1.0,0.5,0.0,local_cf,12,0.5092713362654364,0.5339717336100699,0.3796568772394528,0.325,0.48005,0.1169,0.40305,1.6740258813223992
0.0,1.0,0.5,0.0,local_cf,13,0.525746492476239,0.5509616301962104,0.39659348149739876,0.36,0.49785,0.11615,0.386,1.758047418851126
0.0,1.0,0.5,0.0,local_cf,14,0.49961878918402114,0.5252898589582583,0.3819019239967807,0.355,0.4996,0.12065,0.37975,1.5653376783159234
0.0,1.0,0.5,0.0,local_cf,15,0.49128662390873923,0.5133477311677099,0.3463531629661258,0.295,0.47185,0.1167,0.41145,1.6155357675256024
0.0,1.0,0.5,0.0,local_cf,16,0.5398227235682644,0.5629707496784083,0.40987891425651257,0.365,0.50375,0.11215,0.3841,1.7702785988117216
0.0,1.0,0.5,0.0,local_cf,17,0.501087792958863,0.5309413570993078,0.38549412593342725,0.33,0.50105,0.1179,0.38105,1.6497719769993704
0.0,1.0,0.5,0.0,local_cf,18,0.5282595433746189,0.5598735556887913,0.4047714297163577,0.365,0.4852,0.1132,0.4016,1.8094338539818515
0.0,1.0,0.5,0.0,local_cf,19,0.4817971947725576,0.4967982223582444,0.34193724892122207,0.29,0.4882,0.1194,0.3924,1.5495137696188104
0.0,1.0,0.5,0.0,local_cf,20,0.527119700541352,0.5612133805160697,0.4154057020881164,0.405,0.5108,0.118,0.3712,1.699187286546093
0.03,1.0,0.5,0.0,local_cf,1,0.5380338813570394,0.750917907631268,0.6538831747594344,0.675,0.5653,0.11265,0.32205,2.5003533060584906
0.03,1.0,0.5,0.0,local_cf,2,0.5039942537498406,0.6838288203705588,0.5763148833103219,0.605,0.54695,0.11835,0.3347,2.034492985651554
0.03,1.0,0.5,0.0,local_cf,3,0.4890296296058673,0.7055385745987135,0.5934739435611273,0.61,0.538,0.11955,0.34245,2.2784140739955467
0.03,1.0,0.5,0.0,local_cf,4,0.5382270372131428,0.7354429526005615,0.6318179929087544,0.67,0.56025,0.1176,0.32215,2.443773380029763
0.03,1.0,0.5,0.0,local_cf,5,0.5029302632833011,0.7003940028958382,0.5820444740716687,0.605,0.53535,0.1186,0.34605,2.317221377264382
0.03,1.0,0.5,0.0,local_cf,6,0.5186356672752157,0.7205740289365824,0.6146550126728406,0.63,0.5562,0.11625,0.32755,2.317067158289505
0.03,1.0,0.5,0.0,local_cf,7,0.513637667411623,0.7028427091097226,0.589671595062321,0.645,0.56715,0.1181,0.31475,2.1230604945163325
0.03,1.0,0.5,0.0,local_cf,8,0.5087707013838418,0.7126246969264103,0.6022565131314523,0.62,0.552,0.11625,0.33175,2.311608508388865
0.03,1.0,0.5,0.0,local_cf,9,0.5037796340055101,0.6921704810807822,0.5845307690452121,0.615,0.5553,0.1139,0.3308,2.1290494291009923
0.03,1.0,0.5,0.0,local_cf,10,0.4783554051954107,0.6789783776725901,0.563648489160167,0.575,0.5392,0.1166,0.3442,2.105594056177504
0.03,1.0,0.5,0.0,local_cf,11,0.5245057294818782,0.7092342934275021,0.6031134772708792,0.62,0.56115,0.1196,0.31925,2.2314652712388776
0.03,1.0,0.5,0.0,local_cf,12,0.5092713362654364,0.7151296831175799,0.6050221349592423,0.63,0.5462,0.11665,0.33715,2.1647129909506297
0.03,1.0,0.5,0.0,local_cf,13,0.525746492476239,0.7269631456275993,0.6177685321317145,0.65,0.5536,0.11665,0.32975,2.3680582226743487
0.03,1.0,0.5,0.0,local_cf,14,0.49961878918402114,0.6764075320737097,0.5676121766751534,0.595,0.54895,0.12065,0.3304,2.0127370416359875
0.03,1.0,0.5,0.0,local_cf,15,0.49128662390873923,0.6837242478808531,0.5588935157136196,0.59,0.54305,0.11725,0.3397,2.0501586135083176
0.03,1.0,0.5,0.0,local_cf,16,0.5398227235682644,0.7383358502018308,0.6289265893389238,0.66,0.56485,0.1137,0.32145,2.4088240415726965
0.03,1.0,0.5,0.0,local_cf,17,0.501087792958863,0.7048308518719162,0.6050645492297897,0.64,0.5589,0.1179,0.3232,2.0897072354893385
0.03,1.0,0.5,0.0,local_cf,18,0.5282595433746189,0.7507398415825315,0.6481969505034388,0.68,0.5636,0.11565,0.32075,2.5155262899282054
0.03,1.0,0.5,0.0,local_cf,19,0.4817971947725576,0.6944137225293833,0.5783576680615412,0.605,0.545,0.11915,0.33585,2.097353287226056
0.03,1.0,0.5,0.0,local_cf,20,0.527119700541352,0.7131836097140044,0.6031564427463083,0.64,0.5617,0.11745,0.32085,2.1836294370230314
0.06,1.0,0.5,0.0,local_cf,1,0.5380338813570394,0.8541266726745954,0.7815939877299778,0.84,0.59725,0.1121,0.29065,3.6922033847606492
0.06,1.0,0.5,0.0,local_cf,2,0.5039942537498406,0.7964642228467494,0.7123816542855106,0.755,0.5814,0.1155,0.3031,2.7179920901823666
0.06,1.0,0.5,0.0,local_cf,3,0.4890296296058673,0.8073620957964639,0.7204610474555373,0.78,0.58545,0.1173,0.29725,2.8300999381265264
0.06,1.0,0.5,0.0,local_cf,4,0.5382270372131428,0.8491422878065746,0.777729674282047,0.835,0.59355,0.1169,0.28955,3.447620607353478
0.06,1.0,0.5,0.0,local_cf,5,0.5029302632833011,0.8386814440908162,0.7611700025801883,0.815,0.5806,0.1183,0.3011,3.455677213699959
0.06,1.0,0.5,0.0,local_cf,6,0.5186356672752157,0.8387819728202572,0.7631735578123329,0.825,0.59145,0.1146,0.29395,3.3629269325695827
0.06,1.0,0.5,0.0,local_cf,7,0.513637667411623,0.7946281599115325,0.709875521896285,0.765,0.586,0.11745,0.29655,2.7914805496874187
0.06,1.0,0.5,0.0,local_cf,8,0.5087707013838418,0.8327109248682802,0.7572305112189216,0.805,0.5917,0.1141,0.2942,3.2320459818654736
0.06,1.0,0.5,0.0,local_cf,9,0.5037796340055101,0.8015100460831934,0.719546523241359,0.775,0.59625,0.115,0.28875,2.88252467679391
0.06,1.0,0.5,0.0,local_cf,10,0.4783554051954107,0.7811745337065737,0.6917480512822267,0.74,0.57755,0.11485,0.3076,2.714114797515569
0.06,1.0,0.5,0.0,local_cf,11,0.5245057294818782,0.8146245696542596,0.7370184366910212,0.8,0.5891,0.1174,0.2935,2.723593499283301
0.06,1.0,0.5,0.0,local_cf,12,0.5092713362654364,0.8128691114711881,0.7266619025190999,0.79,0.5886,0.11755,0.29385,2.7119973204139516
0.06,1.0,0.5,0.0,local_cf,13,0.525746492476239,0.8220154520278353,0.7357425149010725,0.82,0.5922,0.1156,0.2922,2.8978709249964445
0.06,1.0,0.5,0.0,local_cf,14,0.49961878918402114,0.8078236864189676,0.7234867800220813,0.785,0.5832,0.11775,0.29905,2.795965364078947
0.06,1.0,0.5,0.0,local_cf,15,0.49128662390873923,0.8191928044978479,0.72542510725151,0.77,0.58295,0.11715,0.2999,3.3703707383623285
0.06,1.0,0.5,0.0,local_cf,16,0.5398227235682644,0.849738720728086,0.7806099780337179,0.855,0.60745,0.11195,0.2806,3.396322094829117
0.06,1.0,0.5,0.0,local_cf,17,0.501087792958863,0.798242135514742,0.7275405883767451,0.79,0.5964,0.11685,0.28675,2.65452638556937
0.06,1.0,0.5,0.0,local_cf,18,0.5282595433746189,0.8570739645990152,0.7865688713925489,0.845,0.6076,0.1144,0.278,3.394126142424186
0.06,1.0,0.5,0.0,local_cf,19,0.4817971947725576,0.8243202315063062,0.7384565422093377,0.8,0.58155,0.11635,0.3021,3.1846089550042005
0.06,1.0,0.5,0.0,local_cf,20,0.527119700541352,0.8178791116170003,0.7325655134566249,0.8,0.60135,0.11695,0.2817,2.958832850454869
0.12,1.0,0.5,0.0,local_cf,1,0.5380338813570394,0.9450811619988889,0.9014443808713736,0.98,0.63155,0.11845,0.25,8.546539156203442
0.12,1.0,0.5,0.0,local_cf,2,0.5039942537498406,0.9254267062282017,0.8689810339188904,0.95,0.61585,0.1221,0.26205,3.54231250673038
0.12,1.0,0.5,0.0,local_cf,3,0.4890296296058673,0.919902480420795,0.8629641831678398,0.945,0.62025,0.119,0.26075,4.216380399498147
0.12,1.0,0.5,0.0,local_cf,4,0.5382270372131428,0.9124935999626661,0.8576004090562117,0.94,0.62915,0.1197,0.25115,4.281325328881282
0.12,1.0,0.5,0.0,local_cf,5,0.5029302632833011,0.9267135781422218,0.8799297285135219,0.955,0.62395,0.1204,0.25565,6.409107505813997
0.12,1.0,0.5,0.0,local_cf,6,0.5186356672752157,0.9363977072373656,0.8819068940691792,0.975,0.6304,0.1185,0.2511,3.701224458061632
0.12,1.0,0.5,0.0,local_cf,7,0.513637667411623,0.9225665803804768,0.8621954441617546,0.94,0.62295,0.11955,0.2575,3.3666020458221935
0.12,1.0,0.5,0.0,local_cf,8,0.5087707013838418,0.9312664707739187,0.879575272526466,0.955,0.62835,0.11265,0.259,4.57816281175019
0.12,1.0,0.5,0.0,local_cf,9,0.5037796340055101,0.9121437091832297,0.8535888710093278,0.94,0.6252,0.1148,0.26,4.853398077835779
0.12,1.0,0.5,0.0,local_cf,10,0.4783554051954107,0.9266224941345862,0.8728275329775523,0.96,0.62905,0.1182,0.25275,5.858183124393451
0.12,1.0,0.5,0.0,local_cf,11,0.5245057294818782,0.9265227889913175,0.8814478636461857,0.95,0.62245,0.11825,0.2593,5.910421309945001
0.12,1.0,0.5,0.0,local_cf,12,0.5092713362654364,0.9295469255215931,0.863723732810386,0.965,0.6227,0.1178,0.2595,2.5351808093783292
0.12,1.0,0.5,0.0,local_cf,13,0.525746492476239,0.9394727691921833,0.8840337362888063,0.975,0.6344,0.1151,0.2505,3.358743860196227
0.12,1.0,0.5,0.0,local_cf,14,0.49961878918402114,0.9290101482618555,0.8771828177143839,0.955,0.6198,0.12075,0.25945,5.5842588886001865
0.12,1.0,0.5,0.0,local_cf,15,0.49128662390873923,0.9284687005198051,0.8574291732728816,0.965,0.62865,0.11905,0.2523,2.5307991906987324
0.12,1.0,0.5,0.0,local_cf,16,0.5398227235682644,0.9428801392370283,0.8922843124033215,0.98,0.6416,0.1159,0.2425,3.6406022092867154
0.12,1.0,0.5,0.0,local_cf,17,0.501087792958863,0.9282784489777538,0.8772854410831505,0.96,0.63,0.1167,0.2533,7.615191145587956
0.12,1.0,0.5,0.0,local_cf,18,0.5282595433746189,0.939305649625237,0.888290026239423,0.975,0.63535,0.1171,0.24755,4.276387941337869
0.12,1.0,0.5,0.0,local_cf,19,0.4817971947725576,0.9083392685897409,0.8508943557077043,0.93,0.6173,0.1178,0.2649,4.930498576365746
0.12,1.0,0.5,0.0,local_cf,20,0.527119700541352,0.9249563602036003,0.8595757940590398,0.955,0.6323,0.11245,0.25525,2.7903870546940746
