initial_preference_width,adaptive_tolerance,initial_distribution,social_signal_weight,trending_weight,regime,seed,initial_mean_extremity,initial_opinion_variance,initial_extreme_share,final_mean_opinion,final_mean_extremity,final_opinion_variance,final_extreme_share,final_preference_width,final_preference_extremity,final_acceptance_threshold,final_rejection_threshold,final_acceptance_rate,final_ignore_rate,final_backfire_rate,final_avg_exposure_distance,final_opinion_bimodality,final_acceptance_history_filled
0.2,False,moderate,0.0,0.5,global_trending,1,0.19895349315467883,0.06161311911190769,0.0,0.012455966459726868,0.06089023560912961,0.01159249004795603,0.005,0.12690628538098914,0.06270766313890475,0.26585000000000003,0.7014999999999999,0.79885,0.1984,0.00275,0.10623757780296625,0.6965552853891857,0.998
0.2,False,moderate,0.0,0.5,global_trending,2,0.19957916579625706,0.05862261540272574,0.005,0.011453679978286191,0.08124040203815558,0.02476670078055514,0.015,0.1260424687236542,0.08431468764624382,0.26330000000000003,0.6969999999999998,0.78785,0.20625,0.0059,0.11516029104943726,0.5817877986210941,0.988
0.2,False,moderate,0.0,0.5,global_trending,3,0.19460242571489142,0.06537622674168732,0.015,0.016043939447688955,0.08548751603330988,0.03367367158916034,0.025,0.12475028468700755,0.08724729818175382,0.26160000000000005,0.694,0.78685,0.2056,0.00755,0.10933690623949338,0.5119475530539307,0.9830000000000001
0.2,False,moderate,0.0,0.5,global_trending,4,0.20581124986312146,0.06944259976317083,0.005,-0.03141197000851157,0.09934396590498448,0.03688531600832012,0.02,0.12500775006998993,0.10289021777485806,0.2667,0.7029999999999998,0.7816,0.21055,0.00785,0.13109398031592767,0.5407721366291297,0.9934999999999999
0.2,False,moderate,0.0,0.5,global_trending,5,0.2146503416162004,0.07057609047191062,0.0,-0.04045656840326903,0.08670788138351786,0.020162007253462795,0.01,0.12695393352088472,0.08044724268801087,0.2573500000000001,0.6864999999999999,0.7689,0.2267,0.0044,0.11536238645732468,0.6385166609722099,0.997
0.2,False,moderate,0.0,0.5,global_trending,6,0.2141446020620689,0.06581844967778659,0.0,-0.008747024880966183,0.07524968859940766,0.017954834545769918,0.005,0.12629776641489404,0.08097084566779213,0.265,0.7,0.7834,0.21215,0.00445,0.11736893438025063,0.7002260764201022,0.9990000000000001
0.2,False,moderate,0.0,0.5,global_trending,7,0.21429617923449054,0.07067329838481272,0.0,-0.0017171263293145555,0.08953542234451405,0.03607683773213573,0.025,0.12452988855772801,0.09573930114924956,0.2735000000000001,0.715,0.7991,0.19325,0.00765,0.12149735159035281,0.5330252257819783,0.992
0.2,False,moderate,0.0,0.5,global_trending,8,0.21116894499781647,0.06778320580768361,0.0,-0.0033947933540206254,0.07874015101851935,0.021452724773949286,0.01,0.12545482289683482,0.07569361346935638,0.2709500000000001,0.7104999999999998,0.79705,0.1971,0.00585,0.11741882966583744,0.661039049616564,0.9930000000000001
0.2,False,moderate,0.0,0.5,global_trending,9,0.1882368633789826,0.0553590980268949,0.0,-0.04447027298073126,0.08271193262132272,0.019693632495144452,0.01,0.12560234762721673,0.08414711332525543,0.26925000000000004,0.7075,0.79425,0.20075,0.005,0.10419328582148932,0.64955546396784,0.9984999999999999
0.2,False,moderate,0.0,0.5,global_trending,10,0.19067270736532788,0.05993395057723383,0.0,-0.04458706814128632,0.0836656465675716,0.025685156824212227,0.015,0.1255566709411846,0.08432977884334374,0.26585000000000003,0.7014999999999999,0.7906,0.20375,0.00565,0.12560557149336385,0.6381582361098719,0.992
0.2,False,moderate,0.0,0.5,global_trending,11,0.20677842784499334,0.06467481037168486,0.005,0.03243698813244166,0.08260467178120771,0.022885325175883722,0.015,0.12518173216539932,0.08909755752429145,0.26415000000000005,0.6984999999999999,0.79185,0.20155,0.0066,0.11957655997562265,0.5713293868646797,0.9919999999999999
0.2,False,moderate,0.0,0.5,global_trending,12,0.1874308941515868,0.05725163832708178,0.0,-0.005102566718915068,0.07716135244230647,0.02657401194213489,0.015,0.1246448181355667,0.08016240765545567,0.2684,0.706,0.7954,0.19795,0.00665,0.11962138166416185,0.5403227908773331,0.995
0.2,False,moderate,0.0,0.5,global_trending,13,0.20742413892817788,0.06883293792811497,0.0,0.015265600012045128,0.09177630221590662,0.042671492625900136,0.035,0.12332344072994939,0.09469497476074001,0.27435000000000004,0.7164999999999998,0.79655,0.193,0.01045,0.11718848283278856,0.4787397969292752,0.986
0.2,False,moderate,0.0,0.5,global_trending,14,0.20123195672027003,0.06274228539491723,0.0,-0.03716635850931356,0.08475045736743732,0.02658038497202679,0.02,0.12489036106691892,0.08744991036446167,0.26925000000000004,0.7075,0.7971,0.19615,0.00675,0.10971561935614593,0.5457253255859658,0.9905000000000002
0.2,False,moderate,0.0,0.5,global_trending,15,0.2012947361494161,0.06365860920950267,0.0,0.022899492468281782,0.08433234492394232,0.025763400671631603,0.01,0.12552454313308758,0.08550543745480954,0.265,0.7,0.7852,0.2093,0.0055,0.1202292689465726,0.6073882142983518,0.997
0.2,False,moderate,0.0,0.5,global_trending,16,0.18498124756798773,0.059191549459804434,0.015,-0.011139496617171007,0.06984655698918991,0.0211107848124193,0.015,0.12518479450758932,0.07691196058487206,0.2735,0.715,0.8125,0.18235,0.00515,0.11442740060850394,0.5231360363857891,0.9919999999999999
0.2,False,moderate,0.0,0.5,global_trending,17,0.19410702927734774,0.058698556226263306,0.0,0.014548882718417876,0.0848290347223104,0.02779534540875556,0.015,0.125410593303439,0.08729429825825771,0.25905,0.6894999999999999,0.77985,0.2132,0.00695,0.12142725420080143,0.6113195320332773,0.9919999999999999
0.2,False,moderate,0.0,0.5,global_trending,18,0.20165396048859713,0.0638130168608846,0.015,-0.01737196377483436,0.07740236819018013,0.020118224829314812,0.01,0.12585099534310548,0.0789230144186396,0.26160000000000005,0.694,0.78805,0.20705,0.0049,0.11041760911320299,0.607802346160115,0.9980000000000001
0.2,False,moderate,0.0,0.5,global_trending,19,0.19008765232764696,0.05429898269545672,0.0,-0.051739196692985344,0.08533643669644064,0.017826335128173963,0.01,0.12540413495945726,0.09200214111368282,0.27435000000000004,0.7164999999999999,0.8114,0.18445,0.00415,0.11146663153696322,0.6917074431655393,0.996
0.2,False,moderate,0.0,0.5,global_trending,20,0.22587873647799955,0.07766143396443473,0.0,0.03601701886486753,0.10311404383132089,0.0379974446531336,0.025,0.12459523948349258,0.10627688943990744,0.27265000000000006,0.7134999999999999,0.78055,0.2111,0.00835,0.12510126431588625,0.5832216656554927,0.9925
0.2,False,moderate,0.4,0.4,hybrid,1,0.19321617257398763,0.0566674539185831,0.0,-0.03504246911814854,0.09551452797381714,0.030142384248496405,0.02,0.12479992136268372,0.09654791420620484,0.26585000000000003,0.7014999999999999,0.8116,0.17485,0.01355,0.11130445924126768,0.53825540869628,0.991
0.2,False,moderate,0.4,0.4,hybrid,2,0.1829481195603874,0.0550512851626827,0.01,-0.05034734646408984,0.08080077968101175,0.014924224398304663,0.005,0.1259603105980461,0.07999361508785768,0.26330000000000003,0.6969999999999998,0.81755,0.17905,0.0034,0.10898751450068588,0.6855536193664604,0.9990000000000001
0.2,False,moderate,0.4,0.4,hybrid,3,0.2106646626315866,0.06994732496217225,0.005,0.01882259494116013,0.08814960862920138,0.029010211938980186,0.02,0.1252030815098725,0.09214098477686114,0.26160000000000005,0.694,0.80545,0.18145,0.0131,0.11098871479119263,0.5874199163837251,0.9915
0.2,False,moderate,0.4,0.4,hybrid,4,0.20012041311949155,0.06056756629775172,0.005,0.010107908939909406,0.07862270222849228,0.02484251653654891,0.015,0.12528766031649405,0.08236353083729231,0.2667,0.7029999999999998,0.81455,0.17115,0.0143,0.1102440195129589,0.5669214208390317,0.9890000000000001
0.2,False,moderate,0.4,0.4,hybrid,5,0.2061683275967824,0.061832634036016305,0.0,-0.020062296835411293,0.0794597507418307,0.018303808049740033,0.005,0.12642661069378625,0.0775368616936876,0.2573500000000001,0.6864999999999999,0.7969,0.19955,0.00355,0.10587893009483658,0.6940075139821291,0.9995
0.2,False,moderate,0.4,0.4,hybrid,6,0.21267324534980506,0.06465436415586519,0.0,0.034210826681166935,0.08712166622721021,0.02074864013635727,0.01,0.1258474877841432,0.0916321986825818,0.265,0.7,0.8079,0.1862,0.0059,0.11619543802848657,0.662961149072728,0.9965
0.2,False,moderate,0.4,0.4,hybrid,7,0.20037352873193137,0.0610382312330771,0.0,-0.011668170302819678,0.07102296398346777,0.010946160084254324,0.0,0.1257536704732152,0.07038966704350363,0.2735000000000001,0.715,0.83,0.16755,0.00245,0.09839893316476443,0.9098907663089904,1.0
0.2,False,moderate,0.4,0.4,hybrid,8,0.2034275448062265,0.0644636032440791,0.0,-0.009275323297854224,0.07874207748689924,0.023117473982155013,0.015,0.12531695829790487,0.07761490537338898,0.2709500000000001,0.7104999999999998,0.82035,0.1713,0.00835,0.10966597425629936,0.65311146652538,0.9954999999999999
0.2,False,moderate,0.4,0.4,hybrid,9,0.20217715891826288,0.06438694389400053,0.0,0.009367046264501695,0.09315151677634426,0.03286704385550601,0.025,0.12418891750519417,0.09687322295408382,0.26925000000000004,0.7075,0.81235,0.17555,0.0121,0.1152416425041811,0.5933973459332732,0.99
0.2,False,moderate,0.4,0.4,hybrid,10,0.2068569552994816,0.06586640194621558,0.005,0.01255875807583091,0.08076824110694936,0.021357761011495356,0.01,0.12562894897619362,0.08312559084240552,0.26585000000000003,0.7014999999999999,0.8088,0.1808,0.0104,0.10617733598686324,0.6513989361596338,0.9919999999999999
0.2,False,moderate,0.4,0.4,hybrid,11,0.21556996213561055,0.0773165567134178,0.0,0.01695718729216677,0.1176647862326268,0.05817206011601968,0.045,0.12294421699572128,0.11711074279529612,0.26415000000000005,0.6984999999999999,0.77915,0.19635,0.0245,0.12700269863480476,0.5522331760044925,0.976
0.2,False,moderate,0.4,0.4,hybrid,12,0.20102100163856004,0.061223564650205994,0.0,-0.0003740228315195987,0.07698150069164429,0.023294252172381017,0.015,0.12497134037189371,0.07784687339040004,0.2684,0.706,0.8202,0.1682,0.0116,0.12605040575796406,0.5868976263271073,0.9934999999999999
0.2,False,moderate,0.4,0.4,hybrid,13,0.18595935604832525,0.055627421030606,0.005,-0.026763183543453365,0.07696959651298058,0.018033057958658796,0.01,0.1252812881106533,0.07847024647173036,0.27435000000000004,0.7164999999999998,0.83385,0.15745,0.0087,0.10034825017000902,0.6444372681202818,0.9940000000000001
0.2,False,moderate,0.4,0.4,hybrid,14,0.20772308539468745,0.06836938552637523,0.005,0.0005828445098982349,0.09109887903176929,0.03189773591546624,0.02,0.12433514945580129,0.09104712256663984,0.26925000000000004,0.7075,0.81295,0.1726,0.01445,0.12438030882845133,0.5923649505160568,0.996
0.2,False,moderate,0.4,0.4,hybrid,15,0.18984696838687584,0.0550632547661015,0.0,0.0013960876681087977,0.07417062637431811,0.018475918863045112,0.01,0.1257210306165485,0.07752434988761771,0.265,0.7,0.8202,0.1754,0.0044,0.10520358137371158,0.7123872985826559,0.9975
0.2,False,moderate,0.4,0.4,hybrid,16,0.20361543741257374,0.06339240804083193,0.005,-0.028389149465690825,0.08058679617789742,0.01959874877082403,0.01,0.12545594537258734,0.08228819527654392,0.2735,0.715,0.8219,0.17,0.0081,0.1119844684955073,0.6250022670355367,0.996
0.2,False,moderate,0.4,0.4,hybrid,17,0.20350806433930327,0.06644252522756464,0.005,-0.00992251305183762,0.07587510102326064,0.0232976464006297,0.015,0.1255312725546374,0.0768178688958729,0.25905,0.6894999999999999,0.8045,0.18375,0.01175,0.12091475517342021,0.5754648941356472,0.991
0.2,False,moderate,0.4,0.4,hybrid,18,0.20362736376680787,0.06386282830834118,0.005,0.02148263486447191,0.08331379563579253,0.027260491217116486,0.02,0.12526982783482196,0.08721561719578823,0.26160000000000005,0.694,0.8103,0.17505,0.01465,0.11548530661062553,0.5467407567992478,0.9890000000000001
0.2,False,moderate,0.4,0.4,hybrid,19,0.19555984406755822,0.05901800750381609,0.0,0.0012014528095168064,0.06194755974499865,0.013421627249663315,0.005,0.12556841500165777,0.06971960676734329,0.27435000000000004,0.7164999999999999,0.8377,0.1576,0.0047,0.10878005968126138,0.6607047183459702,0.997
0.2,False,moderate,0.4,0.4,hybrid,20,0.19143317270348348,0.059806031828363714,0.005,0.006209637327818704,0.07471417418483056,0.025693284607373128,0.02,0.12473092930193432,0.08399609988331175,0.27265000000000006,0.7134999999999999,0.83105,0.15995,0.009,0.11257249300646449,0.5268414042637841,0.993
0.2,False,moderate,0.0,0.0,individual_baseline,1,0.1824988437404314,0.05346470973710256,0.0,-0.03306947193117121,0.2433686910598218,0.09180436839173442,0.015,0.12643239819914953,0.2508260452111955,0.26585000000000003,0.7014999999999999,0.84565,0.1536,0.00075,0.10190288790399876,1.3570800478068377,1.0
0.2,False,moderate,0.0,0.0,individual_baseline,2,0.17902120601861718,0.050869904768777514,0.0,0.030504524082494457,0.2502605989826369,0.10068423610084276,0.025,0.126616918581456,0.25188942106099355,0.26330000000000003,0.6969999999999998,0.84285,0.1565,0.00065,0.09738463061000324,1.285305353604936,1.0
0.2,False,moderate,0.0,0.0,individual_baseline,3,0.18611715382088498,0.05627528184104324,0.01,0.02222201507771149,0.24317069729279794,0.09786013964202503,0.02,0.1264188867857772,0.2574433782991058,0.26160000000000005,0.694,0.84495,0.15425,0.0008,0.11257391354007773,1.2366570081409658,1.0
0.2,False,moderate,0.0,0.0,individual_baseline,4,0.1870564175622205,0.05514383225987585,0.0,-0.0017917713871501162,0.24093067818910782,0.09613309244163268,0.02,0.12677050935137962,0.24824081403990572,0.2667,0.7029999999999998,0.8418,0.1577,0.0005,0.11445558950442665,1.236669668988789,1.0
0.2,False,moderate,0.0,0.0,individual_baseline,5,0.21075804227448305,0.06751562305725418,0.005,-0.018274338269197284,0.2302674827758225,0.0884950918752689,0.025,0.12704299975667796,0.23889331710843592,0.2573500000000001,0.6864999999999999,0.82605,0.173,0.00095,0.1131730243078791,1.21993600849226,1.0
0.2,False,moderate,0.0,0.0,individual_baseline,6,0.20413911628033732,0.06783043531840159,0.005,-0.019471251294849466,0.2436823996053866,0.09527518695403149,0.02,0.12660325293632968,0.2499035272159618,0.265,0.7,0.84525,0.1542,0.00055,0.1085870882174475,1.2714492139855817,1.0
0.2,False,moderate,0.0,0.0,individual_baseline,7,0.19732657259498587,0.06253131977762734,0.005,-0.010411856471782235,0.24013851325987956,0.09432819978054927,0.015,0.12582476615689825,0.24301556668569724,0.2735000000000001,0.715,0.85945,0.1397,0.00085,0.10331898533784845,1.266560229903452,1.0
0.2,False,moderate,0.0,0.0,individual_baseline,8,0.19329379717112666,0.05650480588190366,0.0,0.03427333166819534,0.2503073886859752,0.09759426411846338,0.02,0.12620611104268808,0.25085549338310825,0.2709500000000001,0.7104999999999998,0.8566,0.1429,0.0005,0.10140212513981645,1.3178103644889145,1.0
0.2,False,moderate,0.0,0.0,individual_baseline,9,0.16970176578081164,0.04822504177526213,0.0,0.015396944865647714,0.23137944046742326,0.08788867775251298,0.01,0.12599344141834762,0.24613692433551215,0.26925000000000004,0.7075,0.85395,0.14515,0.0009,0.1020965138727978,1.2431096412185267,1.0
0.2,False,moderate,0.0,0.0,individual_baseline,10,0.1976127615012494,0.06111746462900898,0.005,-0.0031031292017689137,0.25386631118244724,0.10348856815087293,0.025,0.12635504730973113,0.26072265530367694,0.26585000000000003,0.7014999999999999,0.84175,0.1572,0.00105,0.10710304919162979,1.288616701732096,1.0
0.2,False,moderate,0.0,0.0,individual_baseline,11,0.20349549476489584,0.06293247803605723,0.005,-0.018459623204330353,0.24537924008352072,0.08830737057413618,0.02,0.12647113286960143,0.250900907200663,0.26415000000000005,0.6984999999999999,0.8399,0.1591,0.001,0.10598959891889241,1.4685766277680874,1.0
0.2,False,moderate,0.0,0.0,individual_baseline,12,0.18288327538350582,0.05704220744612159,0.0,-0.018900891115085246,0.23479617189146806,0.09379992217612752,0.025,0.12580591427672347,0.2434157305893612,0.2684,0.706,0.85125,0.14745,0.0013,0.11098404647590344,1.1954581487609668,1.0
0.2,False,moderate,0.0,0.0,individual_baseline,13,0.20580097314966742,0.06810481342523307,0.005,0.017536080002348176,0.2564162515906427,0.1073112713510131,0.03,0.12600879478288418,0.26800360345822205,0.27435000000000004,0.7164999999999998,0.85755,0.14175,0.0007,0.10537844322113969,1.2520769888940728,1.0
0.2,False,moderate,0.0,0.0,individual_baseline,14,0.18184403268349938,0.05229416830448228,0.0,0.0006893313566520431,0.24798336475237184,0.09349032966219717,0.02,0.12655640735312196,0.25736863720114644,0.26925000000000004,0.7075,0.84725,0.15225,0.0005,0.10541307331055608,1.3856833399217194,1.0
0.2,False,moderate,0.0,0.0,individual_baseline,15,0.20881646243085109,0.06561088696800411,0.0,0.005140231133171527,0.2635584516936463,0.10726107321580022,0.035,0.1266305951741239,0.26821512215719884,0.265,0.7,0.83855,0.1606,0.00085,0.11426996894136647,1.3533184090054127,1.0
0.2,False,moderate,0.0,0.0,individual_baseline,16,0.20539654676956445,0.06603880365487833,0.0,-0.02499949894007837,0.25555487531440174,0.10338445028872656,0.015,0.1264287098060358,0.2617284921890302,0.2735,0.715,0.85215,0.1474,0.00045,0.10274843692261197,1.3179347982188905,1.0
0.2,False,moderate,0.0,0.0,individual_baseline,17,0.19150826287939807,0.0563219792196303,0.0,-0.014881741338929272,0.2221976458802532,0.07442944307500891,0.0,0.12644817476952241,0.23192775681112424,0.25905,0.6894999999999999,0.8362,0.1626,0.0012,0.10316566052800788,1.397549751994055,1.0
0.2,False,moderate,0.0,0.0,individual_baseline,18,0.19582148865772267,0.06027595179870273,0.0,-0.0008231314123199895,0.25034536564994697,0.10126104735199995,0.04,0.12654349033323695,0.258477760688828,0.26160000000000005,0.694,0.835,0.16385,0.00115,0.11120088458954737,1.2744678248963726,1.0
0.2,False,moderate,0.0,0.0,individual_baseline,19,0.18489900367112128,0.05632076478607704,0.0,0.0036024077433369113,0.22999685566824563,0.08477524474707049,0.005,0.1261551518771872,0.2412849557300125,0.27435000000000004,0.7164999999999999,0.8508,0.14835,0.00085,0.1034960823353438,1.2903938205491936,1.0
0.2,False,moderate,0.0,0.0,individual_baseline,20,0.20378741187206637,0.0637872270195118,0.005,-0.024155160927608953,0.25680485609951287,0.10370011049154268,0.035,0.1263964401195153,0.26611638709237906,0.27265000000000006,0.7134999999999999,0.8526,0.14695,0.00045,0.10389871858829774,1.3292832255642826,1.0
0.2,False,moderate,0.5,0.0,local_cf,1,0.20045374928756965,0.06268745966150087,0.005,-0.027586209497732737,0.21675795498576064,0.07140006653907491,0.0,0.12613483043918539,0.2200325925407595,0.26585000000000003,0.7014999999999999,0.85825,0.14125,0.0005,0.09929343962859796,1.353550586600574,1.0
0.2,False,moderate,0.5,0.0,local_cf,2,0.17808069056990966,0.053184030129405716,0.0,-0.003503734327828398,0.23568112628860788,0.08019317245880776,0.0,0.1261323984420284,0.2453761403750341,0.26330000000000003,0.6969999999999998,0.85445,0.14485,0.0007,0.10143290562910706,1.5109356807142456,1.0
0.2,False,moderate,0.5,0.0,local_cf,3,0.20778502946243826,0.0661066580039889,0.0,-0.043062547997097946,0.23686982049654237,0.085549093570752,0.0,0.12602028346578784,0.24521635488948218,0.26160000000000005,0.694,0.85535,0.14385,0.0008,0.11082459244803995,1.2909856663466681,1.0
0.2,False,moderate,0.5,0.0,local_cf,4,0.18987378962288115,0.05820332394445774,0.0,-0.006106047194847084,0.20985737847663202,0.06641691761387562,0.0,0.12590924904361012,0.2149919709163033,0.2667,0.7029999999999998,0.86205,0.13735,0.0006,0.09600521668685749,1.3955018728770896,1.0
0.2,False,moderate,0.5,0.0,local_cf,5,0.2032964294598549,0.06240025415246579,0.0,-0.014754228619241486,0.24918082108932904,0.08936926483546802,0.0,0.12614420606786084,0.2584879219327124,0.2573500000000001,0.6864999999999999,0.8511,0.14805,0.00085,0.09466434856952198,1.476409854788446,1.0
0.2,False,moderate,0.5,0.0,local_cf,6,0.20370250075719867,0.060588891314966246,0.0,0.0028891046307314137,0.23814228167459206,0.08274957959394856,0.0,0.1261624183305334,0.2429560969068121,0.265,0.7,0.85935,0.14025,0.0004,0.09283832412664453,1.4495225903292688,1.0
0.2,False,moderate,0.5,0.0,local_cf,7,0.20823154986516776,0.06381850490054455,0.0,-0.027011258918943595,0.23680231469040258,0.08918862478773124,0.0,0.12580705306358947,0.2428358036162635,0.2735000000000001,0.715,0.86715,0.13235,0.0005,0.1081338621370732,1.263884001820468,1.0
0.2,False,moderate,0.5,0.0,local_cf,8,0.2005066160059852,0.06390407610451052,0.005,0.004723485453756232,0.2310958680330082,0.07913259427844099,0.0,0.12550677820316805,0.23978005927416035,0.2709500000000001,0.7104999999999998,0.8677,0.13145,0.00085,0.10333367259608828,1.4409413824832578,1.0
0.2,False,moderate,0.5,0.0,local_cf,9,0.22326804686614332,0.07473545160422129,0.0,-0.009984571570432772,0.24334255670354113,0.09005571519660258,0.0,0.12590955352709154,0.2474987809346723,0.26925000000000004,0.7075,0.86515,0.1344,0.00045,0.1029751977062591,1.3848897941585891,1.0
0.2,False,moderate,0.5,0.0,local_cf,10,0.2025050702583006,0.06858086508308484,0.01,-0.03196355014842651,0.23910491646620108,0.08848174390261249,0.0,0.1257543414150061,0.24281402557142087,0.26585000000000003,0.7014999999999999,0.86045,0.13865,0.0009,0.09624405632817108,1.3299257075468696,1.0
0.2,False,moderate,0.5,0.0,local_cf,11,0.20112615899927155,0.06518174933783268,0.01,0.0004110254086780607,0.23708090705743143,0.08325652487324023,0.0,0.12574401465965465,0.2424503174948825,0.26415000000000005,0.6984999999999999,0.8606,0.1385,0.0009,0.10518665424518167,1.4331877839079703,1.0
0.2,False,moderate,0.5,0.0,local_cf,12,0.20769436332665067,0.06595891527815388,0.0,0.016695458839230223,0.22226468600791477,0.07709954708157536,0.0,0.12564381322421792,0.23052041627944814,0.2684,0.706,0.8671,0.1322,0.0007,0.09874561572608898,1.332286766069169,1.0
0.2,False,moderate,0.5,0.0,local_cf,13,0.20539914089769987,0.06520288494662056,0.0,0.010999608252718684,0.24803096657393012,0.08966567430375788,0.0,0.12572943702589312,0.2546246121970823,0.27435000000000004,0.7164999999999998,0.86995,0.1296,0.00045,0.09417201524035278,1.4772124323866571,1.0
0.2,False,moderate,0.5,0.0,local_cf,14,0.1975242662761426,0.061315573837650746,0.005,0.024395379778078628,0.23401592625510276,0.0833019303688118,0.0,0.12584451838932037,0.24219539728387493,0.26925000000000004,0.7075,0.86085,0.1384,0.00075,0.09440419728442973,1.3607237647033168,1.0
0.2,False,moderate,0.5,0.0,local_cf,15,0.20266000902383624,0.06456095746513571,0.0,0.011941066568591886,0.2407928377774606,0.08514402934331565,0.0,0.12603291390025903,0.24481214223940587,0.265,0.7,0.8589,0.1405,0.0006,0.09845501224036983,1.456701562736231,1.0
0.2,False,moderate,0.5,0.0,local_cf,16,0.19625939878161056,0.06131775024048949,0.0,0.006984535589308407,0.2309827154272601,0.07870489131782585,0.0,0.12561594628169506,0.23488112006136178,0.2735,0.715,0.8709,0.12855,0.00055,0.10037866805172625,1.4358134977424333,1.0
0.2,False,moderate,0.5,0.0,local_cf,17,0.19929599540502557,0.06095147967732802,0.0,-0.008707343551489964,0.2296165403300333,0.07781862711627148,0.0,0.12634187095766525,0.23789143508227958,0.25905,0.6894999999999999,0.8518,0.14765,0.00055,0.10446076876221444,1.438131723292214,1.0
0.2,False,moderate,0.5,0.0,local_cf,18,0.22468492519444408,0.08098967121325382,0.005,0.02252040427367761,0.2518209630749359,0.09491650853590451,0.005,0.1263387518066388,0.2556947602959184,0.26160000000000005,0.694,0.85195,0.1475,0.00055,0.1002682295869329,1.4071238200862484,1.0
0.2,False,moderate,0.5,0.0,local_cf,19,0.21989766749995096,0.07139336219800219,0.0,0.026690339034222407,0.2519692363729416,0.09249924610986529,0.0,0.12557433636286203,0.2556183030448548,0.27435000000000004,0.7164999999999999,0.8709,0.1285,0.0006,0.0953159368649203,1.4522793872391762,1.0
0.2,False,moderate,0.5,0.0,local_cf,20,0.2117921693302973,0.07407850683707722,0.01,0.014366973970017752,0.23680539352911276,0.08796047399312014,0.0,0.12527833809112848,0.24102066544245004,0.27265000000000006,0.7134999999999999,0.87275,0.12635,0.0009,0.09830286687986753,1.3215209297008554,1.0
0.5,False,moderate,0.0,0.5,global_trending,1,0.19935918617096435,0.0624615237276937,0.005,0.008523713054364595,0.40073244423197324,0.27225563443741085,0.21,0.21168638464055023,0.3716603120778541,0.26585000000000003,0.7014999999999999,0.44895,0.4439,0.10715,0.3053238654536656,1.1997541524596251,0.9804999999999999
0.5,False,moderate,0.0,0.5,global_trending,2,0.20210796226976982,0.05942213519714527,0.0,0.0059388613611884074,0.42116390174944923,0.3090635617847509,0.26,0.21003253287443197,0.40054694470169777,0.26330000000000003,0.6969999999999998,0.43805,0.44815,0.1138,0.31669883822389244,1.1587731237922063,0.9665
0.5,False,moderate,0.0,0.5,global_trending,3,0.22273428979912327,0.07930636516228655,0.01,-0.0010374961096902568,0.4203473526454229,0.30803970226260174,0.265,0.20517708897576878,0.3966560210140828,0.26160000000000005,0.694,0.42045,0.4613,0.11825,0.31343014045866296,1.1569302291741457,0.9415
0.5,False,moderate,0.0,0.5,global_trending,4,0.19186346213939826,0.05656673702095604,0.005,0.039909094403777684,0.3620595259357263,0.24436790444467207,0.19,0.21366353815170666,0.3358988433906445,0.2667,0.7029999999999998,0.46635,0.43,0.10365,0.2614751641386567,1.067531342775477,0.9740000000000001
0.5,False,moderate,0.0,0.5,global_trending,5,0.21013377974272401,0.06868475550962062,0.0,0.034074843355357876,0.4143366383568955,0.2950587429715626,0.245,0.20415681099137203,0.38624249436263747,0.2573500000000001,0.6864999999999999,0.42905,0.4532,0.11775,0.2919335534459957,1.139701655440784,0.9625
0.5,False,moderate,0.0,0.5,global_trending,6,0.19590705039046732,0.06601376063790465,0.0,0.027371998050885166,0.3696074034390471,0.24864548647516288,0.195,0.2144745077992978,0.3405015043752923,0.265,0.7,0.45725,0.44045,0.1023,0.3134517809770601,1.1093621882546234,0.9729999999999999
0.5,False,moderate,0.0,0.5,global_trending,7,0.22027978683906965,0.07154230780787421,0.0,-0.003341902419134524,0.40888802050582695,0.2938114244440442,0.24,0.21358377417623153,0.37979282992459956,0.2735000000000001,0.715,0.4455,0.4457,0.1088,0.31541783034986387,1.1468224211594906,0.9684999999999999
0.5,False,moderate,0.0,0.5,global_trending,8,0.19367254086719032,0.05871960687277605,0.0,-0.03699324310720222,0.3527073536651016,0.223652615309771,0.16,0.223436285859682,0.32884571647612937,0.2709500000000001,0.7104999999999998,0.4684,0.43805,0.09355,0.3077225939471342,1.1092817117151954,0.9780000000000001
0.5,False,moderate,0.0,0.5,global_trending,9,0.2024316064592206,0.06021328827481569,0.0,0.022934821962559207,0.366427657508695,0.2456805402588108,0.19,0.21799329166750211,0.3416009704021039,0.26925000000000004,0.7075,0.4628,0.4374,0.0998,0.29325455553101887,1.0967725074082793,0.9855000000000002
0.5,False,moderate,0.0,0.5,global_trending,10,0.21794006326591564,0.07082201852426043,0.0,0.004670273420929283,0.4155484436739181,0.29237587616828004,0.23,0.20885768084583048,0.3821572662516165,0.26585000000000003,0.7014999999999999,0.44085,0.4472,0.11195,0.29024268647634727,1.1862392422396024,0.9640000000000001
0.5,False,moderate,0.0,0.5,global_trending,11,0.2001496741511894,0.06293894021235134,0.0,-0.003036653579944668,0.3792969376960573,0.26067510753736906,0.22,0.2126716393777155,0.3528531339548827,0.26415000000000005,0.6984999999999999,0.4484,0.44605,0.10555,0.29129099398537617,1.105078078305484,0.985
0.5,False,moderate,0.0,0.5,global_trending,12,0.195501124306925,0.0574479564136498,0.0,0.014920232332636493,0.3678716792070597,0.23253169977485405,0.16,0.21955630488281508,0.33876474276197044,0.2684,0.706,0.4585,0.445,0.0965,0.3046246214028161,1.1750150592786417,0.977
0.5,False,moderate,0.0,0.5,global_trending,13,0.198567108195395,0.06214433560002488,0.0,0.04898276066039554,0.3460540659252095,0.21765720074435066,0.15,0.22362253463372309,0.32294394507039015,0.27435000000000004,0.7164999999999998,0.4772,0.42985,0.09295,0.3003161322633879,1.0992261364679397,0.9815
0.5,False,moderate,0.0,0.5,global_trending,14,0.21028702531775298,0.0671877750452469,0.0,-0.018181165631116922,0.3960617506316244,0.2749067581148562,0.21,0.21195191021550527,0.36802385180644925,0.26925000000000004,0.7075,0.44885,0.4439,0.10725,0.28929418806270135,1.146601569637049,0.9630000000000001
0.5,False,moderate,0.0,0.5,global_trending,15,0.17081561168641785,0.0455781215637224,0.0,-0.004372203558720153,0.3191543429727663,0.18882258211576847,0.135,0.22588493895615527,0.28722924554314044,0.265,0.7,0.47505,0.43705,0.0879,0.26506170179565025,1.0795814743897805,0.9890000000000001
0.5,False,moderate,0.0,0.5,global_trending,16,0.1884490111622447,0.058335128902686585,0.005,-0.0030611369409510635,0.3673164858197875,0.2436713223319214,0.185,0.21824199413366543,0.3446567285451239,0.2735,0.715,0.46865,0.4301,0.10125,0.29125793829628094,1.1128781187725554,0.976
0.5,False,moderate,0.0,0.5,global_trending,17,0.1931070043535015,0.05576961864097341,0.0,-0.042910817289382626,0.40337848297431916,0.2919074564186013,0.245,0.20703659619725864,0.38015358811668926,0.25905,0.6894999999999999,0.4388,0.4481,0.1131,0.29444404587134054,1.1214744440955136,0.9760000000000001
0.5,False,moderate,0.0,0.5,global_trending,18,0.2032115118278148,0.06644937895452543,0.0,0.004235142854977059,0.36331897941240404,0.24146381270368572,0.19,0.2135285142279533,0.33740362099657906,0.26160000000000005,0.694,0.45065,0.44355,0.1058,0.2901753145648948,1.0958075414807085,0.9675
0.5,False,moderate,0.0,0.5,global_trending,19,0.19797449650857743,0.05875548857007333,0.005,0.04835160466042915,0.3563158441958947,0.2355142660970784,0.19,0.22244760057869586,0.32895483079832205,0.27435000000000004,0.7164999999999999,0.46755,0.43685,0.0956,0.29690695189383326,1.0700289905680842,0.9804999999999999
0.5,False,moderate,0.0,0.5,global_trending,20,0.17234129551307764,0.050600497352600096,0.0,-0.011247569061994723,0.3362178704089501,0.21860440045232565,0.17,0.22307552594642702,0.3171630290263836,0.27265000000000006,0.7134999999999999,0.4828,0.42275,0.09445,0.2670876444581017,1.0337029037105092,0.977
0.5,False,moderate,0.4,0.4,hybrid,1,0.18923269902792544,0.05510017019229313,0.005,-0.038903421497347435,0.32591781108536283,0.1936859052513197,0.13,0.2263858478719094,0.30347727367221233,0.26585000000000003,0.7014999999999999,0.4833,0.40605,0.11065,0.2560808368203719,1.0827702294186194,0.9670000000000001
0.5,False,moderate,0.4,0.4,hybrid,2,0.21172383013557605,0.06765662930450939,0.0,0.013424470063199807,0.327854620779338,0.188867183168975,0.125,0.2248562310334568,0.3023914343484998,0.26330000000000003,0.6969999999999998,0.4891,0.40905,0.10185,0.26908882009187435,1.1305305426575831,0.9775
0.5,False,moderate,0.4,0.4,hybrid,3,0.195057924888429,0.058436866397815146,0.0,-0.006357738763618984,0.33900110896411634,0.20224480375976442,0.13,0.22247911524960529,0.31697267910643356,0.26160000000000005,0.694,0.48955,0.40125,0.1092,0.2811580318072769,1.144214198849562,0.9784999999999999
0.5,False,moderate,0.4,0.4,hybrid,4,0.187758692936114,0.05540400385538536,0.0,0.020513489709593356,0.32433877108569276,0.20696835777720893,0.155,0.22596930686564723,0.30390621798465967,0.2667,0.7029999999999998,0.48635,0.39635,0.1173,0.2817143045441978,1.0169493225814077,0.9734999999999999
0.5,False,moderate,0.4,0.4,hybrid,5,0.19657921850558044,0.061483573536312335,0.005,0.010844297960389514,0.3365226419790123,0.21401899893503085,0.165,0.22027413623587053,0.31609723744992274,0.2573500000000001,0.6864999999999999,0.47295,0.414,0.11305,0.27225487597778747,1.0561429734376835,0.9664999999999999
0.5,False,moderate,0.4,0.4,hybrid,6,0.1951179443878656,0.06153837495066725,0.0,0.010474095825424006,0.3376387519141953,0.21254610668542626,0.15,0.22291384246261875,0.31792577699028507,0.265,0.7,0.4831,0.409,0.1079,0.2756189477602118,1.0643492708758762,0.9739999999999999
0.5,False,moderate,0.4,0.4,hybrid,7,0.19390326967194008,0.05761445274581501,0.0,0.003125561401838661,0.3215185712702332,0.18784510589649883,0.12,0.22695421011189573,0.3072876367148497,0.2735000000000001,0.715,0.50715,0.38295,0.1099,0.24483811574517922,1.1063798787986712,0.9684999999999999
0.5,False,moderate,0.4,0.4,hybrid,8,0.18731103777528765,0.051810474767930714,0.0,-0.0064710889043415485,0.3323878286081024,0.21160590382333372,0.15,0.22864661665040883,0.31615190112001995,0.2709500000000001,0.7104999999999998,0.4966,0.3954,0.108,0.2716345469718096,1.0449950121959701,0.9855000000000002
0.5,False,moderate,0.4,0.4,hybrid,9,0.21101628865269548,0.06842085370763734,0.0,-0.014666035075773576,0.3554117926251849,0.23019692085741808,0.175,0.2214951973214369,0.3342183926106133,0.26925000000000004,0.7075,0.4849,0.4032,0.1119,0.29502409679203756,1.0951417995423305,0.9695
0.5,False,moderate,0.4,0.4,hybrid,10,0.20409016551838757,0.06685505638503865,0.005,-0.04741596237270331,0.34461795630285474,0.22496935531502685,0.175,0.22290798835428,0.33166428199809433,0.26585000000000003,0.7014999999999999,0.4863,0.39935,0.11435,0.2660476848527454,1.0639306542424811,0.971
0.5,False,moderate,0.4,0.4,hybrid,11,0.2117750850547163,0.06820681174063942,0.0,-0.0014565670353571902,0.3531283139480302,0.22680830863707244,0.17,0.21826104389500783,0.3315676614960927,0.26415000000000005,0.6984999999999999,0.4773,0.40265,0.12005,0.26208796981146376,1.1031440063093283,0.9765
0.5,False,moderate,0.4,0.4,hybrid,12,0.1909339984618288,0.05037145023434064,0.0,0.04226886224145966,0.34597516855161176,0.20879296700886557,0.145,0.22656653417397749,0.32389819502721495,0.2684,0.706,0.4947,0.39685,0.10845,0.28609586135740683,1.1015456959198688,0.9789999999999999
0.5,False,moderate,0.4,0.4,hybrid,13,0.19802674814470705,0.062103630525504966,0.005,-0.027446394298148408,0.30412191451314685,0.16840867953816116,0.105,0.23633062798270096,0.2817890887078829,0.27435000000000004,0.7164999999999998,0.51225,0.39585,0.0919,0.28733026057477995,1.0782724391360223,0.985
0.5,False,moderate,0.4,0.4,hybrid,14,0.19931473943464809,0.05854665861771073,0.0,0.0386682569300928,0.3102918754023009,0.17622860317550937,0.115,0.23461889889270157,0.2926001665133435,0.26925000000000004,0.7075,0.50105,0.40655,0.0924,0.26670485470120214,1.0989420860985746,0.9875
0.5,False,moderate,0.4,0.4,hybrid,15,0.2036845381903739,0.06425018457646471,0.005,-0.002343333806352099,0.35445691534078677,0.21706743089805883,0.14,0.22289123769346694,0.33025137992532094,0.265,0.7,0.4846,0.40555,0.10985,0.28271621458206675,1.1701463332634288,0.9840000000000001
0.5,False,moderate,0.4,0.4,hybrid,16,0.21588868803894656,0.06790662246358749,0.0,-0.055864232359090715,0.36300821397145183,0.2310954451191494,0.175,0.2233005109925332,0.3451065830294634,0.2735,0.715,0.4819,0.4004,0.1177,0.2845333136139479,1.1303618470174965,0.9840000000000001
0.5,False,moderate,0.4,0.4,hybrid,17,0.18773898310270629,0.05529880609410014,0.005,-0.017356409368008016,0.32422212548561563,0.19588908789594706,0.14,0.22687891621419187,0.30518379240914223,0.25905,0.6894999999999999,0.4829,0.4142,0.1029,0.27464918213771744,1.0778671402494366,0.9765
0.5,False,moderate,0.4,0.4,hybrid,18,0.20720640168609658,0.06335942453772839,0.0,-0.002877377832241419,0.36267195251461126,0.23525854595555346,0.17,0.22021396855638456,0.3387796791678206,0.26160000000000005,0.694,0.47355,0.40725,0.1192,0.29715644165484095,1.109504105885696,0.9804999999999999
0.5,False,moderate,0.4,0.4,hybrid,19,0.1868442982293999,0.05195216022688681,0.0,0.00212128119060361,0.30431218336392046,0.1838668833766478,0.13,0.23308041481675382,0.2896242424645215,0.27435000000000004,0.7164999999999999,0.50985,0.39155,0.0986,0.2631047144090367,1.0060962991893594,0.9830000000000001
0.5,False,moderate,0.4,0.4,hybrid,20,0.19574242726945912,0.06205444404052893,0.0,-0.036662161370793506,0.3288330675770028,0.19369735671591382,0.135,0.22997609075034936,0.31501285220476305,0.27265000000000006,0.7134999999999999,0.50245,0.39725,0.1003,0.2596989064268136,1.1105393682747202,0.973
0.5,False,moderate,0.0,0.0,individual_baseline,1,0.19842183022421217,0.06299163548091173,0.01,0.024600348391413628,0.3019674542330957,0.14039839411376337,0.055,0.25904964684496773,0.30536906148595117,0.26585000000000003,0.7014999999999999,0.55975,0.38965,0.0506,0.2000713409054109,1.3346376410350675,1.0
0.5,False,moderate,0.0,0.0,individual_baseline,2,0.2045401898596997,0.06791746526512192,0.005,-0.005780840333764828,0.2972802640065691,0.149532582317758,0.085,0.25811328993227933,0.3052028553536057,0.26330000000000003,0.6969999999999998,0.555,0.3934,0.0516,0.200803749861506,1.1976677834067528,1.0
0.5,False,moderate,0.0,0.0,individual_baseline,3,0.18526535714337108,0.05767918361525883,0.01,-0.032189313571165494,0.26390045857840644,0.1149115071419472,0.03,0.25853266493239174,0.2651030959816798,0.26160000000000005,0.694,0.5463,0.40205,0.05165,0.2111319207186764,1.23638805417029,1.0
0.5,False,moderate,0.0,0.0,individual_baseline,4,0.20347834895129538,0.06581192709371483,0.01,-0.015205558304751949,0.285608949724061,0.13829847937991036,0.065,0.2607132637441539,0.29394205731805345,0.2667,0.7029999999999998,0.5542,0.39575,0.05005,0.21027266328955233,1.1917071473813847,1.0
0.5,False,moderate,0.0,0.0,individual_baseline,5,0.202123724787451,0.06405898233974297,0.005,0.01831342798888701,0.2906192467081044,0.14213073235730359,0.07,0.25406135794821016,0.29593103425992895,0.2573500000000001,0.6864999999999999,0.5445,0.4009,0.0546,0.20633584016261758,1.2100730305010752,1.0
0.5,False,moderate,0.0,0.0,individual_baseline,6,0.18309470553068016,0.052464971770558616,0.0,-0.020764470230202843,0.2616036735101109,0.10903016975743846,0.04,0.25718180793098094,0.265404837820448,0.265,0.7,0.55715,0.39095,0.0519,0.19329474390118542,1.290264301374301,1.0
0.5,False,moderate,0.0,0.0,individual_baseline,7,0.20088479708339327,0.05875955325381636,0.0,0.016715021712538317,0.28804499641733644,0.13033510222682254,0.05,0.26438177368129795,0.2989651796503847,0.2735000000000001,0.715,0.56065,0.39205,0.0473,0.21095453724668267,1.3132033982643578,1.0
0.5,False,moderate,0.0,0.0,individual_baseline,8,0.2141936741069386,0.07306236438862306,0.0,0.02889539388017212,0.3021377047455993,0.15040660275584275,0.09,0.2606081047172221,0.30660240701694785,0.2709500000000001,0.7104999999999998,0.5647,0.3861,0.0492,0.193688100138602,1.207526956430547,1.0
0.5,False,moderate,0.0,0.0,individual_baseline,9,0.19208738465925357,0.056287988659762235,0.0,0.009724878682464475,0.2738023909674236,0.12253395852581718,0.035,0.2592787087392738,0.2794984385080238,0.26925000000000004,0.7075,0.55585,0.3933,0.05085,0.21571539600646744,1.2580975990649363,1.0
0.5,False,moderate,0.0,0.0,individual_baseline,10,0.2020569708513646,0.06367675783565648,0.0,0.01814532263595538,0.2941744131154684,0.14311152289554221,0.075,0.25801691486553385,0.29673824164604323,0.26585000000000003,0.7014999999999999,0.56215,0.38675,0.0511,0.192579673321782,1.2340342227271353,1.0
0.5,False,moderate,0.0,0.0,individual_baseline,11,0.19514206659880576,0.05989722322283551,0.0,-0.006600605636201855,0.2871054651110093,0.1420844819675816,0.065,0.26005787232736904,0.29236694697261906,0.26415000000000005,0.6984999999999999,0.55415,0.3956,0.05025,0.1936165107870695,1.1751151489877076,1.0
0.5,False,moderate,0.0,0.0,individual_baseline,12,0.19972782384686866,0.06216969379190127,0.0,-0.048931053911283086,0.291035289141924,0.13708971287222788,0.08,0.2623436560545075,0.2952100812794619,0.2684,0.706,0.55855,0.393,0.04845,0.20447575905694193,1.1998080211077147,1.0
0.5,False,moderate,0.0,0.0,individual_baseline,13,0.18961688639127458,0.05621890637882791,0.0,0.04481065982083345,0.28926167026087884,0.13258560925121932,0.06,0.2612610568457997,0.2942449290438873,0.27435000000000004,0.7164999999999998,0.5683,0.3831,0.0486,0.19841378706538976,1.2815178054378136,1.0
0.5,False,moderate,0.0,0.0,individual_baseline,14,0.20294406788878816,0.06570299891044255,0.005,0.02937503532344043,0.2991250342483511,0.14726199909830207,0.07,0.26207680351300877,0.30798561167433514,0.26925000000000004,0.7075,0.5565,0.3947,0.0488,0.2112821982591914,1.2279272875129839,1.0
0.5,False,moderate,0.0,0.0,individual_baseline,15,0.20275362515168902,0.06061489533348043,0.0,0.03821382893981444,0.3001192687079193,0.13759471938587706,0.05,0.2591806566450224,0.3043391697081873,0.265,0.7,0.5439,0.4048,0.0513,0.2088881999763936,1.3235755464715646,1.0
0.5,False,moderate,0.0,0.0,individual_baseline,16,0.20565339007124553,0.06649345761478202,0.005,0.012744124603351193,0.2940126911991058,0.14094132325532618,0.07,0.2627891926121618,0.2970030811196013,0.2735,0.715,0.5673,0.385,0.0477,0.20469635792155003,1.2590540525471936,1.0
0.5,False,moderate,0.0,0.0,individual_baseline,17,0.2061413230734522,0.06679237465713138,0.0,0.023271377126239053,0.2998555262636438,0.14257253729730263,0.065,0.2571180830291472,0.30273714058040146,0.25905,0.6894999999999999,0.5488,0.39855,0.05265,0.2100597178129008,1.309967143736088,1.0
0.5,False,moderate,0.0,0.0,individual_baseline,18,0.19145859581680533,0.06131742034846908,0.0,-0.03456933330667164,0.31658601287778393,0.1612550695943343,0.09,0.25461474954148705,0.32326479675792186,0.26160000000000005,0.694,0.5622,0.38455,0.05325,0.1936516525802537,1.2707038229073233,1.0
0.5,False,moderate,0.0,0.0,individual_baseline,19,0.20647027491448156,0.06592591526994353,0.0,0.027602960442761556,0.3160059560241766,0.15366219431289962,0.065,0.26559508142169996,0.31980974965194464,0.27435000000000004,0.7164999999999999,0.55995,0.39365,0.0464,0.21042513975297383,1.3424790209157944,1.0
0.5,False,moderate,0.0,0.0,individual_baseline,20,0.19928928194906648,0.059786054737251175,0.0,0.02397118340073094,0.297039030434242,0.13938705038257004,0.06,0.26231494185523957,0.304943490192974,0.27265000000000006,0.7134999999999999,0.55755,0.3939,0.04855,0.21641881797167872,1.292975096499846,1.0
0.5,False,moderate,0.5,0.0,local_cf,1,0.21653179899224828,0.07040660897498319,0.0,-0.001706030535717351,0.3151364535748113,0.1512448674693021,0.065,0.26663569286173144,0.32352659854550153,0.26585000000000003,0.7014999999999999,0.56965,0.3854,0.04495,0.19173026403352084,1.3738854929329194,1.0
0.5,False,moderate,0.5,0.0,local_cf,2,0.22355541982324922,0.0792458091623206,0.01,-0.0055648422324673765,0.32419226562859377,0.16679014032080552,0.065,0.26200917203851765,0.3291153581076604,0.26330000000000003,0.6969999999999998,0.56895,0.383,0.04805,0.20260416735538755,1.308848938340409,1.0
0.5,False,moderate,0.5,0.0,local_cf,3,0.21127675871107232,0.06953634051969985,0.005,-0.003080239647807761,0.31115243589659186,0.14722460144941155,0.045,0.2629838840737726,0.3172868304442558,0.26160000000000005,0.694,0.55485,0.39705,0.0481,0.21386224644615645,1.3579829219014037,1.0
0.5,False,moderate,0.5,0.0,local_cf,4,0.19838991246528642,0.06268114030202737,0.0,0.019218436727654647,0.3013294978998009,0.13930953830604062,0.045,0.26436204383112155,0.3126164779980462,0.2667,0.7029999999999998,0.5681,0.3852,0.0467,0.1991182857831052,1.3586783631414903,1.0
0.5,False,moderate,0.5,0.0,local_cf,5,0.18788711604469932,0.05671985247794162,0.005,0.012954578684654366,0.2660984057918859,0.11335651510107171,0.045,0.258417810848348,0.2693365868668414,0.2573500000000001,0.6864999999999999,0.5601,0.38915,0.05075,0.1856416339669157,1.28416341487396,1.0
0.5,False,moderate,0.5,0.0,local_cf,6,0.19488453313455772,0.057174714305072906,0.0,0.06686213118710653,0.2872621474651724,0.12471346241845942,0.05,0.26276278127508823,0.29518787604651736,0.265,0.7,0.5603,0.3916,0.0481,0.18761601011936768,1.3272496273630898,1.0
0.5,False,moderate,0.5,0.0,local_cf,7,0.19481819284865,0.056674794252619114,0.0,-0.01563106088067353,0.27644245586141236,0.11914043232233769,0.03,0.2643696313042315,0.2829926755583563,0.2735000000000001,0.715,0.5832,0.3709,0.0459,0.20310532418661023,1.3271897536918733,1.0
0.5,False,moderate,0.5,0.0,local_cf,8,0.20166061976827734,0.06050848943159459,0.0,0.01730837007163598,0.2909437321128784,0.13489845420106503,0.05,0.2639611043869249,0.29406558947607897,0.2709500000000001,0.7104999999999998,0.5763,0.37735,0.04635,0.18903238213606882,1.2988997057879892,1.0
0.5,False,moderate,0.5,0.0,local_cf,9,0.20768305584423213,0.06759753379135466,0.005,-0.026542820096501853,0.29497459301328566,0.13860292665695742,0.065,0.2650709609660559,0.30012877199453164,0.26925000000000004,0.7075,0.5766,0.3778,0.0456,0.20471821495553796,1.2718724933747878,1.0
0.5,False,moderate,0.5,0.0,local_cf,10,0.19220175852107615,0.057854356263026305,0.0,-0.00659469819584263,0.2794091634566993,0.12116494017365902,0.045,0.26073614007438806,0.28689393174188793,0.26585000000000003,0.7014999999999999,0.5749,0.37645,0.04865,0.20004840800698737,1.3342578797059343,1.0
0.5,False,moderate,0.5,0.0,local_cf,11,0.2023570033334628,0.06508746092278805,0.005,0.024234721540633136,0.28141511814691356,0.12633529619155368,0.06,0.2609543124181397,0.29360434268136915,0.26415000000000005,0.6984999999999999,0.5618,0.389,0.0492,0.21406248381508078,1.2969061610351535,1.0
0.5,False,moderate,0.5,0.0,local_cf,12,0.1973680000467494,0.06220259676263829,0.005,-0.026879672720125383,0.2943628037706095,0.14026655309970526,0.065,0.26380512514789606,0.3022460502793722,0.2684,0.706,0.57185,0.38155,0.0466,0.19143567232257389,1.2497890432926926,1.0
0.5,False,moderate,0.5,0.0,local_cf,13,0.19281293179113854,0.05905962389432588,0.0,0.03305843758205093,0.2916243608406537,0.1357194391089952,0.045,0.2676924980365721,0.29793377780794544,0.27435000000000004,0.7164999999999998,0.57765,0.37845,0.0439,0.1985409563622172,1.2871713670123603,1.0
0.5,False,moderate,0.5,0.0,local_cf,14,0.2184126487787592,0.07323233919003044,0.005,-0.027701821526642228,0.30153039660536324,0.14799562737037136,0.09,0.26377375604451603,0.305234966165778,0.26925000000000004,0.7075,0.56595,0.387,0.04705,0.22300641943300525,1.2614797582877773,1.0
0.5,False,moderate,0.5,0.0,local_cf,15,0.20762934382490272,0.06764579288862191,0.0,-0.023614753881546543,0.29641585663354425,0.13889293924305882,0.06,0.261936701585606,0.29763110659078107,0.265,0.7,0.56945,0.3826,0.04795,0.21646046156271695,1.3000383572179728,1.0
0.5,False,moderate,0.5,0.0,local_cf,16,0.19829922949238005,0.06179744009725299,0.005,-0.029992694246421366,0.28293860541060006,0.13083424862902246,0.065,0.2655078197482206,0.29581854850941297,0.2735,0.715,0.58295,0.3719,0.04515,0.1942378857081493,1.2055846838280544,1.0
0.5,False,moderate,0.5,0.0,local_cf,17,0.19278952226268223,0.05816965619714351,0.0,-0.016128972380382915,0.259690487921415,0.10672168361003884,0.02,0.25891222264032926,0.2646681092503061,0.25905,0.6894999999999999,0.56295,0.38675,0.0503,0.1839890559793779,1.301701580461146,1.0
0.5,False,moderate,0.5,0.0,local_cf,18,0.17800162395591068,0.0510221718697659,0.0,0.0031623098734331447,0.26408445044123674,0.10864131802290328,0.035,0.2568047842174803,0.270859495150464,0.26160000000000005,0.694,0.57165,0.37695,0.0514,0.20320493094796846,1.3378247645060615,1.0
0.5,False,moderate,0.5,0.0,local_cf,19,0.19970639453576722,0.06233432291161119,0.0,-0.0527351658379577,0.2819567070919111,0.1301811666154545,0.065,0.26697221330468474,0.2883937998067989,0.27435000000000004,0.7164999999999999,0.5836,0.3725,0.0439,0.19518617153006473,1.227310860870304,1.0
0.5,False,moderate,0.5,0.0,local_cf,20,0.2085049422869612,0.06612303987505164,0.0,-0.007690485237768303,0.3069037019856754,0.15262921749369973,0.065,0.2673973506053616,0.3170348071919515,0.27265000000000006,0.7134999999999999,0.5806,0.37545,0.04395,0.17641665062410813,1.268737052733848,1.0
1.0,False,moderate,0.0,0.5,global_trending,1,0.18297215207947864,0.05134237346829499,0.0,0.006507164078460974,0.7766757626329328,0.7016538395165375,0.695,0.20184293722251284,0.7255421364684288,0.26585000000000003,0.7014999999999999,0.2743,0.476,0.2497,0.4403760011758186,2.469628618391211,0.95
1.0,False,moderate,0.0,0.5,global_trending,2,0.21471231221829093,0.0696636411708415,0.0,-0.05864756611189808,0.7636717438160638,0.6760550924523057,0.66,0.20444050755661924,0.7101418162971808,0.26330000000000003,0.6969999999999998,0.29155,0.4595,0.24895,0.43363834633294973,2.319713446697703,0.973
1.0,False,moderate,0.0,0.5,global_trending,3,0.20251438828083085,0.06503189261673026,0.01,-0.05235451353818988,0.8222220626716343,0.7481431055873007,0.73,0.19292691730528294,0.7635680150255589,0.26160000000000005,0.694,0.26865,0.4804,0.25095,0.4614294891992853,2.7683431130492093,0.9655
1.0,False,moderate,0.0,0.5,global_trending,4,0.18173357068428456,0.051196058519449646,0.0,0.01997293558979389,0.7621570869348236,0.6736061129235412,0.66,0.20752303524688478,0.6971630319071198,0.2667,0.7029999999999998,0.28595,0.4733,0.24075,0.4406625625945958,2.493626866986387,0.9565
1.0,False,moderate,0.0,0.5,global_trending,5,0.19044656070396493,0.05847750404266079,0.005,0.020315772208364377,0.7552880214113351,0.6776199159614241,0.665,0.2022984550775844,0.6982597945017269,0.2573500000000001,0.6864999999999999,0.2794,0.4774,0.2432,0.44975898222656774,2.299582497617889,0.9695
1.0,False,moderate,0.0,0.5,global_trending,6,0.2056027663812584,0.06636552708872102,0.01,-0.02756873156167577,0.7903071740994452,0.7170156524543099,0.71,0.19642076017658028,0.7333065814450712,0.265,0.7,0.2704,0.4802,0.2494,0.4482923772464859,2.601217143786611,0.9590000000000001
1.0,False,moderate,0.0,0.5,global_trending,7,0.20934292983895997,0.06663197075485248,0.0,-0.06373112572817494,0.8025732501485635,0.716889773735225,0.715,0.20534989722509464,0.7408613828462216,0.2735000000000001,0.715,0.28455,0.4695,0.24595,0.47815100444767444,2.573399235595294,0.9680000000000001
1.0,False,moderate,0.0,0.5,global_trending,8,0.19103840793245053,0.05822716752273602,0.0,-0.036541890760314305,0.7906154919650434,0.718275179820335,0.725,0.2055849021721917,0.7306969753695535,0.2709500000000001,0.7104999999999998,0.28355,0.47475,0.2417,0.46967035194947937,2.5587906401331697,0.972
1.0,False,moderate,0.0,0.5,global_trending,9,0.18539265903311786,0.05619111645953828,0.0,-0.05722389618373389,0.7921364237949257,0.7249430733090229,0.74,0.20073324870542775,0.7337937781092759,0.26925000000000004,0.7075,0.2732,0.4781,0.2487,0.4676147960770465,2.525240478256961,0.9625
1.0,False,moderate,0.0,0.5,global_trending,10,0.2044002613876485,0.06340988426191597,0.0,0.052079758974481354,0.8220273452953651,0.7555505199741515,0.755,0.19613249492915244,0.7580748821980764,0.26585000000000003,0.7014999999999999,0.26755,0.4827,0.24975,0.4817798732736564,2.8082635076516644,0.9730000000000001
1.0,False,moderate,0.0,0.5,global_trending,11,0.19965203965408457,0.05829360370290883,0.0,0.026032026373434814,0.7904714691036753,0.709827060811384,0.7,0.20133586386622265,0.7337049043932602,0.26415000000000005,0.6984999999999999,0.2776,0.4627,0.2597,0.4450513375752256,2.6514159221012745,0.9430000000000001
1.0,False,moderate,0.0,0.5,global_trending,12,0.20281963706975376,0.06727116190072578,0.005,0.04880666689140631,0.7379079628560669,0.6592631288813766,0.65,0.21257272070963867,0.6824902110401894,0.2684,0.706,0.2944,0.4708,0.2348,0.4444543961872838,2.1205718725241236,0.961
1.0,False,moderate,0.0,0.5,global_trending,13,0.18687782174738665,0.05237138857572596,0.0,-0.024616602371697747,0.7860714469474988,0.7070534245799067,0.69,0.20641056807323216,0.7225276230269299,0.27435000000000004,0.7164999999999998,0.28585,0.47445,0.2397,0.4397569434406739,2.630404140440128,0.9640000000000001
1.0,False,moderate,0.0,0.5,global_trending,14,0.20794107457939856,0.06526709125954006,0.0,0.04915850618463992,0.8149079501863347,0.7465848116778794,0.755,0.19779888625296138,0.7511992544542524,0.26925000000000004,0.7075,0.2755,0.47755,0.24695,0.4719912253698527,2.687746901665382,0.9640000000000001
1.0,False,moderate,0.0,0.5,global_trending,15,0.21769021107801068,0.06969433398956092,0.005,0.024560594943893194,0.8199810608181691,0.7551613940542012,0.765,0.19240453435357896,0.7647875265463014,0.265,0.7,0.27015,0.46325,0.2666,0.4668727495760068,2.808820472122636,0.946
1.0,False,moderate,0.0,0.5,global_trending,16,0.21213335931028973,0.07440773221423218,0.01,-0.02632286966452659,0.7769031062714258,0.6858912438658596,0.66,0.21195678324403006,0.7122617481772451,0.2735,0.715,0.29165,0.4732,0.23515,0.46053084750313755,2.6488455096580745,0.9685000000000001
1.0,False,moderate,0.0,0.5,global_trending,17,0.1980946239135364,0.06215616483012747,0.005,-0.027711472982313426,0.7835579936928084,0.7057096345671152,0.705,0.19524265613655511,0.7263214493888037,0.25905,0.6894999999999999,0.26775,0.4804,0.25185,0.4555518927481607,2.5895091307263747,0.9655000000000001
1.0,False,moderate,0.0,0.5,global_trending,18,0.20466100086428732,0.05792222287107768,0.0,0.05559917545359598,0.8048237470320118,0.7353373814432043,0.76,0.19514368432728094,0.7524246189559602,0.26160000000000005,0.694,0.2744,0.45655,0.26905,0.4596175833319575,2.657175374471474,0.953
1.0,False,moderate,0.0,0.5,global_trending,19,0.19132520616278015,0.05944005331128679,0.005,0.04534290585466207,0.7836259337948797,0.7004682094057948,0.685,0.2137535964057691,0.7218327167197117,0.27435000000000004,0.7164999999999999,0.29215,0.47405,0.2338,0.42089456144983184,2.5496251404182138,0.981
1.0,False,moderate,0.0,0.5,global_trending,20,0.1860915046218232,0.05629008012692455,0.0,-0.019170496373775978,0.7574500411741508,0.6744697354144997,0.665,0.20759505854898208,0.7028839151040134,0.27265000000000006,0.7134999999999999,0.2915,0.46185,0.24665,0.4324394479311591,2.4020133326258457,0.9520000000000001
1.0,False,moderate,0.4,0.4,hybrid,1,0.2059523428009475,0.06291076018271348,0.0,-0.008028880842662787,0.7200097432174851,0.6209037004632844,0.615,0.22235011528584941,0.6716895361872786,0.26585000000000003,0.7014999999999999,0.3094,0.44025,0.25035,0.41805601465403236,2.2426029875293962,0.9519999999999998
1.0,False,moderate,0.4,0.4,hybrid,2,0.19892878275140646,0.060198033386296014,0.0,0.05748388516521465,0.7164315883945056,0.6108627551952808,0.595,0.22370266999985752,0.6665010942433581,0.26330000000000003,0.6969999999999998,0.3128,0.4444,0.2428,0.38144084444185183,2.1753648664173215,0.9680000000000001
1.0,False,moderate,0.4,0.4,hybrid,3,0.19835252905551656,0.062251279474602426,0.005,0.0056755877910991525,0.7547603340762116,0.6627927195522527,0.635,0.21336179492146848,0.6996859040420723,0.26160000000000005,0.694,0.29255,0.44455,0.2629,0.3882700294166868,2.4189273556835467,0.9525
1.0,False,moderate,0.4,0.4,hybrid,4,0.19980876041042744,0.06049653193578971,0.0,0.01700535571222164,0.7379090401769386,0.6403962071098545,0.625,0.22441612983373993,0.6833425041743938,0.2667,0.7029999999999998,0.3109,0.4424,0.2467,0.449066026329364,2.3830058464960673,0.9625
1.0,False,moderate,0.4,0.4,hybrid,5,0.2138312189810511,0.06877056485781552,0.01,-0.028949513385826596,0.7968707918638487,0.7221228939012326,0.735,0.20000986906983953,0.7494923894534693,0.2573500000000001,0.6864999999999999,0.274,0.4385,0.2875,0.4613818859887981,2.6462727239268706,0.9335
1.0,False,moderate,0.4,0.4,hybrid,6,0.18723193775355312,0.05348347510112125,0.0,-0.05391641496843849,0.7558524872698473,0.6576027954316177,0.655,0.21635103195179384,0.6994975260595073,0.265,0.7,0.3083,0.4479,0.2438,0.42197074206140656,2.4332126942299594,0.9670000000000001
1.0,False,moderate,0.4,0.4,hybrid,7,0.19074885405551345,0.05387229531528102,0.0,-0.021758126346055295,0.7487527824607629,0.6524073509338965,0.665,0.22417073243203972,0.6898584146484953,0.2735000000000001,0.715,0.31115,0.42655,0.2623,0.4509143750033685,2.4715786744760257,0.95
1.0,False,moderate,0.4,0.4,hybrid,8,0.19645862099939862,0.061565498423663136,0.005,0.002754827734984202,0.7359811466534716,0.6315391706917646,0.61,0.228394056020481,0.6760181731183661,0.2709500000000001,0.7104999999999998,0.3131,0.4457,0.2412,0.4185622599130424,2.4523901652751645,0.9670000000000001
1.0,False,moderate,0.4,0.4,hybrid,9,0.19197357048933555,0.05756960664837326,0.005,-0.007805398190690576,0.724531547551174,0.6150826269493049,0.585,0.22740846534163733,0.672218328165444,0.26925000000000004,0.7075,0.3134,0.435,0.2516,0.4081230161371434,2.376560064079674,0.9545
1.0,False,moderate,0.4,0.4,hybrid,10,0.17607828770295966,0.0493228231581063,0.0,0.01551743240453557,0.7249506644800016,0.6296108855763652,0.605,0.22538787985102052,0.6756811627404047,0.26585000000000003,0.7014999999999999,0.3115,0.4425,0.246,0.4348181317551649,2.236522932807867,0.9675
1.0,False,moderate,0.4,0.4,hybrid,11,0.19965710700575415,0.06522183720976493,0.005,-0.009873984531566965,0.75312139797424,0.663516619790885,0.665,0.22010348603737398,0.701549419788356,0.26415000000000005,0.6984999999999999,0.30675,0.4432,0.25005,0.4401697426549389,2.4201602527713515,0.9565
1.0,False,moderate,0.4,0.4,hybrid,12,0.2096729542306199,0.06619390061496339,0.005,-0.022447549210905304,0.726570397126807,0.6317280961993025,0.64,0.22384023424018082,0.6696954638423339,0.2684,0.706,0.3155,0.4386,0.2459,0.4218228625015068,2.252411539240796,0.9625
1.0,False,moderate,0.4,0.4,hybrid,13,0.21630037014973902,0.06684546530101632,0.0,-0.029154041597503014,0.7902403308271855,0.6997527606733241,0.695,0.22014090470939202,0.7281298275298866,0.27435000000000004,0.7164999999999998,0.3095,0.4406,0.2499,0.4167352650766578,2.7860963804961187,0.9734999999999999
1.0,False,moderate,0.4,0.4,hybrid,14,0.2112768114874821,0.06491577236788501,0.0,-0.019029468611952535,0.7688590166517595,0.6687905037945734,0.675,0.21691040547464793,0.7100069273341425,0.26925000000000004,0.7075,0.3031,0.44965,0.24725,0.4418648540334304,2.6379510703442355,0.9625
1.0,False,moderate,0.4,0.4,hybrid,15,0.20466588941522723,0.07039549687848115,0.01,-0.016527997467522128,0.7193247469661795,0.6238389170679975,0.6,0.22352653862126368,0.6630864375657733,0.265,0.7,0.30595,0.4475,0.24655,0.40897833850840415,2.1880508855522924,0.9634999999999999
1.0,False,moderate,0.4,0.4,hybrid,16,0.19112429959749774,0.057188380494626614,0.0,-0.01818000817618033,0.7359047255813118,0.6374809674629428,0.635,0.2325807920783366,0.6808894488370992,0.2735,0.715,0.316,0.4487,0.2353,0.3961709423658033,2.30312783806814,0.981
1.0,False,moderate,0.4,0.4,hybrid,17,0.2141224070688856,0.07637476014362478,0.01,0.03210726492383812,0.7578576772576514,0.6721456458431284,0.675,0.21024782857173754,0.7111178759444351,0.25905,0.6894999999999999,0.295,0.4336,0.2714,0.4424296080434437,2.3414953856516263,0.9544999999999999
1.0,False,moderate,0.4,0.4,hybrid,18,0.17472279231920076,0.05042673090142742,0.0,-0.02215227066524127,0.6912005080877635,0.5931263688680057,0.58,0.22167720467499813,0.6448703124386459,0.26160000000000005,0.694,0.3118,0.43175,0.25645,0.39328277727341365,2.0351405907434565,0.953
1.0,False,moderate,0.4,0.4,hybrid,19,0.22328785510513494,0.07369586401738173,0.0,-0.097366730018633,0.7615156117608665,0.6573773960638356,0.675,0.22817604718608245,0.7036599399917125,0.27435000000000004,0.7164999999999999,0.31545,0.4508,0.23375,0.40657998754813457,2.3220156339911915,0.9740000000000001
1.0,False,moderate,0.4,0.4,hybrid,20,0.18511520842412071,0.05569775187288867,0.0,0.010954162347176721,0.7165332254405083,0.6149583322317163,0.61,0.230142864298599,0.6589949083152987,0.27265000000000006,0.7134999999999999,0.32455,0.43405,0.2414,0.425451890016213,2.210794579477741,0.9569999999999999
1.0,False,moderate,0.0,0.0,individual_baseline,1,0.21220224627516313,0.0706495743459748,0.0,-0.0017359066144452572,0.5815548862615009,0.46228091795269954,0.45,0.33264332260771423,0.5769333348671785,0.26585000000000003,0.7014999999999999,0.4825,0.3867,0.1308,0.2265509352959685,1.6506957194086653,1.0
1.0,False,moderate,0.0,0.0,individual_baseline,2,0.20199602047779755,0.06567029813264431,0.005,0.06099179212746948,0.5640700780538885,0.44687929607531807,0.44,0.32824460639886466,0.5558077169887359,0.26330000000000003,0.6969999999999998,0.48305,0.3836,0.13335,0.21330977162900205,1.5560614306150868,1.0
1.0,False,moderate,0.0,0.0,individual_baseline,3,0.19813316572756637,0.05835705012000252,0.0,-0.009969545471481519,0.5857064638421654,0.4626117917839394,0.45,0.3273872663293198,0.5792086984157747,0.26160000000000005,0.694,0.47925,0.38695,0.1338,0.2032470800713209,1.6866524848812108,1.0
1.0,False,moderate,0.0,0.0,individual_baseline,4,0.19090707881113367,0.05673762707196151,0.0,0.051622170098581235,0.5981281642118946,0.4733316573711707,0.48,0.3260911719625812,0.60018218538976,0.2667,0.7029999999999998,0.4875,0.3789,0.1336,0.22619095925883273,1.751546822842653,1.0
1.0,False,moderate,0.0,0.0,individual_baseline,5,0.21498378365611842,0.07370909760190629,0.01,0.05835400280752184,0.6242266488541863,0.5014808799246085,0.495,0.3304866291507136,0.6222772155730015,0.2573500000000001,0.6864999999999999,0.478,0.38995,0.13205,0.21241101107875984,1.7999750650397053,1.0
1.0,False,moderate,0.0,0.0,individual_baseline,6,0.19667004173039587,0.06244887596347971,0.005,0.05433028102047857,0.5966893712384506,0.4620990348078027,0.455,0.32704275564322416,0.5895229427987573,0.265,0.7,0.4856,0.38105,0.13335,0.23445764023069607,1.7828946498921527,1.0
1.0,False,moderate,0.0,0.0,individual_baseline,7,0.19505262991788527,0.05894991971290557,0.0,-0.01352227297250893,0.6043897768240858,0.4794029596805505,0.44,0.33508407749425545,0.5971238870867166,0.2735000000000001,0.715,0.492,0.37875,0.12925,0.1988812001287944,1.774459971109519,1.0
1.0,False,moderate,0.0,0.0,individual_baseline,8,0.19235708336729102,0.06027469240963372,0.005,-0.017427710822329325,0.6163607601476454,0.48594245389066787,0.48,0.3318775634174582,0.6094379845904444,0.2709500000000001,0.7104999999999998,0.4908,0.37835,0.13085,0.23048829936366005,1.8752805191580757,1.0
1.0,False,moderate,0.0,0.0,individual_baseline,9,0.2075350527739827,0.0636853980376359,0.0,-0.005771941207152418,0.5854008001723742,0.45991750127897546,0.45,0.3238804019905633,0.5768681471649962,0.26925000000000004,0.7075,0.4955,0.36995,0.13455,0.18639962236007357,1.7091784155756358,1.0
1.0,False,moderate,0.0,0.0,individual_baseline,10,0.20986900833450536,0.06965362222144111,0.0,0.043509796086526296,0.5970391105902508,0.4843496509456311,0.49,0.32978057689662793,0.5948095233436915,0.26585000000000003,0.7014999999999999,0.4954,0.3732,0.1314,0.1955070203947801,1.6633626268551076,1.0
1.0,False,moderate,0.0,0.0,individual_baseline,11,0.20901262780004573,0.06642287593433771,0.005,-0.0860536442382665,0.5967912395622755,0.4724965416255914,0.495,0.3261315861095554,0.5943143011646206,0.26415000000000005,0.6984999999999999,0.4852,0.38075,0.13405,0.19426006593725895,1.7203276177507811,1.0
1.0,False,moderate,0.0,0.0,individual_baseline,12,0.19800100101749588,0.058574679971122826,0.005,0.07856092741891511,0.5881724489150968,0.45589471223878675,0.44,0.33311170164119197,0.5819322818744619,0.2684,0.706,0.48315,0.3861,0.13075,0.20999852974367098,1.6440908757877972,1.0
1.0,False,moderate,0.0,0.0,individual_baseline,13,0.20007746666610274,0.0601123648176364,0.0,0.038720144769420345,0.6187083914213154,0.493311837693002,0.485,0.3359255521244193,0.6124965566154007,0.27435000000000004,0.7164999999999998,0.4971,0.37425,0.12865,0.18892365159254346,1.842415851385261,1.0
1.0,False,moderate,0.0,0.0,individual_baseline,14,0.20066217508223616,0.06181818736001816,0.0,0.007621264755601427,0.6021494739096842,0.4712451572262267,0.455,0.32908719326790814,0.5988744158908219,0.26925000000000004,0.7075,0.4868,0.3808,0.1324,0.21846380491741832,1.8207144163253026,1.0
1.0,False,moderate,0.0,0.0,individual_baseline,15,0.17908923229322832,0.049346667825033205,0.0,0.013701775854395122,0.5666451194960791,0.43277869151086956,0.415,0.3273839223366991,0.5611567005123155,0.265,0.7,0.4665,0.3988,0.1347,0.22018797547878713,1.6905044767213417,1.0
1.0,False,moderate,0.0,0.0,individual_baseline,16,0.1923130863662799,0.05540360855228536,0.0,5.97033757169374e-05,0.6086139829244841,0.4725821594373528,0.47,0.3342568592869394,0.6034082996298233,0.2735,0.715,0.48065,0.38965,0.1297,0.2075657842703532,1.9022739730158253,1.0
1.0,False,moderate,0.0,0.0,individual_baseline,17,0.20089708105880041,0.06170498012547245,0.0,0.08209506445878277,0.6040797904015068,0.4752236036082905,0.465,0.3244466093981256,0.5951813682680648,0.25905,0.6894999999999999,0.4837,0.3812,0.1351,0.24342124787816866,1.8239165617810709,1.0
1.0,False,moderate,0.0,0.0,individual_baseline,18,0.2181351257617406,0.07702550060419483,0.0,0.032530335648930625,0.5822770967518663,0.461667616573921,0.475,0.3281332126845987,0.577942439030544,0.26160000000000005,0.694,0.4887,0.37825,0.13305,0.2090575184400025,1.6610377653769173,1.0
1.0,False,moderate,0.0,0.0,individual_baseline,19,0.18719330321184016,0.05732664053987795,0.0,0.029868212633508823,0.5422443248546062,0.41380719562361606,0.405,0.33494406720121117,0.5329626733355926,0.27435000000000004,0.7164999999999999,0.48655,0.38365,0.1298,0.22509528229326523,1.5589499404633624,1.0
1.0,False,moderate,0.0,0.0,individual_baseline,20,0.1880475399032992,0.05480131231533338,0.0,-0.03789705164229792,0.5840682265716766,0.45687230031005427,0.455,0.33307502583315796,0.574782384323775,0.27265000000000006,0.7134999999999999,0.48195,0.38775,0.1303,0.20639069289738327,1.6976057327896596,1.0
1.0,False,moderate,0.5,0.0,local_cf,1,0.19027756530392304,0.05510688352683998,0.0,-0.038066833559960586,0.5537570032666834,0.41478626786006373,0.415,0.33570138607080346,0.5447372839246616,0.26585000000000003,0.7014999999999999,0.48,0.3905,0.1295,0.23391899441177333,1.677008749146777,1.0
1.0,False,moderate,0.5,0.0,local_cf,2,0.20772410193917032,0.06580419938287813,0.005,0.0288341408694189,0.6143247066940642,0.4893965082130376,0.49,0.3316905490112065,0.6039440399484451,0.26330000000000003,0.6969999999999998,0.49675,0.3728,0.13045,0.18653372591784925,1.8334263382997784,1.0
1.0,False,moderate,0.5,0.0,local_cf,3,0.2051370283471577,0.06437367184137846,0.0,0.004820563469079022,0.616106534852056,0.49067262005961304,0.48,0.3314620673890913,0.6084477483337782,0.26160000000000005,0.694,0.49025,0.37925,0.1305,0.16956459683123465,1.8315787135367314,1.0
1.0,False,moderate,0.5,0.0,local_cf,4,0.19249867056346331,0.05625333384746442,0.005,0.05576904206508985,0.5606377562388739,0.4336772480897607,0.44,0.3353994178269224,0.5544106316331634,0.2667,0.7029999999999998,0.48775,0.38305,0.1292,0.22027400818997633,1.5871528932817658,1.0
1.0,False,moderate,0.5,0.0,local_cf,5,0.19658162937350224,0.06400180205360206,0.005,-0.020944782994332202,0.562266159036826,0.4298957623243198,0.435,0.3239308410900436,0.5592152462328233,0.2573500000000001,0.6864999999999999,0.4872,0.37755,0.13525,0.1850201308448585,1.664906977429906,1.0
1.0,False,moderate,0.5,0.0,local_cf,6,0.20686651369024886,0.06087228330458871,0.0,0.11706574141357005,0.6329228939103146,0.48260748335386355,0.485,0.33707353213549623,0.6248496297693598,0.265,0.7,0.4975,0.37435,0.12815,0.19632138046653452,1.9357363509908068,1.0
1.0,False,moderate,0.5,0.0,local_cf,7,0.21684731837639784,0.07290239697824238,0.005,-0.006319932838185869,0.624485489420864,0.4978597092462199,0.505,0.34416042174318096,0.6223063891920739,0.2735000000000001,0.715,0.4993,0.37655,0.12415,0.20346718900684013,1.8941150292097608,1.0
1.0,False,moderate,0.5,0.0,local_cf,8,0.19506915499436409,0.05819000888341831,0.0,0.024373129904096263,0.617170338453446,0.48484348618059675,0.48,0.33879193418761105,0.6105710969206251,0.2709500000000001,0.7104999999999998,0.4987,0.37445,0.12685,0.22234470755477695,1.9039114517618774,1.0
1.0,False,moderate,0.5,0.0,local_cf,9,0.19200448861199185,0.058665347023660816,0.0,0.04628384552018286,0.5623888891245882,0.4299941698275547,0.41,0.3350072780209336,0.556411916305992,0.26925000000000004,0.7075,0.49395,0.37715,0.1289,0.22186200136471765,1.6412558572189573,1.0
1.0,False,moderate,0.5,0.0,local_cf,10,0.20389095354099987,0.06530091163370684,0.005,0.024060850291394056,0.5830335649338638,0.4543667549793921,0.44,0.3373955920340734,0.5780067268685934,0.26585000000000003,0.7014999999999999,0.4892,0.38215,0.12865,0.2020733000943249,1.721246273384183,1.0
1.0,False,moderate,0.5,0.0,local_cf,11,0.20347696671332216,0.06389855638497263,0.01,-0.029423765664787545,0.5777212361758661,0.451769739052162,0.435,0.33059471287405606,0.5696729857826113,0.26415000000000005,0.6984999999999999,0.4908,0.37765,0.13155,0.23255463431836554,1.6694268856215047,1.0
1.0,False,moderate,0.5,0.0,local_cf,12,0.1985644676888071,0.06449552309833333,0.0,-0.004617508159438717,0.5991653921638647,0.47173105180470615,0.475,0.33798267657983144,0.5953807324881858,0.2684,0.706,0.4986,0.37445,0.12695,0.2201671493434639,1.7798946763380894,1.0
1.0,False,moderate,0.5,0.0,local_cf,13,0.2156896948105944,0.0699911024318864,0.01,0.06440014758463806,0.6210768389070953,0.4912616016176415,0.495,0.34373783905128347,0.6173810371566879,0.27435000000000004,0.7164999999999998,0.50085,0.3746,0.12455,0.2202744528368278,1.8310155001989123,1.0
1.0,False,moderate,0.5,0.0,local_cf,14,0.20779194812395085,0.06670323449385639,0.0,0.0024193986731260784,0.619087886402919,0.5010064505352722,0.515,0.3371247840890463,0.6115291167754832,0.26925000000000004,0.7075,0.5038,0.36915,0.12705,0.22436052882555035,1.8041255611141491,1.0
1.0,False,moderate,0.5,0.0,local_cf,15,0.2208333238398387,0.07014124512213399,0.0,0.02304924947867846,0.621501920226587,0.49872964440953654,0.505,0.3342290128353759,0.6187852853356377,0.265,0.7,0.4957,0.37535,0.12895,0.1957904300291193,1.853190504370632,1.0
1.0,False,moderate,0.5,0.0,local_cf,16,0.20033688603749258,0.0634545110308352,0.005,0.015054168854950558,0.5942825191830476,0.4671956171933782,0.455,0.34054709479080825,0.5894382639427633,0.2735,0.715,0.497,0.3771,0.1259,0.21327817966993592,1.7614437784995667,1.0
1.0,False,moderate,0.5,0.0,local_cf,17,0.210559808838086,0.07285605025208977,0.01,0.02030536639212504,0.5669820116049809,0.4425449289763781,0.44,0.32728187929288827,0.5603639354063924,0.25905,0.6894999999999999,0.48715,0.3797,0.13315,0.18760066264191566,1.6275271149464614,1.0
1.0,False,moderate,0.5,0.0,local_cf,18,0.1982778873270518,0.05830425729571063,0.0,0.05282975918278002,0.5710209361789181,0.4371333736836604,0.42,0.33349659700074036,0.569074123249246,0.26160000000000005,0.694,0.48355,0.38585,0.1306,0.20318468190602773,1.6837950026865367,1.0
1.0,False,moderate,0.5,0.0,local_cf,19,0.2050390164263813,0.06245100755106282,0.005,0.0517951570592172,0.6004886459155648,0.4701180889861575,0.455,0.34509362543672834,0.5987378559721376,0.27435000000000004,0.7164999999999999,0.4988,0.37705,0.12415,0.19293920627388228,1.76480929291836,1.0
1.0,False,moderate,0.5,0.0,local_cf,20,0.20074827430911812,0.0651472297244078,0.005,0.027219786951963254,0.6170502580036147,0.4890081159744242,0.48,0.3404739758196696,0.6095785583608133,0.27265000000000006,0.7134999999999999,0.49185,0.3824,0.12575,0.23971475194867167,1.874826710378712,1.0
0.2,True,moderate,0.0,0.5,global_trending,1,0.1978751177151883,0.059431752368761755,0.0,0.00980648761673491,0.04786290932587203,0.012183481780399623,0.01,0.12216512724585103,0.05972760708623401,0.590845,1.089135,0.9232,0.06845,0.00835,0.10496747405982916,0.5390881671103792,0.9940000000000001
0.2,True,moderate,0.0,0.5,global_trending,2,0.1984319981588958,0.06092360077254237,0.0,-0.015027047520042653,0.05830425568452048,0.018959450346544237,0.015,0.12188213528569415,0.07398500163169734,0.584425,1.076465,0.9089,0.08135,0.00975,0.11666486162482408,0.5152228098829448,0.9925
0.2,True,moderate,0.0,0.5,global_trending,3,0.1875717315084858,0.05773593712808097,0.0,-0.03239787196374741,0.04906476101264027,0.0047466936433661275,0.0,0.12271349305969535,0.06067564997430233,0.5933199999999998,1.088395,0.92555,0.0728,0.00165,0.10616969528609918,0.6853452215466828,1.0
0.2,True,moderate,0.0,0.5,global_trending,4,0.22384643046074043,0.07222786397084838,0.0,-0.056552378979854,0.0658876783867046,0.005772138616819046,0.0,0.122885975564045,0.07517728169321768,0.5909499999999999,1.090575,0.91785,0.08035,0.0018,0.09899080844348383,0.6407388262688257,1.0
0.2,True,moderate,0.0,0.5,global_trending,5,0.20430056926790435,0.06338888297286548,0.0,-0.04147177861516529,0.05856849531375092,0.0182168754764821,0.015,0.12169991401890534,0.07456536619563663,0.5848099999999999,1.070795,0.90795,0.08135,0.0107,0.10712967612484542,0.5400672421234621,0.9915
0.2,True,moderate,0.0,0.5,global_trending,6,0.18690587817727353,0.05538258712330517,0.0,0.009252996794008837,0.04654643983163876,0.012068246070809828,0.01,0.12229938856059153,0.060548731793135795,0.5900349999999999,1.086085,0.9194,0.0739,0.0067,0.10376051160836905,0.46381312851236084,0.9919999999999999
0.2,True,moderate,0.0,0.5,global_trending,7,0.1968721978104117,0.06063711356047402,0.005,-0.058569133360249985,0.06551270729067138,0.013900659475908385,0.01,0.12204076560058934,0.07480659803050198,0.5901499999999998,1.097735,0.9268,0.0648,0.0084,0.10674914983181436,0.5566864662137997,0.9925
0.2,True,moderate,0.0,0.5,global_trending,8,0.20133506441123564,0.06278916090270992,0.005,-0.07798083212829553,0.0800791493174211,0.003669695506586097,0.0,0.12272097473761498,0.08915088066567307,0.5934699999999999,1.0991849999999999,0.92755,0.0709,0.00155,0.09945392836247575,0.8626191073713759,1.0
0.2,True,moderate,0.0,0.5,global_trending,9,0.185752721745588,0.05564934339955476,0.005,0.04995275876665545,0.06164575237839082,0.012593729721283945,0.01,0.12222505386780164,0.07446180259974418,0.5902799999999999,1.09169,0.9233,0.06875,0.00795,0.10850582102506223,0.5860778070452121,0.9915
0.2,True,moderate,0.0,0.5,global_trending,10,0.20598510915705237,0.06252929106889885,0.0,-0.013057629970639284,0.05548250098155836,0.017583488368644856,0.015,0.12160968898401031,0.06819487476531694,0.5872399999999999,1.08279,0.91625,0.07315,0.0106,0.11188817240180779,0.46900047835051933,0.9915
0.2,True,moderate,0.0,0.5,global_trending,11,0.18995161904545627,0.053909779432307445,0.0,-0.0018513528548888263,0.04549427926454126,0.0075026130047983084,0.005,0.12249500873976488,0.058626255297032026,0.593505,1.091185,0.9287,0.0673,0.004,0.09728489088388949,0.6943838994674211,0.997
0.2,True,moderate,0.0,0.5,global_trending,12,0.19489478632933532,0.05941939046671207,0.005,-0.02220691647026881,0.04400053593961451,0.006912655558296765,0.005,0.12198452664153575,0.05887620078124163,0.5931849999999999,1.0961949999999998,0.93155,0.0628,0.00565,0.10833949266946494,0.6835694576204996,0.995
0.2,True,moderate,0.0,0.5,global_trending,13,0.19719838565695458,0.06386939555305361,0.005,0.00973409088326599,0.06766767837288795,0.03209924185938338,0.03,0.12044155375646141,0.08165248455999677,0.5800649999999998,1.0847499999999999,0.9116,0.07,0.0184,0.11136569054313558,0.3793030945684494,0.9885
0.2,True,moderate,0.0,0.5,global_trending,14,0.18493430678250702,0.05490697372600785,0.0,-0.038292444347145425,0.05978164802883205,0.012381075445726206,0.01,0.1219728776131691,0.07499670719647356,0.5900449999999999,1.091585,0.9236,0.06775,0.00865,0.10310426787702738,0.4861116461573128,0.9940000000000001
0.2,True,moderate,0.0,0.5,global_trending,15,0.1927292636993441,0.06362709284023982,0.01,0.014295676815802103,0.07366237873300756,0.03892260813203321,0.035,0.12011157074431562,0.0895666580431715,0.5756349999999999,1.067435,0.90135,0.073,0.02565,0.11301399751057563,0.39697450735385326,0.973
0.2,True,moderate,0.0,0.5,global_trending,16,0.1829821888373714,0.05330982129371101,0.0,0.06082269939263027,0.07209265082895576,0.013769444511466368,0.01,0.12171441046200954,0.07914156045113194,0.5886999999999999,1.09634,0.92745,0.0648,0.00775,0.11351681084035604,0.4766329378033566,0.9925
0.2,True,moderate,0.0,0.5,global_trending,17,0.19208171208426875,0.05851100879070293,0.0,0.02436068195726883,0.05669693086572229,0.017056472831000733,0.015,0.12194375280618659,0.07361796808867141,0.5881399999999999,1.0778150000000002,0.91605,0.07385,0.0101,0.1177781247487924,0.44007373012166434,0.9930000000000001
0.2,True,moderate,0.0,0.5,global_trending,18,0.18768218212215806,0.053386251036626094,0.005,-0.029773576875692428,0.0487935043301162,0.00753678797235325,0.005,0.12278135678660516,0.06400593070041817,0.5918749999999998,1.0856000000000001,0.92185,0.07295,0.0052,0.11073602053522875,0.6003644108675721,0.9954999999999999
0.2,True,moderate,0.0,0.5,global_trending,19,0.19392432635547988,0.05854754382836469,0.0,0.0506869479612646,0.05883389539808823,0.010165736948494335,0.01,0.12219370941411462,0.07586906185381533,0.5921499999999998,1.100075,0.92805,0.0665,0.00545,0.11147081450539989,0.6039076502880325,0.9954999999999999
0.2,True,moderate,0.0,0.5,global_trending,20,0.19363090624011942,0.057177820254411246,0.0,0.021297530748520546,0.06434953151444937,0.02610380470083765,0.025,0.12114970885458089,0.07785584990079811,0.5839799999999999,1.0887799999999999,0.91645,0.0687,0.01485,0.10835530854948316,0.3792818839980142,0.9875
0.2,True,moderate,0.4,0.4,hybrid,1,0.19786497644412784,0.06018260573014211,0.0,0.02177759659649696,0.05239128306121374,0.012435790713284559,0.01,0.12189959224653756,0.06699661927076234,0.5918699999999998,1.091345,0.9293,0.06215,0.00855,0.09901540958362022,0.49520854685776633,0.993
0.2,True,moderate,0.4,0.4,hybrid,2,0.19705061525911025,0.05995501973258774,0.0,0.03890131830127802,0.06091952724750272,0.01148842835730038,0.01,0.12196522521210296,0.07245189642170918,0.59341,1.09073,0.9323,0.0615,0.0062,0.0977623593472662,0.5215770396213245,0.995
0.2,True,moderate,0.4,0.4,hybrid,3,0.2094955089858734,0.06436480459072097,0.0,-0.005210288349235298,0.04855626951449839,0.012292357185942333,0.01,0.12197916670598645,0.05940526131406564,0.5918149999999999,1.08572,0.9267,0.06605,0.00725,0.09314585574929342,0.5843805776276899,0.996
0.2,True,moderate,0.4,0.4,hybrid,4,0.18787439317520588,0.05778704791763957,0.0,0.04396254837015018,0.0665262996203288,0.02154589932603185,0.02,0.12107790116009656,0.07713971392960783,0.5874349999999998,1.08791,0.9286,0.05675,0.01465,0.10467025310065306,0.443062233244995,0.9875
0.2,True,moderate,0.4,0.4,hybrid,5,0.17868141840687948,0.047800353495681014,0.0,-0.039619581293952204,0.053008476221309955,0.0070092139249021135,0.005,0.12232865000154171,0.06518113273507394,0.5954799999999999,1.08832,0.93745,0.0589,0.00365,0.10663100456315266,0.6880698630424984,0.9984999999999999
0.2,True,moderate,0.4,0.4,hybrid,6,0.18971221464997845,0.05493089400801475,0.0,0.04331128765188866,0.05384092644241486,0.0068998956149684786,0.005,0.1224534857891688,0.062332760515369776,0.59632,1.09711,0.93915,0.05785,0.003,0.09540615493108014,0.7087044219068384,1.0
0.2,True,moderate,0.4,0.4,hybrid,7,0.18604283125508608,0.05754821682274379,0.005,-0.0037383799641605734,0.046628197709883856,0.012085399206291479,0.01,0.12184861619128931,0.06170586913873759,0.5921749999999999,1.10043,0.93475,0.05705,0.0082,0.10031068136347397,0.5629986713394963,0.9944999999999999
0.2,True,moderate,0.4,0.4,hybrid,8,0.19582001985453965,0.061625225319255066,0.0,-0.01935364292460327,0.05551721129659983,0.017334212624274925,0.015,0.12145342344254179,0.06705451206043063,0.5894299999999998,1.093915,0.93005,0.05655,0.0134,0.10361963943220305,0.4378325492545105,0.991
0.2,True,moderate,0.4,0.4,hybrid,9,0.20717710018364882,0.06826624203567899,0.01,0.04059882160791624,0.07517376712468903,0.027188657839080775,0.025,0.1209494898513968,0.08527796371045478,0.58315,1.082595,0.9168,0.0634,0.0198,0.1088785699607114,0.4301804705283027,0.9844999999999999
0.2,True,moderate,0.4,0.4,hybrid,10,0.19036209907386362,0.06062951757055291,0.005,0.01693263483732702,0.06510049308925873,0.02328844265422316,0.02,0.12130879413858825,0.07715299255399949,0.5845949999999999,1.082605,0.91915,0.06485,0.016,0.10368983733598185,0.47887392849030497,0.9855000000000002
0.2,True,moderate,0.4,0.4,hybrid,11,0.19977640142105,0.06464840990500456,0.005,0.0002433961652891492,0.057146836831864854,0.017755933757925293,0.015,0.1215336503194231,0.07182112063559834,0.58766,1.0850549999999999,0.92405,0.0633,0.01265,0.10160948515842289,0.47932453388520974,0.99
0.2,True,moderate,0.4,0.4,hybrid,12,0.20071800502913362,0.059104652714257314,0.0,-0.0320303131023846,0.06343496973691265,0.01752569582251281,0.015,0.12124595334359828,0.07877173640541883,0.5894649999999999,1.0912899999999999,0.93,0.0617,0.0083,0.11183215513266223,0.48676593127910756,0.993
0.2,True,moderate,0.4,0.4,hybrid,13,0.21566370095403842,0.07521639698740111,0.005,0.0174231874240209,0.04258677300280327,0.006834685982941463,0.005,0.12215893644075303,0.05223729031324753,0.594745,1.1040649999999999,0.93475,0.06005,0.0052,0.10365457244876147,0.6586602072897136,0.996
0.2,True,moderate,0.4,0.4,hybrid,14,0.20608589672415092,0.06669731335535717,0.015,-4.8060827329701184e-05,0.0588280854567191,0.022297997165392606,0.02,0.12122323248562082,0.07109261046831042,0.5859549999999999,1.0872950000000001,0.9235,0.0602,0.0163,0.11102812257179064,0.4266270422845807,0.9845
0.2,True,moderate,0.4,0.4,hybrid,15,0.1944089701981631,0.06406559081174741,0.005,-0.027862849570247983,0.050492571795290694,0.011717866085382644,0.01,0.12217311056532092,0.05969287491774519,0.5907799999999999,1.0910300000000002,0.9309,0.06015,0.00895,0.0963808573612641,0.5427957858438266,0.993
0.2,True,moderate,0.4,0.4,hybrid,16,0.1764940802305662,0.05473239409193845,0.0,0.01728888907475104,0.05554505134534132,0.017427654145311514,0.015,0.12151300680180725,0.06712161209671738,0.5897299999999999,1.09873,0.93405,0.05535,0.0106,0.10330408786951213,0.4574056276022482,0.9890000000000001
0.2,True,moderate,0.4,0.4,hybrid,17,0.19832261859115755,0.06182317624378054,0.0,0.04271391322913014,0.07645037539938729,0.02733091888221366,0.025,0.12090050443974633,0.08737695021794199,0.582545,1.0695649999999999,0.91015,0.071,0.01885,0.0985880067671442,0.4271931458561666,0.9834999999999999
0.2,True,moderate,0.4,0.4,hybrid,18,0.1936364426145733,0.05882509649761351,0.0,0.04829130932374964,0.07828878478350919,0.023500909913542437,0.02,0.12113039971531357,0.08597522924064897,0.5838949999999998,1.0786099999999998,0.9202,0.0686,0.0112,0.11191475730064457,0.42740439027925087,0.9934999999999999
0.2,True,moderate,0.4,0.4,hybrid,19,0.20685845086223545,0.06861610686241834,0.005,-0.03659348848703713,0.05124418720996746,0.006815154732557694,0.005,0.12246259227698111,0.06453126625977867,0.5935549999999999,1.1045399999999999,0.93665,0.0594,0.00395,0.09988815526213336,0.6881740692047972,0.998
0.2,True,moderate,0.4,0.4,hybrid,20,0.20636766667887332,0.06314289158280624,0.0,-0.0310742159188481,0.06068120041641287,0.01731864414727381,0.015,0.12142813831688526,0.07154147663672292,0.5903899999999999,1.09779,0.9348,0.0539,0.0113,0.11474233029603913,0.4234881768330878,0.993
0.2,True,moderate,0.0,0.0,individual_baseline,1,0.18517989058204043,0.056996306066042335,0.005,-0.04112546815866181,0.29893925256178716,0.14054522089975816,0.045,0.12249219315956922,0.3146309826399552,0.5999999999999999,1.1054400000000002,0.95495,0.0446,0.00045,0.11294225804987089,1.3186787555219657,1.0
0.2,True,moderate,0.0,0.0,individual_baseline,2,0.20216854416143704,0.0647440391651192,0.01,-0.003917440403274423,0.28296709830843214,0.13320255943977954,0.06,0.1226989295051817,0.30365573202245233,0.5997899999999998,1.100615,0.94945,0.0501,0.00045,0.10387842120789094,1.2269683723811355,1.0
0.2,True,moderate,0.0,0.0,individual_baseline,3,0.19621911473054343,0.05963406822974253,0.0,-0.00803644636059111,0.2863308844679368,0.12701186215424484,0.045,0.12272747965488844,0.30176159618477105,0.5999999999999999,1.1003349999999998,0.95155,0.04815,0.0003,0.11672330065354786,1.3462774295253503,1.0
0.2,True,moderate,0.0,0.0,individual_baseline,4,0.19649547107097434,0.06192035160063412,0.0,0.04058509077822421,0.3090609424217383,0.1438490203066041,0.06,0.12266450842765586,0.3176340168675247,0.5999499999999999,1.10665,0.9542,0.04555,0.00025,0.1097090878787139,1.3905875751277297,1.0
0.2,True,moderate,0.0,0.0,individual_baseline,5,0.1983530163480826,0.0597858247335088,0.0,-0.02567978101595595,0.31338417902399346,0.1453829055802456,0.04,0.1229098888457926,0.3311477544071625,0.5998499999999999,1.095455,0.9496,0.05025,0.00015,0.11342084741646159,1.4067515403299098,1.0
0.2,True,moderate,0.0,0.0,individual_baseline,6,0.18537798017552198,0.053336319062658344,0.0,-0.021807650235391978,0.3053055159713945,0.14094522528100686,0.055,0.12273950260965058,0.3204829465112671,0.5999749999999999,1.10587,0.9551,0.0448,0.0001,0.1069025416994711,1.3844956671212887,1.0
0.2,True,moderate,0.0,0.0,individual_baseline,7,0.20079310849010795,0.06192564222908396,0.0,0.00038903373669481713,0.29906638163117366,0.13753202476248666,0.045,0.12251611984079311,0.3123132598296484,0.5999999999999999,1.11367,0.9563,0.04335,0.00035,0.10836980778256779,1.360741731017133,1.0
0.2,True,moderate,0.0,0.0,individual_baseline,8,0.18713274956250686,0.056538985280947134,0.005,-0.017687462018028434,0.3121345874522622,0.1476885557827359,0.06,0.12255131317813184,0.32237855195519577,0.5999499999999999,1.110935,0.9563,0.0434,0.0003,0.10108879605878102,1.382547647760506,1.0
0.2,True,moderate,0.0,0.0,individual_baseline,9,0.2240523566435313,0.06981611321947508,0.0,0.024159030075674087,0.29124189570686787,0.12954954151595668,0.025,0.12265259679932061,0.30647438238318797,0.5999499999999999,1.110045,0.95745,0.04245,0.0001,0.09915380722138643,1.3539241480988116,1.0
0.2,True,moderate,0.0,0.0,individual_baseline,10,0.19228890410406066,0.057841228623436616,0.0,0.002450989191156896,0.33085545830597807,0.16559177960115143,0.065,0.12234505574864642,0.3487607821709994,0.5999749999999999,1.1045099999999999,0.95215,0.04705,0.0008,0.10619554271674544,1.3955060873958964,1.0
0.2,True,moderate,0.0,0.0,individual_baseline,11,0.19179862367162476,0.05946989173732813,0.005,0.010728751322601947,0.32072438461215624,0.15620826450866485,0.05,0.12267883481213715,0.33538953496717916,0.5999499999999999,1.1037749999999997,0.95385,0.0459,0.00025,0.10179181553229508,1.3852502867106051,1.0
0.2,True,moderate,0.0,0.0,individual_baseline,12,0.17890862288750184,0.04855913302710146,0.0,-0.027398493198687483,0.3184432592029126,0.15225504386676483,0.055,0.12265106749208082,0.3407971044007826,0.5999999999999999,1.108015,0.95555,0.04425,0.0002,0.10793747670130316,1.4112398744744807,1.0
0.2,True,moderate,0.0,0.0,individual_baseline,13,0.1802212316139537,0.0532373006557056,0.0,0.006306007684172415,0.2711083042019085,0.11615074165695619,0.035,0.12249984093847902,0.27758727764045393,0.5999999999999999,1.11531,0.95765,0.04205,0.0003,0.1008306509182699,1.3055619757717278,1.0
0.2,True,moderate,0.0,0.0,individual_baseline,14,0.17704058765084085,0.04965443632182627,0.005,0.011113814386897975,0.30458746785322477,0.1364951648926334,0.035,0.12253320828876653,0.3185824691243683,0.5999749999999999,1.11031,0.95675,0.04295,0.0003,0.10402681550139364,1.4553894381658465,1.0
0.2,True,moderate,0.0,0.0,individual_baseline,15,0.19014345309996622,0.05979596355036773,0.015,-0.001152646524318992,0.3165367334604293,0.13909154604109797,0.025,0.12249972003125562,0.331763880372262,0.5999749999999999,1.1033199999999999,0.95185,0.04755,0.0006,0.10141414504646218,1.6025219741273558,1.0
0.2,True,moderate,0.0,0.0,individual_baseline,16,0.2066647808352405,0.07070870587493427,0.01,0.011036158000187726,0.34072868883749163,0.17722202009584503,0.08,0.12265294789329158,0.3529973086263382,0.5998999999999998,1.1134899999999999,0.95555,0.04425,0.0002,0.10326902213730832,1.3736547604596228,1.0
0.2,True,moderate,0.0,0.0,individual_baseline,17,0.19340020121729778,0.05715327453352192,0.005,0.03746829087555201,0.303844912404204,0.1362678975325095,0.045,0.12282953147975148,0.313752896567261,0.5999749999999999,1.09636,0.9488,0.0509,0.0003,0.11653019814407706,1.4221013134982574,1.0
0.2,True,moderate,0.0,0.0,individual_baseline,18,0.19907761336327356,0.06293894612935663,0.0,0.02402219561267958,0.2903920961434494,0.12329046175194397,0.035,0.12252594982433926,0.30104316553096544,0.5999999999999999,1.100145,0.9512,0.0482,0.0006,0.10813171691243154,1.4493769963263754,1.0
0.2,True,moderate,0.0,0.0,individual_baseline,19,0.2023065484738371,0.06118130837192586,0.0,-0.030680865296104014,0.3121267204639249,0.14787139912889827,0.05,0.12259148559344378,0.3282559639792012,0.5998499999999999,1.11357,0.9543,0.04535,0.00035,0.1169565890825347,1.393681979322516,1.0
0.2,True,moderate,0.0,0.0,individual_baseline,20,0.20383595022467438,0.06572669506232783,0.0,-0.00185934003572494,0.32840605787556243,0.16281130017457893,0.065,0.12245347635949733,0.3468017124546411,0.5999699999999999,1.11321,0.958,0.04165,0.00035,0.10718311440328812,1.3996110258135857,1.0
0.2,True,moderate,0.5,0.0,local_cf,1,0.19780159749387377,0.05732699883326939,0.0,-0.018181847009996487,0.2507921101832606,0.0900043814092081,0.0,0.12253929105664632,0.258009273188388,0.5999999999999999,1.106835,0.9566,0.0431,0.0003,0.09029736673886048,1.5197712107017756,1.0
0.2,True,moderate,0.5,0.0,local_cf,2,0.19152591632544685,0.05603095088997152,0.0,0.04620238384773446,0.269308055380681,0.0999942985100645,0.0,0.12281055358942618,0.2806413119314638,0.5999249999999999,1.1029200000000001,0.9532,0.0467,0.0001,0.10241213842534158,1.5769892070964968,1.0
0.2,True,moderate,0.5,0.0,local_cf,3,0.19570467562334115,0.05864834737729442,0.0,0.015510214941469154,0.272625315571646,0.10666190438681174,0.0,0.12251530181457701,0.2851908500011423,0.5999999999999999,1.103435,0.9572,0.0425,0.0003,0.09477805733975071,1.5048498286416037,1.0
0.2,True,moderate,0.5,0.0,local_cf,4,0.20470795718707535,0.0643513619590304,0.0,-0.013154457816522589,0.2425422423112915,0.08910908969640662,0.0,0.12263639887369276,0.2504599125109339,0.5999749999999999,1.1078299999999999,0.9569,0.04295,0.00015,0.09803434384352695,1.3946011249202808,1.0
0.2,True,moderate,0.5,0.0,local_cf,5,0.19292546048783535,0.05659798612708873,0.0,-0.019241920111897404,0.2588183276760065,0.10008240093881834,0.0,0.12273567506943557,0.2702271848129888,0.5999749999999999,1.098305,0.9542,0.04565,0.00015,0.10300451900915686,1.4046147214441187,1.0
0.2,True,moderate,0.5,0.0,local_cf,6,0.1920886242183714,0.05526153995569692,0.0,-0.03472864034882277,0.28090479681718494,0.1181120575228428,0.005,0.122680943071928,0.2897270975770778,0.5999249999999999,1.10661,0.95765,0.0423,5e-05,0.09442364997371872,1.3994746123518387,1.0
0.2,True,moderate,0.5,0.0,local_cf,7,0.1922941770276293,0.05861994802400818,0.0,-0.0016010482885096438,0.2699363347831984,0.10939293994791015,0.01,0.12258593584124934,0.2818886256932414,0.5999749999999999,1.1158,0.9612,0.0388,0.0,0.10290440175964757,1.4123833918620396,1.0
0.2,True,moderate,0.5,0.0,local_cf,8,0.20012618678766964,0.06759433226920276,0.01,0.04790809024658082,0.2776948614003828,0.11631630112922224,0.01,0.12242897259300772,0.2870330307916054,0.5999999999999999,1.1127099999999999,0.95955,0.04015,0.0003,0.09653195787236149,1.3357817943448789,1.0
0.2,True,moderate,0.5,0.0,local_cf,9,0.1930177859437837,0.059613660218753,0.005,0.02528590015738243,0.2710086679713446,0.10834247456153723,0.01,0.12226560040673604,0.28004494507665917,0.5999549999999999,1.1113149999999998,0.9611,0.03845,0.00045,0.09388019823237742,1.453807068195391,1.0
0.2,True,moderate,0.5,0.0,local_cf,10,0.21043875001586757,0.06722237897776234,0.0,0.0008248472575274968,0.28405344933632226,0.12140512548365483,0.0,0.12257649349495005,0.2958391193941859,0.5999999999999999,1.10646,0.9556,0.0441,0.0003,0.09502901707014712,1.4076680304052844,1.0
0.2,True,moderate,0.5,0.0,local_cf,11,0.2043298877381496,0.06425292583469167,0.0,-0.04003103535613462,0.2568584643350317,0.10164890719076893,0.02,0.12247009940560735,0.26444071974512723,0.5999599999999998,1.1049399999999998,0.95555,0.044,0.00045,0.1004239733866958,1.3469141613223898,1.0
0.2,True,moderate,0.5,0.0,local_cf,12,0.2091387932286998,0.06541477744813622,0.0,0.013538471492127412,0.2640080723564835,0.10340609602556895,0.0,0.12268371121786018,0.26909240920684196,0.5998499999999999,1.108995,0.95665,0.04325,0.0001,0.09712464236252609,1.4344772789625462,1.0
0.2,True,moderate,0.5,0.0,local_cf,13,0.19750923467242287,0.06444325334873124,0.005,-0.020265974997130107,0.25914867410901576,0.09640403642676862,0.0,0.12256148934446359,0.27132839570219613,0.5999999999999999,1.11642,0.9599,0.04,0.0001,0.09541324002637165,1.5059270953248898,1.0
0.2,True,moderate,0.5,0.0,local_cf,14,0.20478652146817655,0.06363401842843162,0.0,-0.03508362900331361,0.26861881057436515,0.10127093042139716,0.0,0.12262196546480972,0.27603239010130204,0.5999999999999999,1.109815,0.95635,0.04345,0.0002,0.09739200946684846,1.5226363218447259,1.0
0.2,True,moderate,0.5,0.0,local_cf,15,0.19747583995383194,0.058474652757473426,0.0,-0.03038459629420048,0.27295733248794873,0.10594984878904551,0.005,0.12248895428546966,0.2814907474843794,0.5999499999999999,1.105505,0.9561,0.0435,0.0004,0.10195720210997766,1.540159830363078,1.0
0.2,True,moderate,0.5,0.0,local_cf,16,0.18366153939190838,0.05339506379977731,0.0,0.01923978154097294,0.2599585957237012,0.10230445703097497,0.005,0.12239822232852969,0.26923169436636607,0.5999999999999999,1.115735,0.96045,0.03925,0.0003,0.08250396203082215,1.4021851260223326,1.0
0.2,True,moderate,0.5,0.0,local_cf,17,0.19412498110426213,0.056555271309231755,0.0,-0.026708091549451914,0.2514011676162955,0.09797470819923686,0.005,0.12263856303288359,0.2617120302320563,0.5999499999999999,1.09916,0.95395,0.04575,0.0003,0.0880242617488695,1.3487435220383228,1.0
0.2,True,moderate,0.5,0.0,local_cf,18,0.19057415346108655,0.05598015901912451,0.0,-0.003018992195764106,0.2631512144265009,0.10543469402327536,0.01,0.12269412609974671,0.27097440344084517,0.5999499999999999,1.10066,0.95245,0.04725,0.0003,0.1031691159967359,1.3819395961140217,1.0
0.2,True,moderate,0.5,0.0,local_cf,19,0.20314037981134184,0.06406873687004397,0.01,-0.012154416740770087,0.25764354222567926,0.10171945118119563,0.0,0.12223277061141062,0.26584582742071333,0.5999999999999999,1.1168799999999999,0.96295,0.03665,0.0004,0.09884936515401321,1.3640554079248672,1.0
0.2,True,moderate,0.5,0.0,local_cf,20,0.18974006334346302,0.054934814169492745,0.0,0.02555298282934186,0.2576179387573026,0.09453512074291996,0.0,0.12255031009632024,0.2733600270616787,0.5999999999999999,1.1143649999999998,0.95825,0.04155,0.0002,0.09885772156191706,1.510819852844278,1.0
0.5,True,moderate,0.0,0.5,global_trending,1,0.21369186320378705,0.0671544645776858,0.0,-0.01457154979241878,0.33598257800594383,0.259794158692147,0.24,0.21376835134793504,0.3405593487483054,0.41211,0.8615599999999994,0.54495,0.28705,0.168,0.29456647420297455,0.8692153827633636,0.94
0.5,True,moderate,0.0,0.5,global_trending,2,0.20904812958897892,0.07042630852356148,0.005,-0.022668104648588042,0.3280806425357805,0.24435593149170096,0.225,0.21584033888937953,0.3213054310609171,0.415475,0.8619199999999997,0.5475,0.2899,0.1626,0.2887757298426234,0.8782899162318546,0.9475
0.5,True,moderate,0.0,0.5,global_trending,3,0.2115879750789832,0.07075290704019983,0.005,0.029815853264443203,0.32018144912207314,0.2455111480850478,0.225,0.20959176356330605,0.32517863622696797,0.41168999999999994,0.8515299999999995,0.54085,0.2825,0.17665,0.2931256888196613,0.8475775432714607,0.941
0.5,True,moderate,0.0,0.5,global_trending,4,0.17878870682357728,0.0518042614196761,0.0,-0.010869155618546844,0.258662860366216,0.18206840642189787,0.16,0.2259861028862851,0.2637110085815461,0.441175,0.9011099999999995,0.5779,0.29455,0.12755,0.2795024750629924,0.7617022975860421,0.9535000000000001
0.5,True,moderate,0.0,0.5,global_trending,5,0.21640327963069342,0.07208413035031347,0.0,0.028927129834090147,0.3590593634174084,0.28309966563676253,0.26,0.20557665524136282,0.35677476864902763,0.39063500000000007,0.8224899999999997,0.51185,0.28935,0.1988,0.28318833730516646,0.915209316186047,0.9255000000000001
0.5,True,moderate,0.0,0.5,global_trending,6,0.1644799631937526,0.04323445354927112,0.0,-0.05675504906320501,0.2488160799847843,0.1557187689013724,0.13,0.22808405114998537,0.24963039950025093,0.44415499999999997,0.9059349999999998,0.591,0.28405,0.12495,0.2620384181020827,0.7917790855720976,0.9660000000000001
0.5,True,moderate,0.0,0.5,global_trending,7,0.2015393574940846,0.062093243743506124,0.0,0.02420949883317476,0.2912738829420518,0.20100647914797018,0.175,0.22551725920669066,0.2894834121047783,0.44384,0.9066299999999995,0.57395,0.2887,0.13735,0.28141713863084017,0.8140951916733886,0.9584999999999999
0.5,True,moderate,0.0,0.5,global_trending,8,0.18225232665949914,0.05091205462090888,0.0,0.05066884832402583,0.26623050241803553,0.18080519800788777,0.16,0.22644771397444288,0.2624424096621724,0.44286000000000003,0.9077749999999994,0.58465,0.28765,0.1277,0.26949787538140285,0.7843291375878295,0.9834999999999999
0.5,True,moderate,0.0,0.5,global_trending,9,0.18693062695229173,0.05483255925524694,0.0,0.02878938127810453,0.2763308314093621,0.19628332911346905,0.175,0.22332558163279315,0.27395146477372717,0.4361,0.8974549999999994,0.57655,0.28625,0.1372,0.2785811740239749,0.7897100107526375,0.963
0.5,True,moderate,0.0,0.5,global_trending,10,0.19884329048156624,0.06424689312445332,0.005,-0.019419697312152987,0.284559640177334,0.21125392684773037,0.195,0.22085851989543204,0.28527061418562344,0.42907000000000006,0.8817199999999994,0.56215,0.2887,0.14915,0.28287229362510935,0.7853595366063698,0.9555000000000001
0.5,True,moderate,0.0,0.5,global_trending,11,0.18638268383466314,0.05566665197493318,0.0,-0.014882677718050514,0.2957991408814273,0.22195406633033596,0.2,0.2166029795283067,0.2991237372800362,0.42099500000000006,0.8691299999999995,0.55355,0.27995,0.1665,0.2656935748326105,0.8066686938825711,0.9305000000000001
0.5,True,moderate,0.0,0.5,global_trending,12,0.2035457411102011,0.06327723719898141,0.0,0.029927229815487514,0.2836376776036849,0.2021774462178422,0.18,0.22520197983724066,0.28869403018712736,0.437515,0.8979049999999995,0.57535,0.29315,0.1315,0.2846741051000661,0.8075379146720671,0.971
0.5,True,moderate,0.0,0.5,global_trending,13,0.2022795502987398,0.06682853430020903,0.01,0.036677769740656535,0.26510482743274233,0.18462835103688405,0.165,0.22904394308249593,0.26843665096492325,0.4477850000000001,0.9153249999999994,0.5844,0.28085,0.13475,0.28490559257496184,0.7899664884185038,0.9594999999999999
0.5,True,moderate,0.0,0.5,global_trending,14,0.20055021176926993,0.06283215341104118,0.0,0.03011257104925563,0.27292478136460785,0.1816687773881738,0.15,0.22615520388094035,0.26823829763060647,0.44160499999999997,0.9009499999999995,0.57135,0.29215,0.1365,0.2893274967237153,0.8117871555405353,0.9515
0.5,True,moderate,0.0,0.5,global_trending,15,0.19759108810732598,0.06223548016639919,0.005,-0.0025664791683061416,0.27735118109776286,0.19389725027771448,0.165,0.22135769015177317,0.27413575008681285,0.429395,0.8823749999999994,0.5593,0.30215,0.13855,0.258121993097415,0.8050500424904171,0.966
0.5,True,moderate,0.0,0.5,global_trending,16,0.18901200020209083,0.056885045193837476,0.0,0.030584021084939107,0.24256492590423512,0.1597104992949539,0.135,0.23198181276881755,0.241640196173177,0.45441,0.9251749999999995,0.5903,0.2955,0.1142,0.26806525632085076,0.7450442438270483,0.9740000000000001
0.5,True,moderate,0.0,0.5,global_trending,17,0.19384944967479115,0.061232759962444504,0.005,-0.006089786194188319,0.26624565076231543,0.1752999311841417,0.15,0.22699376098733773,0.25877701549344145,0.433275,0.8874549999999997,0.5696,0.31215,0.11825,0.2528197873236024,0.8241232630406027,0.9719999999999999
0.5,True,moderate,0.0,0.5,global_trending,18,0.18568751794881336,0.05416768082596418,0.0,0.030531305848809493,0.2712627894302539,0.1823420235134536,0.155,0.22338058085574444,0.2692784851181824,0.43469,0.8873749999999996,0.57125,0.29635,0.1324,0.2517662448745176,0.8058988969857181,0.9665
0.5,True,moderate,0.0,0.5,global_trending,19,0.18016529011536256,0.05570930580751748,0.005,-0.052704352290839654,0.25492247697621345,0.1784355213555865,0.17,0.23024017740486954,0.2628625782029751,0.44915,0.9179749999999994,0.5863,0.275,0.1387,0.2752041796072893,0.7436814489780953,0.9434999999999999
0.5,True,moderate,0.0,0.5,global_trending,20,0.20074382139706143,0.06313008776477033,0.0,-0.006771789231660297,0.2627079732289827,0.178701800927499,0.155,0.22947785118899133,0.2604131833547064,0.44943,0.9181599999999994,0.5879,0.2801,0.132,0.27608503966220305,0.7912710244112503,0.945
0.5,True,moderate,0.4,0.4,hybrid,1,0.19019513374680075,0.05984055155679417,0.005,-0.030084316215072217,0.27234979888136523,0.18315604726710571,0.165,0.22971152730099986,0.26675876734069864,0.44260999999999995,0.9026849999999995,0.5845,0.28275,0.13275,0.25793358309677344,0.8158924427684228,0.9590000000000001
0.5,True,moderate,0.4,0.4,hybrid,2,0.20251897629367904,0.06107156840274168,0.0,0.08201680455111093,0.2912933142519412,0.19579983515682683,0.18,0.23000832075197397,0.2951111366622143,0.437455,0.8943599999999998,0.591,0.2655,0.1435,0.2726911996314468,0.7978271911175917,0.9475
0.5,True,moderate,0.4,0.4,hybrid,3,0.18515334907180175,0.05283132528306528,0.0,0.04544747394942896,0.24367984762110673,0.1562859273162624,0.135,0.23176152342103337,0.24612376609658235,0.44862500000000005,0.9070699999999998,0.6048,0.27115,0.12405,0.25448955260995687,0.7809541850740863,0.9644999999999999
0.5,True,moderate,0.4,0.4,hybrid,4,0.18962991524338066,0.05845903003267642,0.0,-0.003275713178396525,0.22800662970438354,0.1458458424180214,0.125,0.23703288592404026,0.23344947915737496,0.46118500000000007,0.9269349999999997,0.6182,0.26595,0.11585,0.26943384280469745,0.7439647498342795,0.9684999999999999
0.5,True,moderate,0.4,0.4,hybrid,5,0.2012884302279158,0.061891971799721335,0.005,0.004314677555272911,0.284739362723769,0.20092672730726632,0.18,0.22534739890375147,0.2881024991213069,0.427995,0.8738999999999997,0.5721,0.28275,0.14515,0.2991968978484912,0.816221118442032,0.9525
0.5,True,moderate,0.4,0.4,hybrid,6,0.20344271621454413,0.06453282933464402,0.01,-0.008279324045237924,0.2795043616827611,0.19185743683645806,0.165,0.22505341132032883,0.2760963537799456,0.4379,0.8947999999999997,0.5873,0.26645,0.14625,0.2838996681637182,0.8290116728017641,0.9515
0.5,True,moderate,0.4,0.4,hybrid,7,0.18456055156123122,0.05130055458725806,0.0,-0.014398465933576859,0.22358633399590722,0.13423004744612496,0.105,0.2380001344981516,0.2205902053314589,0.46772500000000006,0.9451999999999998,0.62795,0.26805,0.104,0.2554704355198706,0.7729377843630081,0.9875
0.5,True,moderate,0.4,0.4,hybrid,8,0.2102572732750254,0.06808267819956777,0.0,-0.05110263071845739,0.26624628982909565,0.18020792225484017,0.16,0.22907376736866755,0.26770486270521315,0.449695,0.9151249999999997,0.6032,0.25545,0.14135,0.2627777447709168,0.7871266756384568,0.948
0.5,True,moderate,0.4,0.4,hybrid,9,0.20091056308094543,0.061484024474175204,0.0,-0.04353658399359751,0.23694000530820417,0.13629214434852016,0.11,0.2388164761006912,0.23589053300803556,0.46514000000000005,0.9362999999999996,0.61665,0.2765,0.10685,0.25519563099789067,0.7958043756424803,0.975
0.5,True,moderate,0.4,0.4,hybrid,10,0.17043405178740995,0.04541704652376172,0.0,-0.016033180329898478,0.22292130492877,0.1404523455046227,0.12,0.2380547274974747,0.22758528146119922,0.46378,0.9313799999999998,0.6234,0.27295,0.10365,0.2726336069119546,0.7438216065240064,0.976
0.5,True,moderate,0.4,0.4,hybrid,11,0.19859521614491876,0.06258985909993676,0.0,0.011664344306168657,0.24623569728474753,0.1552993610853763,0.125,0.23477798884400378,0.24773846996927015,0.45280000000000004,0.9142849999999996,0.60195,0.28,0.11805,0.2772251307258192,0.7945284912394719,0.9640000000000001
0.5,True,moderate,0.4,0.4,hybrid,12,0.18682591078858354,0.055190914762387466,0.0,0.007835745884364052,0.22164118483135162,0.13154345454806105,0.11,0.24051686963616448,0.22450552823610193,0.4639,0.9377449999999996,0.62675,0.27105,0.1022,0.26742389508299624,0.7696461658453543,0.9704999999999999
0.5,True,moderate,0.4,0.4,hybrid,13,0.20950226084382134,0.06643745454400399,0.0,0.014646654224835838,0.24101387497557078,0.15319299016757423,0.125,0.24025476965961737,0.24321235602812596,0.464735,0.9410899999999996,0.6179,0.27275,0.10935,0.24685050317547888,0.7805423049889667,0.9725
0.5,True,moderate,0.4,0.4,hybrid,14,0.1990391580612321,0.06132144216124578,0.005,-0.02690164560616934,0.25935335140411403,0.16452360091126866,0.135,0.23386876106393298,0.26208992194952807,0.45527500000000004,0.9230599999999997,0.6062,0.27415,0.11965,0.2659639415018984,0.8168837544457233,0.9615
0.5,True,moderate,0.4,0.4,hybrid,15,0.19040318711101914,0.06012148192527195,0.005,0.056869453903801846,0.26631377079608654,0.17163922699831718,0.145,0.23180679408542212,0.26277982989679566,0.44939999999999997,0.9081599999999996,0.5988,0.26395,0.13725,0.271908048327111,0.8198987308124568,0.953
0.5,True,moderate,0.4,0.4,hybrid,16,0.1659949122077694,0.044500140454791316,0.0,0.015865562910974258,0.18693399327481694,0.09465389154650662,0.07,0.2505289087767042,0.19195483195062338,0.48564500000000005,0.9687999999999997,0.6439,0.2706,0.0855,0.2478666861711455,0.7695435357341215,0.977
0.5,True,moderate,0.4,0.4,hybrid,17,0.19685703828171705,0.06064811672045613,0.0,0.027663101466909402,0.2793795504622027,0.20333081898794014,0.185,0.22296023861291756,0.28346780971825075,0.42977000000000004,0.8747549999999998,0.5762,0.27,0.1538,0.2853874525258239,0.7904092815378394,0.9505000000000001
0.5,True,moderate,0.4,0.4,hybrid,18,0.2088462530201904,0.06735264598999877,0.0,-0.0027287791841916344,0.2843625827086167,0.2028274333163821,0.18,0.22451867683490023,0.27781767474768815,0.430225,0.8795699999999996,0.57475,0.27885,0.1464,0.275041581507784,0.811861932212899,0.9555
0.5,True,moderate,0.4,0.4,hybrid,19,0.20231677522891933,0.0635647850626511,0.0,0.007322590375027016,0.24161730190539452,0.15369967617330169,0.13,0.2394187855550987,0.24119882007592908,0.465135,0.9403699999999995,0.61925,0.2641,0.11665,0.276801728835477,0.7819590196577832,0.96
0.5,True,moderate,0.4,0.4,hybrid,20,0.19809288113495208,0.061357670969141756,0.005,-0.05388832010024409,0.26000781427583564,0.1737085505553315,0.16,0.23283216605204068,0.2550120194931299,0.45602000000000004,0.9244099999999996,0.6033,0.2634,0.1333,0.26979185691745067,0.794942593613998,0.9620000000000001
0.5,True,moderate,0.0,0.0,individual_baseline,1,0.1944309402977493,0.05969838413692486,0.005,0.029577517672740097,0.3123544259847512,0.15049263626465806,0.06,0.26447529789528795,0.3362089450086308,0.50885,0.9940199999999997,0.68395,0.2754,0.04065,0.22480816884184215,1.3474557864541477,1.0
0.5,True,moderate,0.0,0.0,individual_baseline,2,0.18210779660941587,0.05368076441081676,0.005,-0.01331699631681666,0.2979939706799855,0.14459352042160376,0.07,0.2623424540401825,0.3158747838177762,0.5057,0.9881449999999998,0.68345,0.27435,0.0422,0.19548111783685576,1.2618316889335786,1.0
0.5,True,moderate,0.0,0.0,individual_baseline,3,0.20259347527147276,0.06547414770216088,0.0,-0.01293121507482713,0.31110526649726483,0.1494798692162915,0.045,0.26203405423659,0.3299282036538001,0.505225,0.9849399999999997,0.68845,0.26965,0.0419,0.21270226054203387,1.35698236913723,1.0
0.5,True,moderate,0.0,0.0,individual_baseline,4,0.21689687867138155,0.07379248902547492,0.005,-0.007314423952439408,0.3572239549822047,0.1917946441292027,0.1,0.26677614274679107,0.3816002104459713,0.51432,1.0006999999999997,0.694,0.2674,0.0386,0.2069221360639839,1.4119332483765081,1.0
0.5,True,moderate,0.0,0.0,individual_baseline,5,0.1976905827927277,0.061391226581706045,0.0,0.019943213493826672,0.3175428674261752,0.15708486749160416,0.08,0.2578011056909187,0.3365556390754621,0.4981500000000001,0.9718399999999999,0.6765,0.27815,0.04535,0.20512415345882792,1.3376557961186126,1.0
0.5,True,moderate,0.0,0.0,individual_baseline,6,0.20672467204020747,0.06836340395027625,0.005,-0.020846784906222035,0.33847523980817695,0.16943929825037857,0.06,0.2607251773864137,0.36571925819277273,0.5044050000000001,0.9887949999999998,0.68075,0.27575,0.0435,0.2098292751130238,1.4113831814671889,1.0
0.5,True,moderate,0.0,0.0,individual_baseline,7,0.18683813047071712,0.05640176247783336,0.005,0.018440648297607984,0.3114145573537985,0.15559350670716893,0.04,0.26542039184423755,0.33756554461537336,0.517425,1.0134499999999997,0.69855,0.26215,0.0393,0.22758609308220654,1.2897491715120912,1.0
0.5,True,moderate,0.0,0.0,individual_baseline,8,0.1988899094878092,0.06399087139342796,0.0,-0.009265912794355614,0.32018225511783965,0.15772541743795312,0.06,0.2659067082184763,0.3507185845547116,0.5162399999999999,1.0087149999999998,0.7016,0.25955,0.03885,0.20625997452775863,1.3562704311150906,1.0
0.5,True,moderate,0.0,0.0,individual_baseline,9,0.19101490619030861,0.05912761859205069,0.005,0.01480994240654201,0.3340384639919211,0.17149237440990983,0.09,0.2641609908838709,0.3584475628564142,0.512305,1.0024199999999999,0.6924,0.2671,0.0405,0.20701342470104078,1.364749968953738,1.0
0.5,True,moderate,0.0,0.0,individual_baseline,10,0.18337877627990487,0.05357872902765744,0.005,0.016429674001335003,0.32343403595679454,0.16185964705323586,0.055,0.26366905426995935,0.347277074057299,0.51117,0.996755,0.6895,0.26945,0.04105,0.1846607159948066,1.3512666974277903,1.0
0.5,True,moderate,0.0,0.0,individual_baseline,11,0.1907998709901225,0.057490870494686715,0.0,-0.022878918961155917,0.3063371013725875,0.14522223161709366,0.05,0.26285629781625486,0.32102662353995504,0.50384,0.9873049999999998,0.67955,0.27855,0.0419,0.1925014482594664,1.3270570138278102,1.0
0.5,True,moderate,0.0,0.0,individual_baseline,12,0.1977212236256198,0.06387954052178482,0.0,-0.08028012023742645,0.3189974979133167,0.15347279425174926,0.07,0.2648772416996811,0.33918223082698395,0.51136,0.9995849999999996,0.685,0.2747,0.0403,0.22984260321726105,1.2701245550618236,1.0
0.5,True,moderate,0.0,0.0,individual_baseline,13,0.17101920922745178,0.046556741986332376,0.0,0.0015510802457179694,0.2713553670848718,0.12146360005281577,0.03,0.2677171056698575,0.29234442540138916,0.51476,1.0112549999999998,0.69165,0.2701,0.03825,0.21119622962378276,1.2414124143765295,1.0
0.5,True,moderate,0.0,0.0,individual_baseline,14,0.1763341959825233,0.05031718649336559,0.0,-0.02431215648174663,0.28873235065955977,0.13148985568718008,0.045,0.2645462257616984,0.29904606017555085,0.51144,1.001105,0.6857,0.27385,0.04045,0.21130634065792048,1.3140770181893788,1.0
0.5,True,moderate,0.0,0.0,individual_baseline,15,0.1900181974326732,0.0599569898221036,0.0,-0.011983708212135928,0.3017535948189299,0.15025226800555774,0.065,0.2626318924767951,0.3190064463411023,0.506445,0.9905849999999998,0.68295,0.2755,0.04155,0.2288327332565823,1.238831460998696,1.0
0.5,True,moderate,0.0,0.0,individual_baseline,16,0.19820569590400786,0.0607477361354033,0.005,0.031791723395951474,0.31993892120474327,0.16031795779873356,0.07,0.2678148133455849,0.3486194475363506,0.5175500000000001,1.0132849999999998,0.69695,0.2652,0.03785,0.2052621202496234,1.3304610687878093,1.0
0.5,True,moderate,0.0,0.0,individual_baseline,17,0.19064952210929906,0.06291693327242895,0.01,0.01463644245029882,0.32958298512238104,0.16504787443761523,0.07,0.2605892602115314,0.35617377856273036,0.50154,0.9778799999999999,0.6801,0.27665,0.04325,0.19210121003539635,1.3873955118861094,1.0
0.5,True,moderate,0.0,0.0,individual_baseline,18,0.1771352413019068,0.049749021552316385,0.0,-0.00921822043796265,0.2825126434351578,0.13392805177633188,0.06,0.26030179479555904,0.3101330604623012,0.5061250000000002,0.9857049999999997,0.6858,0.2709,0.0433,0.22508374853004384,1.2131207852993222,1.0
0.5,True,moderate,0.0,0.0,individual_baseline,19,0.1988297286831069,0.06002115625272969,0.0,0.032995117466312174,0.2987177422061393,0.1443921871513502,0.065,0.26987895129166306,0.3188929894549575,0.5209800000000001,1.01819,0.70215,0.2616,0.03625,0.23826623766698468,1.2710249996544065,1.0
0.5,True,moderate,0.0,0.0,individual_baseline,20,0.19647018522748894,0.06262374935122607,0.0,0.04330004252972047,0.3136603690489852,0.1513392990331507,0.065,0.2662709485447054,0.3286442570024776,0.51896,1.0135899999999998,0.6967,0.2645,0.0388,0.20611696553644523,1.3676330327186736,1.0
0.5,True,moderate,0.5,0.0,local_cf,1,0.20537455049313713,0.06279072733831413,0.0,0.013153987209193824,0.29896110305532875,0.1358062616578249,0.045,0.26525322323695266,0.3091836169864505,0.5158950000000001,1.0014149999999997,0.7037,0.25725,0.03905,0.19475122509721662,1.3712722994462732,1.0
0.5,True,moderate,0.5,0.0,local_cf,2,0.20208911555101963,0.06013133175663883,0.0,-0.0010614379075580026,0.297663311488115,0.13630502623513835,0.055,0.26306237230174295,0.3136237512970535,0.5122950000000001,0.9946249999999999,0.69955,0.2597,0.04075,0.21199036268086113,1.3770929115772235,1.0
0.5,True,moderate,0.5,0.0,local_cf,3,0.20517236781407186,0.06713811313105232,0.005,0.0245479714367264,0.2909046513668233,0.13079624010088703,0.03,0.26375742404027386,0.3052651121002157,0.51102,0.9911249999999999,0.6988,0.26125,0.03995,0.2056741126588189,1.3498078885427796,1.0
0.5,True,moderate,0.5,0.0,local_cf,4,0.2028901122500905,0.0624631699166253,0.0,-0.08574432167120438,0.3329393505742121,0.1574514581889183,0.055,0.2680015428842972,0.3434912036559772,0.51702,1.003915,0.701,0.2616,0.0374,0.23650814946460105,1.4541129816655984,1.0
0.5,True,moderate,0.5,0.0,local_cf,5,0.22716697569317099,0.07484514800339798,0.0,-0.006192968248242137,0.31836361836432014,0.15821761806100296,0.095,0.26001323860417214,0.3369130898438495,0.5059,0.980405,0.6989,0.2584,0.0427,0.19660227416363513,1.3351542092167232,1.0
0.5,True,moderate,0.5,0.0,local_cf,6,0.1839513725777222,0.05652077596780527,0.005,0.01002163109098106,0.2822619609675888,0.12377594070550092,0.035,0.2671745626663435,0.2937952737388001,0.51504,0.9994149999999999,0.7019,0.26045,0.03765,0.20339746629925964,1.343851405770216,1.0
0.5,True,moderate,0.5,0.0,local_cf,7,0.20671259428541458,0.06379662796467539,0.0,-0.03007300889658495,0.3103138662940714,0.15020360299289945,0.045,0.26645374751013984,0.33087640039591043,0.519195,1.015145,0.707,0.25495,0.03805,0.20144232655143304,1.3235298736701078,1.0
0.5,True,moderate,0.5,0.0,local_cf,8,0.191606389405687,0.05508463001225381,0.0,-0.03433440729420553,0.2963223539120172,0.13987625735984033,0.055,0.2675918750086032,0.31255216021584675,0.517735,1.010565,0.70605,0.25655,0.0374,0.19878834210804505,1.2797644385530134,1.0
0.5,True,moderate,0.5,0.0,local_cf,9,0.21073551790556408,0.06727753437149024,0.005,0.01298025040670024,0.3038141256687465,0.15262647161795226,0.065,0.267212997558931,0.31683612643937076,0.5176100000000001,1.0082,0.708,0.2545,0.0375,0.19050113206052566,1.2350364897502397,1.0
0.5,True,moderate,0.5,0.0,local_cf,10,0.19631741609499692,0.05969095146457953,0.0,0.012274452634764288,0.32400092608622344,0.15964144460884327,0.055,0.26610504089064024,0.3355779372172216,0.513355,0.9992099999999999,0.70325,0.2585,0.03825,0.2049559763429166,1.3581318096451238,1.0
0.5,True,moderate,0.5,0.0,local_cf,11,0.19796475336049865,0.06215906431270307,0.0,-0.01758134670783162,0.3089585078011209,0.14305519988072576,0.035,0.2643145734187169,0.3188615324789582,0.512385,0.9960450000000001,0.70415,0.25635,0.0395,0.19937904888908073,1.3818101870820858,1.0
0.5,True,moderate,0.5,0.0,local_cf,12,0.2043106478438817,0.06385822418939627,0.0,-0.011469884187453016,0.3237889245923903,0.15952711907045194,0.065,0.2645323139348882,0.33413022462020087,0.5161500000000001,1.0051149999999998,0.7048,0.25605,0.03915,0.20545817795808674,1.380335523649251,1.0
0.5,True,moderate,0.5,0.0,local_cf,13,0.1823349336488906,0.05477663347482272,0.0,0.04947811762000137,0.31636501460534666,0.15925951806681485,0.085,0.2715006413528227,0.33655665446701727,0.524535,1.02202,0.7152,0.25055,0.03425,0.20666055341903292,1.3084158111418918,1.0
0.5,True,moderate,0.5,0.0,local_cf,14,0.1880703588976666,0.05539475416609355,0.0,-0.05448901926894657,0.2859630220886364,0.12785146985347634,0.025,0.26898199405861367,0.30270113645831187,0.51895,1.0092949999999998,0.70445,0.25915,0.0364,0.19508986836880737,1.2632629881973594,1.0
0.5,True,moderate,0.5,0.0,local_cf,15,0.1931986508818866,0.058858990629526424,0.005,0.056285949657599185,0.29154185142930444,0.1334745333994142,0.035,0.26581910151749,0.31447934191994376,0.51387,0.99863,0.7077,0.2539,0.0384,0.2071379735486948,1.2757998321808472,1.0
0.5,True,moderate,0.5,0.0,local_cf,16,0.1940649007450265,0.05797678575048893,0.0,0.024806393541873653,0.3106785504547974,0.1480199140727694,0.06,0.26828814158022857,0.32815930315291536,0.5231650000000001,1.0191649999999999,0.70885,0.2544,0.03675,0.19537920670845238,1.3654782625768056,1.0
0.5,True,moderate,0.5,0.0,local_cf,17,0.19406690963307624,0.05939405327762064,0.005,-0.035548827988318654,0.27341832271810596,0.12325294547265023,0.045,0.2654474622472531,0.2893809596474397,0.5069700000000001,0.98369,0.6937,0.26695,0.03935,0.21311898965835888,1.2415814532307556,1.0
0.5,True,moderate,0.5,0.0,local_cf,18,0.21770153560555827,0.07337342538290213,0.005,0.020152414263721993,0.32980595592614437,0.16704850419236564,0.085,0.26242885253055426,0.3499423182770745,0.51018,0.9901349999999998,0.69575,0.26315,0.0411,0.19600301700813502,1.3571867591531304,1.0
0.5,True,moderate,0.5,0.0,local_cf,19,0.19414640144019593,0.0634223048079384,0.01,-0.009925188694553928,0.2842583788626314,0.13142468273755298,0.05,0.2681474428265156,0.29404529528178663,0.519835,1.01725,0.7113,0.25195,0.03675,0.21961501145037574,1.26132534180924,1.0
0.5,True,moderate,0.5,0.0,local_cf,20,0.2068960706138429,0.06411908385531456,0.005,0.03848303265705043,0.32945117468001245,0.16577433752374582,0.08,0.26669518604940906,0.3550894897366526,0.524715,1.01986,0.71575,0.24685,0.0374,0.17749626986857983,1.3371316028920484,1.0
1.0,True,moderate,0.0,0.5,global_trending,1,0.20111012312130203,0.06309548373820677,0.005,0.016990549975888135,0.8313576342424313,0.7639378304262411,0.755,0.1741521780990504,0.7822149922809757,0.22925,0.597305,0.23375,0.38025,0.386,0.44490589440197875,3.0256696993669956,0.8405000000000001
1.0,True,moderate,0.0,0.5,global_trending,2,0.19391900608773172,0.0571628253010408,0.0,-0.06895309078000862,0.8029269807436418,0.739286290295995,0.73,0.17428640535041076,0.7515071148646126,0.22793,0.59205,0.23215,0.3847,0.38315,0.4564656238343907,2.6281896446665964,0.8360000000000001
1.0,True,moderate,0.0,0.5,global_trending,3,0.19813405171543905,0.058876873730286564,0.0,-0.030687675190055438,0.7999029231929606,0.7400046800403214,0.725,0.17353608907997725,0.7558144537991955,0.222275,0.5879899999999999,0.2297,0.38585,0.38445,0.4718641941085279,2.5247261498232136,0.8525
1.0,True,moderate,0.0,0.5,global_trending,4,0.20396234331102175,0.06275370393545074,0.0,-0.055300997575865415,0.8019538149777241,0.7385329217043668,0.74,0.1799714615067051,0.7479518324549617,0.23521499999999995,0.6054099999999999,0.23695,0.3828,0.38025,0.4536686205443373,2.5856189513440597,0.846
1.0,True,moderate,0.0,0.5,global_trending,5,0.2036886002572177,0.06333569305414291,0.0,-0.021001549789652508,0.8019279598232444,0.739966314711339,0.71,0.17097740271507306,0.7562889095080504,0.21577499999999997,0.57436,0.2245,0.38005,0.39545,0.46556343395877287,2.5537028030363498,0.847
1.0,True,moderate,0.0,0.5,global_trending,6,0.20091153811473333,0.06563206337133515,0.005,0.031170186326594254,0.7962638855360856,0.7305817499278257,0.735,0.17898018445570724,0.7437239529749484,0.231875,0.6017299999999999,0.23885,0.3831,0.37805,0.4472403185283859,2.571291439608717,0.865
1.0,True,moderate,0.0,0.5,global_trending,7,0.20719484780506853,0.073921859978765,0.01,0.005387511479310108,0.8032485735980575,0.7363339603685134,0.73,0.18804419580191095,0.7503277289163909,0.25134500000000004,0.6316149999999999,0.25415,0.38415,0.3617,0.45533907990665434,2.623869815223018,0.8595
1.0,True,moderate,0.0,0.5,global_trending,8,0.20411506294814075,0.06295823600011559,0.005,-0.005574477313929675,0.8088390863682596,0.745193717262654,0.735,0.18821174024519494,0.7565562653349457,0.24798,0.6248049999999998,0.25145,0.38025,0.3683,0.45402919316372264,2.6700716889927727,0.8625
1.0,True,moderate,0.0,0.5,global_trending,9,0.19272748858250843,0.05773000882822883,0.0,0.029587375138875962,0.7957323812255902,0.7278750172571578,0.71,0.18302184719264372,0.7425628577820425,0.240345,0.6161999999999999,0.24625,0.3975,0.35625,0.4738903765151287,2.4988559839222115,0.8640000000000001
1.0,True,moderate,0.0,0.5,global_trending,10,0.20523404376373797,0.06708585278299763,0.0,0.010287311559039596,0.8075639732353137,0.7367253638318999,0.725,0.1836391545541456,0.7574366937346599,0.23474,0.6110449999999998,0.24235,0.3948,0.36285,0.44013324686061717,2.680702806699449,0.8575
1.0,True,moderate,0.0,0.5,global_trending,11,0.1984297911925805,0.05983343155256948,0.0,-0.02018449365331355,0.8538664261124339,0.7997736722687399,0.8,0.16708752870441315,0.8064044794771321,0.224595,0.5829849999999999,0.22285,0.36835,0.4088,0.4709959546760395,3.2050291783602516,0.8070000000000002
1.0,True,moderate,0.0,0.5,global_trending,12,0.20561040359222588,0.06910392759570617,0.01,-0.007716572105624348,0.7854528493829628,0.7148328458475488,0.7,0.18497451697818618,0.7353696691250734,0.23854,0.6147199999999999,0.2449,0.3953,0.3598,0.47406008100160607,2.480775497766985,0.8835
1.0,True,moderate,0.0,0.5,global_trending,13,0.19838580606560072,0.062348500814969364,0.0,0.043423498090397444,0.775179321803057,0.7081914993099303,0.7,0.19006745238917355,0.7255419046692677,0.248665,0.6347649999999999,0.2496,0.39405,0.35635,0.46526910886726347,2.3626875805279717,0.8644999999999999
1.0,True,moderate,0.0,0.5,global_trending,14,0.19441601420690774,0.055402837530522275,0.0,0.0017533895084121686,0.8010932945353747,0.7256882106882879,0.71,0.18361113340541135,0.7460417867138677,0.23908000000000001,0.6158899999999998,0.242,0.4004,0.3576,0.45673448548934537,2.7456954112887453,0.8614999999999999
1.0,True,moderate,0.0,0.5,global_trending,15,0.20440809438885565,0.06698826731098612,0.0,-0.011324617823459672,0.7876200674363587,0.7244747623800365,0.72,0.18300009564282976,0.7401174516593082,0.239775,0.6075699999999998,0.24735,0.3749,0.37775,0.4602022493006567,2.3916106640638968,0.852
1.0,True,moderate,0.0,0.5,global_trending,16,0.20556965619243,0.06297880799640658,0.0,-0.0018656692648269723,0.7849267366678119,0.7189885900354958,0.705,0.18414256225154182,0.7380533362647139,0.24945499999999998,0.6280349999999999,0.2554,0.37515,0.36945,0.4426322579858041,2.437594491632641,0.8665
1.0,True,moderate,0.0,0.5,global_trending,17,0.19720103809263667,0.061143321291563184,0.005,0.01535793825645312,0.7836100146751555,0.7176650773551673,0.705,0.1773256313544195,0.7408862841395792,0.22569499999999998,0.5857349999999999,0.2356,0.37535,0.38905,0.4266317881880898,2.4031905430309637,0.8445
1.0,True,moderate,0.0,0.5,global_trending,18,0.2066522351687761,0.067653982822476,0.0,0.021553582845701004,0.8064936698766304,0.7440886497864869,0.725,0.1741752946364501,0.7542279552087929,0.225345,0.5887149999999999,0.23325,0.3757,0.39105,0.45354576251813683,2.597361870232426,0.848
1.0,True,moderate,0.0,0.5,global_trending,19,0.20002819499700242,0.06067668974790337,0.005,0.02683305309123092,0.7765110488290037,0.6972183241326152,0.675,0.1937568622865534,0.7149603269960746,0.2533,0.6438399999999999,0.2599,0.40075,0.33935,0.4529464535349847,2.524867384657338,0.8809999999999999
1.0,True,moderate,0.0,0.5,global_trending,20,0.1907542338607915,0.054635411963275544,0.005,0.014260222335595313,0.8065963455228264,0.739670264815984,0.74,0.18415144790214721,0.7538618418883558,0.244315,0.6236849999999998,0.2469,0.3816,0.3715,0.45423239439051033,2.6385772314742475,0.8450000000000002
1.0,True,moderate,0.4,0.4,hybrid,1,0.21073976296142308,0.06919050680925723,0.005,-0.0010789152921278245,0.772538418798631,0.6868458709227591,0.68,0.19450510275763733,0.7242634984856623,0.25360999999999995,0.6213999999999998,0.26605,0.3602,0.37375,0.4570019869405572,2.541935603577827,0.861
1.0,True,moderate,0.4,0.4,hybrid,2,0.1886389537040708,0.05325193743379982,0.0,0.012728145448308066,0.7736885862098309,0.6947106889132856,0.68,0.18674961336958545,0.7241365028717865,0.241965,0.6088599999999998,0.25195,0.3638,0.38425,0.4470356621413177,2.4962048654512374,0.8220000000000001
1.0,True,moderate,0.4,0.4,hybrid,3,0.19970685625938558,0.06393105718993407,0.005,0.0673414666818186,0.77257631194141,0.6866810534774155,0.66,0.1900092656790372,0.7252725921198817,0.240665,0.6083799999999999,0.2537,0.3765,0.3698,0.45582903873119496,2.442670231761782,0.861
1.0,True,moderate,0.4,0.4,hybrid,4,0.1974212377275709,0.05829555359061413,0.0,-0.015533068421362817,0.7531229579803509,0.6614386647467587,0.66,0.2032916034879352,0.6980940586175496,0.26594999999999996,0.6376999999999997,0.2746,0.3624,0.363,0.4853658780562216,2.4501802137002127,0.841
1.0,True,moderate,0.4,0.4,hybrid,5,0.19814843955804703,0.0680326087908565,0.01,0.020810901759769768,0.7662917551974076,0.6891005716742117,0.66,0.18598285204289172,0.7242706841824349,0.24432,0.5967899999999997,0.2597,0.3529,0.3874,0.47027636607468387,2.4015568412279102,0.8425000000000001
1.0,True,moderate,0.4,0.4,hybrid,6,0.19371574324756222,0.06146599266728239,0.0,-0.011790873116444245,0.733384091152668,0.649961822170093,0.625,0.1974730140734996,0.6902917524670673,0.256115,0.6273949999999998,0.26705,0.3635,0.36945,0.4349505585103566,2.1989890790302002,0.8490000000000001
1.0,True,moderate,0.4,0.4,hybrid,7,0.19655197152691084,0.05994417624485755,0.005,-0.08509963149795782,0.7520799297180466,0.6457231775433051,0.59,0.20992566904651028,0.6936061849786667,0.279555,0.6620849999999997,0.28925,0.36745,0.3433,0.48784632807625444,2.5796976686802777,0.8594999999999999
1.0,True,moderate,0.4,0.4,hybrid,8,0.2097302242879649,0.06531093989387556,0.0,0.01514393708103175,0.7573050645425539,0.6613221225476381,0.625,0.2046558723235195,0.7093854653070559,0.27601000000000003,0.6502549999999997,0.2853,0.3528,0.3619,0.4291819110283522,2.551283278963147,0.8504999999999999
1.0,True,moderate,0.4,0.4,hybrid,9,0.19283332403699638,0.06103180661621582,0.01,0.005045497250047632,0.7318531797163927,0.646303270502906,0.62,0.20617427322635906,0.6875235633890181,0.273305,0.6466649999999997,0.2849,0.3484,0.3667,0.47705319139485125,2.199915201723768,0.8380000000000001
1.0,True,moderate,0.4,0.4,hybrid,10,0.20910339735462297,0.06943676084460698,0.0,0.007871254683411977,0.7633901267643686,0.6811289998634354,0.66,0.19246622812204556,0.7224657646563014,0.25864,0.6220899999999998,0.26545,0.3459,0.38865,0.4644555709839717,2.4207990509272688,0.8340000000000001
1.0,True,moderate,0.4,0.4,hybrid,11,0.21106908779012692,0.06971550134102093,0.005,0.009694908753942886,0.7495682937305682,0.6664106518129735,0.65,0.19984442936071198,0.7045570500854723,0.25719000000000003,0.6262699999999999,0.2655,0.3631,0.3714,0.4571661304649083,2.2921363869564306,0.8265
1.0,True,moderate,0.4,0.4,hybrid,12,0.19495305480600095,0.06211346287953469,0.015,-0.048627026423378565,0.7325417289008951,0.6340782550852992,0.6,0.21042704513016347,0.6836159979941848,0.27651000000000003,0.6528999999999996,0.29135,0.3613,0.34735,0.4618727684428283,2.331300982288028,0.8635
1.0,True,moderate,0.4,0.4,hybrid,13,0.20597557514247103,0.06646470121150908,0.005,-0.017633951653366703,0.7335190964784135,0.6389169128626923,0.61,0.21208193171612713,0.6813675263702095,0.277605,0.6652999999999999,0.2915,0.3814,0.3271,0.453424383445854,2.3031515522041657,0.8759999999999999
1.0,True,moderate,0.4,0.4,hybrid,14,0.20993876153987093,0.06733461831960083,0.0,-0.0789596090269982,0.7728501152681017,0.6814771119182171,0.645,0.19300080162118108,0.7274768375754358,0.25424,0.627195,0.2614,0.36455,0.37405,0.44556252518418943,2.505665888009924,0.8555000000000001
1.0,True,moderate,0.4,0.4,hybrid,15,0.18825177305187474,0.05725329504724794,0.0,0.049396202201315534,0.7618565710380366,0.6710881620024871,0.65,0.19854257876934375,0.7087232561836515,0.26397000000000004,0.6342999999999998,0.2765,0.35825,0.36525,0.4655885783495601,2.4572183321388374,0.8465
1.0,True,moderate,0.4,0.4,hybrid,16,0.18650398590093423,0.05269738311949965,0.005,-0.0038253558159926883,0.7573076429663114,0.6606808984344028,0.59,0.20756933523800356,0.7042858442356722,0.275745,0.6551049999999998,0.2791,0.35855,0.36235,0.46679901944941177,2.465037626848256,0.843
1.0,True,moderate,0.4,0.4,hybrid,17,0.18613586703189733,0.05632346734748827,0.01,-0.029341588354598994,0.7445705054585972,0.6569252533815346,0.645,0.1876410840056817,0.6973775934253231,0.241845,0.6048199999999998,0.25425,0.3608,0.38495,0.47513833887108786,2.283633439186064,0.8220000000000001
1.0,True,moderate,0.4,0.4,hybrid,18,0.20691570323440786,0.06636638747384431,0.005,-0.030562677939378783,0.7846380686367752,0.7008405679369203,0.675,0.18514341258279068,0.7405130188126077,0.24690000000000004,0.6067549999999998,0.2563,0.3447,0.399,0.478953087724435,2.6436539190044352,0.81
1.0,True,moderate,0.4,0.4,hybrid,19,0.18648530991811663,0.05743790289157384,0.01,0.007202978320347568,0.7439287743385004,0.6590765012923739,0.645,0.205358144208073,0.6984992665182232,0.27267,0.6531749999999998,0.2772,0.36385,0.35895,0.46414870809037656,2.285168894818684,0.8435000000000001
1.0,True,moderate,0.4,0.4,hybrid,20,0.20441402045131318,0.06495148010339374,0.0,0.0017482710331788453,0.7564403014203575,0.6590279642629946,0.63,0.2057604853752163,0.6971450090176928,0.27442500000000003,0.6550799999999998,0.28345,0.3588,0.35775,0.4709628072623947,2.5270498827307404,0.8545
1.0,True,moderate,0.0,0.0,individual_baseline,1,0.20329345763399906,0.06472386267814262,0.0,0.031163939627134606,0.5845262724450214,0.43363254848352495,0.41,0.3272947846199692,0.5741847281319626,0.38444,0.8269999999999991,0.4707,0.392,0.1373,0.2050573298071213,1.9109579951874536,0.9995
1.0,True,moderate,0.0,0.0,individual_baseline,2,0.2027953904853522,0.065053632622052,0.005,-0.01783515334434328,0.5465110763926112,0.39994434039597837,0.36,0.3231557351984871,0.537440317405743,0.37234,0.8139049999999992,0.45735,0.403,0.13965,0.20324674460625952,1.7175285506139701,1.0
1.0,True,moderate,0.0,0.0,individual_baseline,3,0.1977857075580542,0.061671962117287434,0.0,-0.04952923676991766,0.545296127617833,0.39687915992063055,0.41,0.31973869430429747,0.531723725497973,0.37120500000000006,0.8114399999999989,0.4623,0.3957,0.142,0.2336053146683343,1.6861080628654006,0.998
1.0,True,moderate,0.0,0.0,individual_baseline,4,0.187971198241918,0.05538253115330922,0.005,0.04569257310798808,0.5343328594876197,0.3774017932371841,0.315,0.32349225474100196,0.5266696763691018,0.37434000000000006,0.8158299999999992,0.4515,0.40735,0.14115,0.22558891052774974,1.7452154180617032,0.996
1.0,True,moderate,0.0,0.0,individual_baseline,5,0.1948213718754813,0.058282254576915236,0.005,-0.038123620804907235,0.5426289643064623,0.39451615934405304,0.4,0.3218481207351681,0.536428436926929,0.3601350000000001,0.7943949999999993,0.44275,0.4154,0.14185,0.2252795923208959,1.6995465580160307,0.996
1.0,True,moderate,0.0,0.0,individual_baseline,6,0.20926294124889072,0.0635877866530834,0.0,-0.0024649158944984807,0.5790267874223641,0.43356376334145336,0.415,0.31970496687850736,0.5639396573263287,0.37658500000000006,0.817564999999999,0.46235,0.39565,0.142,0.2005575225357507,1.8388000844083217,0.9975
1.0,True,moderate,0.0,0.0,individual_baseline,7,0.180937661482003,0.05030493687597137,0.0,0.05235151725024772,0.5395481319564087,0.3871119661604279,0.375,0.32800877449964133,0.5242192715336169,0.39719500000000013,0.8459399999999991,0.47875,0.38575,0.1355,0.23587493703775914,1.6182407982654186,0.9990000000000001
1.0,True,moderate,0.0,0.0,individual_baseline,8,0.20074686560259436,0.06227003261908259,0.0,-0.012705305062897177,0.5587108518613039,0.41326160580756904,0.415,0.3263759948915866,0.5496789469719698,0.38977000000000006,0.839449999999999,0.4774,0.3855,0.1371,0.2070554134617878,1.7570636082634146,1.0
1.0,True,moderate,0.0,0.0,individual_baseline,9,0.19645749260698112,0.06368592595414012,0.015,-0.060787161397069696,0.5420185593333767,0.38072394408235916,0.355,0.3296957630855884,0.5335412156343299,0.3850300000000001,0.830319999999999,0.4638,0.3999,0.1363,0.22642241039094377,1.7881696803426423,1.0
1.0,True,moderate,0.0,0.0,individual_baseline,10,0.20716629952070093,0.0659494209381455,0.0,-0.06903689118106217,0.5585144181117866,0.41770637310458164,0.435,0.3257468423927638,0.5452481952872918,0.38392500000000007,0.825929999999999,0.47045,0.39165,0.1379,0.19981914686341554,1.6331927925815923,0.9945
1.0,True,moderate,0.0,0.0,individual_baseline,11,0.20054670164912833,0.059928181630526926,0.0,-0.051459438885212275,0.5666482273457113,0.4203804199512649,0.4,0.3210475074767292,0.5554619231360098,0.38036500000000006,0.819624999999999,0.46665,0.3931,0.14025,0.21087092788638614,1.7988273216166344,0.9995
1.0,True,moderate,0.0,0.0,individual_baseline,12,0.22409643447146316,0.07591614802192752,0.01,-0.07584598006553196,0.5853336041634144,0.4286667745241346,0.43,0.332666018916394,0.5676144402680822,0.39295,0.8371499999999991,0.47695,0.38905,0.134,0.21559082957836598,1.9878307823069739,0.997
1.0,True,moderate,0.0,0.0,individual_baseline,13,0.1930292861305399,0.06002807755230563,0.0,-0.07060792889963295,0.5468052568651706,0.38585048957102286,0.375,0.3314434241494532,0.5411084993476247,0.3976800000000001,0.8448799999999992,0.4732,0.3916,0.1352,0.237995476006098,1.8488839420856373,0.9984999999999999
1.0,True,moderate,0.0,0.0,individual_baseline,14,0.19823429775691181,0.06160389016470447,0.0,-0.05766338395415738,0.5289766361760629,0.3795567328916787,0.37,0.3245038752384466,0.5096091810358162,0.38368,0.8283499999999989,0.4646,0.39615,0.13925,0.21379804649601167,1.6710425459267306,0.9965
1.0,True,moderate,0.0,0.0,individual_baseline,15,0.2072118543362151,0.06688604127543524,0.005,-0.05155547487041919,0.5457155896664863,0.3953788480423847,0.39,0.3188435661109598,0.5407226799876851,0.37683500000000003,0.819229999999999,0.4659,0.39195,0.14215,0.2188120519709509,1.744527429523176,1.0
1.0,True,moderate,0.0,0.0,individual_baseline,16,0.20290786880100062,0.06387523472334433,0.0,-0.01716159407645686,0.5630165357242232,0.4185148621989121,0.4,0.3323663533450901,0.5505039413523569,0.40667500000000006,0.855354999999999,0.49295,0.3744,0.13265,0.20484007777304822,1.7663320337373225,1.0
1.0,True,moderate,0.0,0.0,individual_baseline,17,0.20927857628788415,0.06900560222908886,0.015,0.05579867312596769,0.5704693795832768,0.41445440898888,0.41,0.31765736376943093,0.5581934733406457,0.36990500000000004,0.8047199999999992,0.4589,0.3985,0.1426,0.2128209991271063,1.8948592896417515,0.9995
1.0,True,moderate,0.0,0.0,individual_baseline,18,0.1996187745277988,0.06057286909904555,0.005,-0.05734218278576381,0.5233491473087973,0.3759534330140133,0.345,0.31612695679782066,0.516996755497983,0.3597800000000001,0.8008999999999991,0.44615,0.40875,0.1451,0.2179793301696011,1.6152690985406077,1.0
1.0,True,moderate,0.0,0.0,individual_baseline,19,0.18925902001093425,0.059523408224884916,0.005,0.006798330234226908,0.5403439429905635,0.39169536642022396,0.385,0.335371288219453,0.5302885880253181,0.39465500000000003,0.8454199999999988,0.4718,0.39455,0.13365,0.22966378040991978,1.7083435840902677,1.0
1.0,True,moderate,0.0,0.0,individual_baseline,20,0.201215643096748,0.0634485952174913,0.0,0.02545243994835817,0.5600369229109676,0.41034168984382496,0.41,0.33237483998293477,0.5472378205091804,0.39367,0.8410599999999989,0.4707,0.39465,0.13465,0.24312041429598533,1.7987052996301558,0.998
1.0,True,moderate,0.5,0.0,local_cf,1,0.1988523462435114,0.06119903716901584,0.0,-0.018331770079432833,0.5668424959691428,0.4095929886031786,0.385,0.3215871171931354,0.5581803188869245,0.3811500000000001,0.821569999999999,0.4666,0.39205,0.14135,0.2097557212678142,1.907797601702261,1.0
1.0,True,moderate,0.5,0.0,local_cf,2,0.2087719914094469,0.0694156519342916,0.005,0.009648664266885314,0.5748086925464003,0.4201942531856219,0.4,0.324222209937937,0.5586773344858051,0.383305,0.822054999999999,0.47415,0.38245,0.1434,0.23298982359070486,1.8970459530481714,0.9915
1.0,True,moderate,0.5,0.0,local_cf,3,0.19664851100741948,0.062073098122743635,0.005,-0.0024262411256237115,0.5757162079460305,0.4241035460947189,0.42,0.31950031840252463,0.5610689442636547,0.37146500000000005,0.804149999999999,0.4539,0.3931,0.153,0.2122235092319864,1.8609634126419305,0.9769999999999999
1.0,True,moderate,0.5,0.0,local_cf,4,0.1824940324406062,0.054840630467979296,0.0,0.022626703937657353,0.5621722856992212,0.41557382700390105,0.395,0.31481829282767476,0.5509642994222235,0.37730500000000006,0.815529999999999,0.4605,0.38645,0.15305,0.2077978535751316,1.7566961625518145,0.9840000000000001
1.0,True,moderate,0.5,0.0,local_cf,5,0.19582067682405324,0.058496915020025596,0.0,-0.010293042893027824,0.5767215916603906,0.41349250010287153,0.35,0.31436849258389976,0.559938534239069,0.36423500000000003,0.799634999999999,0.45885,0.3941,0.14705,0.2126136578264871,2.020811177438151,0.9975
1.0,True,moderate,0.5,0.0,local_cf,6,0.20199544947520423,0.05844876910756287,0.0,0.007491599664611215,0.5673404156009715,0.4195722356953496,0.435,0.3142577630669808,0.5576455706441275,0.3690300000000001,0.8036249999999989,0.4467,0.39945,0.15385,0.21106076296871726,1.7902395343125284,0.9845
1.0,True,moderate,0.5,0.0,local_cf,7,0.20306979472661088,0.06501583556121042,0.01,0.03447586926480893,0.5699082038069326,0.41402678959210076,0.4,0.33216308657331867,0.564549125302714,0.39375000000000004,0.8392549999999989,0.47055,0.38895,0.1405,0.25254382630027095,1.9069381872853386,0.9884999999999999
1.0,True,moderate,0.5,0.0,local_cf,8,0.19948312075679822,0.06161417837037609,0.005,-0.061567649022378844,0.5586267373240852,0.40491691471357555,0.39,0.32640399873756215,0.5441520716473028,0.39252500000000007,0.8368999999999989,0.476,0.3838,0.1402,0.22517496879399887,1.776010880679414,0.996
1.0,True,moderate,0.5,0.0,local_cf,9,0.2100871918379348,0.06756363569047003,0.005,-0.004023292606471733,0.5498942807946936,0.41028069975229997,0.4,0.3281484432660169,0.5445049628353043,0.39255,0.8366549999999989,0.47925,0.38245,0.1383,0.20977197904141648,1.6738346668371413,0.9954999999999999
1.0,True,moderate,0.5,0.0,local_cf,10,0.1983669642526765,0.06409683980525377,0.005,-0.06405350423870748,0.5773572811692459,0.42873859126411984,0.435,0.32526241025939157,0.5698184395625288,0.386925,0.8274249999999991,0.4746,0.3851,0.1403,0.2122279716936108,1.8009524909618815,0.9954999999999999
1.0,True,moderate,0.5,0.0,local_cf,11,0.19556322512803623,0.0657475627935694,0.015,-0.0067230443504920825,0.5526237940074998,0.4047282312610352,0.395,0.3237257059909788,0.5424540458628992,0.38139500000000004,0.8200399999999991,0.46935,0.3869,0.14375,0.22211138350652612,1.7507889967926513,0.9905000000000002
1.0,True,moderate,0.5,0.0,local_cf,12,0.201872328334739,0.06010315003343148,0.005,0.009465665268056039,0.5671754088519831,0.40761192435657484,0.355,0.3288451307391958,0.5550642743688302,0.38781000000000004,0.832889999999999,0.4736,0.38855,0.13785,0.23285321274619925,1.9157395466942195,0.9954999999999999
1.0,True,moderate,0.5,0.0,local_cf,13,0.19795697332229636,0.06331997296012558,0.0,-0.028529852225851568,0.5939116806703146,0.44424453261803604,0.445,0.33765827604248627,0.5885433906712091,0.4138000000000001,0.8622899999999989,0.5019,0.36525,0.13285,0.2374549913290352,1.9326574680111095,0.9965
1.0,True,moderate,0.5,0.0,local_cf,14,0.20251215516017268,0.0626613011120154,0.01,0.06263388636761352,0.5716907036194049,0.40239907906139666,0.34,0.3286078904903469,0.5589664392381287,0.39161500000000005,0.836484999999999,0.47855,0.3834,0.13805,0.2405901372682955,1.9902767767198195,0.996
1.0,True,moderate,0.5,0.0,local_cf,15,0.20063663388309316,0.06328715219790344,0.0,-0.010000877849553877,0.5591188582557686,0.41207730737583786,0.405,0.3264674019081971,0.5445866180196924,0.38227000000000005,0.8222499999999989,0.4675,0.39285,0.13965,0.22039452129161688,1.7712919034900498,0.9969999999999999
1.0,True,moderate,0.5,0.0,local_cf,16,0.20568707080082724,0.06379121000049479,0.0,0.029290343786197343,0.5869454516084197,0.43046624502934433,0.425,0.3312118165950368,0.5740469970631993,0.4014200000000001,0.8489699999999989,0.48545,0.37785,0.1367,0.23201132317356243,1.9951199037003635,0.991
1.0,True,moderate,0.5,0.0,local_cf,17,0.19720952634313463,0.05886740666217422,0.0,-0.07607592282722359,0.5765130139551852,0.4155946726600128,0.4,0.3177225798953389,0.5634963658208489,0.37211,0.8085799999999991,0.46775,0.38655,0.1457,0.23040144024131246,1.925050238492116,0.993
1.0,True,moderate,0.5,0.0,local_cf,18,0.2047631261786734,0.061554867143431176,0.0,-0.020086808940893895,0.5870993303992529,0.4387907683634184,0.44,0.32279699130419687,0.5809660044675649,0.37939000000000006,0.816519999999999,0.4696,0.39005,0.14035,0.21137465870469044,1.9109256139201318,0.9975
1.0,True,moderate,0.5,0.0,local_cf,19,0.19336301754596646,0.057011051753738544,0.0,-0.008524893137666991,0.596004211674165,0.4371006264750906,0.395,0.33254702067366027,0.5806348475290581,0.408765,0.8581649999999991,0.49675,0.3688,0.13445,0.2272805531829065,2.0821952888042845,0.996
1.0,True,moderate,0.5,0.0,local_cf,20,0.20337183663994768,0.06708960070692671,0.005,0.004425552068605941,0.5676579018098653,0.4178908977136351,0.4,0.3320943037559989,0.5587076840392552,0.4006350000000001,0.8475199999999989,0.48575,0.3732,0.14105,0.22690758269992062,1.8320881785288223,0.991
0.2,False,polarized,0.0,0.5,global_trending,1,0.4516725812266414,0.23769437886805578,0.06,0.029089741736126332,0.23394780974140858,0.15862729010249532,0.13,0.11694442572313339,0.22887245509050808,0.26925000000000004,0.7075,0.64365,0.3187,0.03765,0.1786003472675015,0.723812568253043,0.9225
0.2,False,polarized,0.0,0.5,global_trending,2,0.46212720681293595,0.24084298155629896,0.05,-0.003141967633799574,0.2729986496120755,0.1991929267403338,0.165,0.1136595844866072,0.2617726862867492,0.265,0.6999999999999998,0.601,0.3519,0.0471,0.19948703429928932,0.7694243395259946,0.9135
0.2,False,polarized,0.0,0.5,global_trending,3,0.4424754005751803,0.2261230167520578,0.035,-0.0001319796578576457,0.24667035464081644,0.1709779308062718,0.145,0.1164058919318603,0.23505849757139624,0.265,0.7,0.6232,0.33825,0.03855,0.18706305512568264,0.738665122713502,0.9229999999999999
0.2,False,polarized,0.0,0.5,global_trending,4,0.4390959977690238,0.22971998208697872,0.06,0.005191296029674954,0.2750294272896953,0.20436263911238062,0.18,0.11379730151390559,0.2651019686070068,0.26415000000000005,0.6984999999999999,0.6074,0.34905,0.04355,0.19299239219161024,0.7661932456561543,0.9175
0.2,False,polarized,0.0,0.5,global_trending,5,0.4309976524589117,0.2117470059519784,0.03,0.0038001735058888508,0.22954326371262607,0.14750835967331255,0.115,0.11839953745338017,0.21844718692666823,0.2599,0.691,0.62825,0.34065,0.0311,0.17709855383397877,0.745518269654995,0.9515
0.2,False,polarized,0.0,0.5,global_trending,6,0.4720780402384422,0.2563823565621751,0.07,0.004040798227069535,0.30423921574169477,0.22103688690162218,0.19,0.1141184825995538,0.2909228244549965,0.26245000000000007,0.6954999999999998,0.58535,0.36235,0.0523,0.2026495142305337,0.7920518792427313,0.897
0.2,False,polarized,0.0,0.5,global_trending,7,0.46275501234962396,0.24495874914755647,0.035,0.05280933440942096,0.29477296391191626,0.23252272948358219,0.215,0.1113825805990572,0.2890846390668794,0.2667,0.7029999999999998,0.6021,0.3473,0.0506,0.19953188531655006,0.775528231230702,0.8959999999999999
0.2,False,polarized,0.0,0.5,global_trending,8,0.43769852856657215,0.22262246654929652,0.05,0.0021649914125592595,0.2356572597028167,0.15504336816927444,0.125,0.11723747907617779,0.22931910030808292,0.265,0.7,0.63505,0.32905,0.0359,0.18361204404766818,0.7307147891826169,0.9369999999999998
0.2,False,polarized,0.0,0.5,global_trending,9,0.4424500396787168,0.2244976140978436,0.045,-0.05002793562534129,0.2434290761224206,0.1540925152205795,0.13,0.11783613209488811,0.2296464695811797,0.27095,0.7104999999999998,0.6433,0.3216,0.0351,0.1749687250297508,0.7098256471839886,0.9375
0.2,False,polarized,0.0,0.5,global_trending,10,0.4540852955146456,0.23299942759995734,0.04,0.04107870766725169,0.24633988145926186,0.15690590797310888,0.115,0.11788128837496593,0.23413951942295286,0.2709500000000001,0.7104999999999998,0.6356,0.33005,0.03435,0.18056168259432115,0.7276914350887473,0.9465
0.2,False,polarized,0.0,0.5,global_trending,11,0.4551807882758115,0.24290092452634396,0.075,0.005929770684417017,0.2478966227494604,0.16376402611414054,0.125,0.11820974708887612,0.23121798536113136,0.26245000000000007,0.6954999999999998,0.60285,0.36365,0.0335,0.19142934492863348,0.7749434886738887,0.9335
0.2,False,polarized,0.0,0.5,global_trending,12,0.45352218154308815,0.23804914153857656,0.045,0.020401782966470695,0.29029570397099663,0.21360667311061568,0.18,0.11262926848637997,0.27954859746922056,0.26330000000000003,0.6969999999999998,0.6007,0.3485,0.0508,0.19703965218513134,0.7959856617626135,0.9
0.2,False,polarized,0.0,0.5,global_trending,13,0.4592091290009921,0.2411557855033066,0.05,-0.013149281215036536,0.2856578660123509,0.19274854368884156,0.155,0.11487475432833338,0.27535247285287,0.2667,0.7029999999999998,0.6182,0.32935,0.05245,0.197842088258081,0.7670325654497074,0.9135000000000001
0.2,False,polarized,0.0,0.5,global_trending,14,0.4375416826956704,0.21765423111726165,0.04,-0.030096093928883433,0.25463918236939054,0.15762348236111826,0.12,0.11748422800029865,0.23964741138247836,0.26330000000000003,0.6969999999999998,0.63355,0.32655,0.0399,0.18158875086582893,0.7244788459644385,0.9244999999999999
0.2,False,polarized,0.0,0.5,global_trending,15,0.4469739630792429,0.22386720656788384,0.045,-0.007394994562921733,0.28340650200162143,0.17723606719469565,0.145,0.11626972836525924,0.26714553453673806,0.26585000000000003,0.7014999999999999,0.6421,0.29865,0.05925,0.19285540049952188,0.7732788564327329,0.9125
0.2,False,polarized,0.0,0.5,global_trending,16,0.456373039197677,0.23578325121452942,0.035,0.009617125784500538,0.24170079267216096,0.15712512657495706,0.125,0.1174446047486343,0.22724462609409005,0.27435000000000004,0.7164999999999999,0.6453,0.31725,0.03745,0.17712411597736274,0.7294498239712398,0.945
0.2,False,polarized,0.0,0.5,global_trending,17,0.4546826328949605,0.23683147490162682,0.025,-0.034680961164436586,0.256995260644573,0.17963544203982187,0.155,0.1153723198687117,0.24822356855967898,0.2709500000000001,0.7104999999999998,0.6301,0.32835,0.04155,0.18758619280078961,0.7032237856092134,0.9195
0.2,False,polarized,0.0,0.5,global_trending,18,0.46337839498013184,0.2451556977833495,0.06,0.037419435683612126,0.2779925619379579,0.17987493614509595,0.145,0.11684700542324805,0.26187933675877484,0.2667,0.7029999999999998,0.62245,0.3314,0.04615,0.18340475486854058,0.739692361871063,0.9259999999999999
0.2,False,polarized,0.0,0.5,global_trending,19,0.45284481503991303,0.23327193294438672,0.035,-0.014547266472315457,0.27362269316165583,0.17849962582294865,0.145,0.11620780173557027,0.25797907947970133,0.2667,0.7029999999999998,0.6175,0.33655,0.04595,0.18578131468023737,0.7609354299783293,0.9215000000000001
0.2,False,polarized,0.0,0.5,global_trending,20,0.45668661578402964,0.23699880638059717,0.03,0.023598220479636237,0.25467913178198515,0.17458429658472496,0.14,0.11543828720694244,0.24238672800572822,0.26330000000000003,0.6969999999999998,0.6223,0.3323,0.0454,0.18975967862281157,0.7485263607040599,0.9085
0.2,False,polarized,0.4,0.4,hybrid,1,0.4555212583391842,0.24119384435660327,0.05,-0.02158894273974424,0.19534077742226727,0.10888019986512361,0.07,0.12207437789829417,0.184555968563107,0.26925000000000004,0.7075,0.69375,0.27565,0.0306,0.14722755875717816,0.7488634587442488,0.9684999999999999
0.2,False,polarized,0.4,0.4,hybrid,2,0.4275533320695412,0.21810001142349933,0.04,0.033198676129166015,0.19817433447571275,0.10516253513117105,0.08,0.12180693513096529,0.18541613085348885,0.265,0.6999999999999998,0.6914,0.2756,0.033,0.15556886336304532,0.7214963293648181,0.9595
0.2,False,polarized,0.4,0.4,hybrid,3,0.4503935426461974,0.23107015895558483,0.035,-0.008188523928048,0.21655273149735563,0.1343484763496573,0.1,0.11934760059021247,0.20952194350636305,0.265,0.7,0.6793,0.2717,0.049,0.164107250006442,0.7343599953309667,0.9475
0.2,False,polarized,0.4,0.4,hybrid,4,0.44492405449150224,0.22604924955272718,0.035,0.00917862521521161,0.21549263993680642,0.1284971301862786,0.095,0.1200260518785197,0.2040017484207069,0.26415000000000005,0.6984999999999999,0.6823,0.27445,0.04325,0.169778352824609,0.739160613221588,0.9590000000000001
0.2,False,polarized,0.4,0.4,hybrid,5,0.4629811505925957,0.24654464126509842,0.04,0.016645601002522693,0.23046636123744524,0.1473056528599591,0.115,0.119645417374755,0.2167138775959011,0.2599,0.691,0.66295,0.294,0.04305,0.16773593732674466,0.7527586034578408,0.9469999999999998
0.2,False,polarized,0.4,0.4,hybrid,6,0.4441323052174222,0.22596789117968805,0.03,0.011240808021490713,0.2129027969955751,0.11992065585562414,0.08,0.12095388912031252,0.20002543479748058,0.26245000000000007,0.6954999999999998,0.6776,0.29045,0.03195,0.1547089722948681,0.7828087184256155,0.9704999999999999
0.2,False,polarized,0.4,0.4,hybrid,7,0.44109209075525996,0.21928651044960076,0.055,-0.014999180980276035,0.1884399022996347,0.08981073207003738,0.05,0.12284543475524931,0.17552119075636471,0.2667,0.7029999999999998,0.70295,0.26655,0.0305,0.14265906665791978,0.7581884815854035,0.9690000000000001
0.2,False,polarized,0.4,0.4,hybrid,8,0.4409827276561562,0.2252738348721289,0.035,-0.014323388953486733,0.20951321017391017,0.1232912732449675,0.09,0.12013088729540812,0.1991316575234969,0.265,0.7,0.6923,0.26395,0.04375,0.1605259693953017,0.7458843266711166,0.9584999999999999
0.2,False,polarized,0.4,0.4,hybrid,9,0.4336174524356807,0.22235876760303427,0.055,-0.04814200228702419,0.1800315639808643,0.09306454452209467,0.065,0.12228341013620399,0.17255681003086243,0.27095,0.7104999999999998,0.71295,0.26185,0.0252,0.14849368587619244,0.6889058572177025,0.9670000000000001
0.2,False,polarized,0.4,0.4,hybrid,10,0.44251215182275216,0.2262830355192319,0.04,0.018798007382546278,0.18668636771252933,0.10291090982948578,0.07,0.12181843380447517,0.18153171308050717,0.2709500000000001,0.7104999999999998,0.70615,0.26345,0.0304,0.15646171479026935,0.7074213464240248,0.9640000000000001
0.2,False,polarized,0.4,0.4,hybrid,11,0.43444448558057225,0.22162403218756224,0.035,0.014308189454646202,0.1999499583456749,0.11155453556409775,0.08,0.12140051850981023,0.18947544594985746,0.26245000000000007,0.6954999999999998,0.6871,0.27735,0.03555,0.15003907119498083,0.741437905003724,0.9585000000000001
0.2,False,polarized,0.4,0.4,hybrid,12,0.4358578023994288,0.22254977893948094,0.055,-0.021905145022843367,0.22440049467389983,0.13049520506481266,0.095,0.11986111417403546,0.20793109050860628,0.26330000000000003,0.6969999999999998,0.67655,0.27665,0.0468,0.17477428248518861,0.7281030721400835,0.9525
0.2,False,polarized,0.4,0.4,hybrid,13,0.46618821885323924,0.248198349907439,0.055,-0.02512384569224592,0.22196086426519698,0.13160168618429918,0.09,0.11952025922235059,0.20875316351151288,0.2667,0.7029999999999998,0.67675,0.28435,0.0389,0.16391461023640921,0.7514158553967325,0.97
0.2,False,polarized,0.4,0.4,hybrid,14,0.45573374129374356,0.2433892772371178,0.07,-0.010579526342179483,0.21490992289598723,0.12431602017965013,0.095,0.1203017358046449,0.20366564612086946,0.26330000000000003,0.6969999999999998,0.68325,0.2739,0.04285,0.16841240346243608,0.7168307220586363,0.951
0.2,False,polarized,0.4,0.4,hybrid,15,0.45302707111380436,0.2275863003875032,0.055,0.010230987324672208,0.21602405250812842,0.11313199465324957,0.075,0.12129969597605574,0.2004575556355023,0.26585000000000003,0.7014999999999999,0.6895,0.271,0.0395,0.15839860256496466,0.7900949527086764,0.9690000000000001
0.2,False,polarized,0.4,0.4,hybrid,16,0.44403303855653276,0.23098400288531198,0.035,0.037417729044935594,0.20812122108742634,0.13046828046256354,0.095,0.1193791802875484,0.2004736984705685,0.27435000000000004,0.7164999999999999,0.6948,0.26945,0.03575,0.15938848404987963,0.7129524412503139,0.951
0.2,False,polarized,0.4,0.4,hybrid,17,0.4273395472677221,0.2132613339968533,0.025,-0.018345292857960115,0.19852862833324494,0.11771909894565043,0.085,0.12030793119314706,0.1896880935446579,0.2709500000000001,0.7104999999999998,0.70245,0.2566,0.04095,0.15527927895309765,0.701851292305974,0.954
0.2,False,polarized,0.4,0.4,hybrid,18,0.4655143363071478,0.24147442758334528,0.045,0.01636560297194116,0.2583194946192177,0.15366066203948678,0.115,0.11866846707162992,0.2414904427725698,0.2667,0.7029999999999998,0.67,0.2739,0.0561,0.180698004282769,0.7649530480628153,0.9430000000000001
0.2,False,polarized,0.4,0.4,hybrid,19,0.41896793843709235,0.2070940736525504,0.05,-0.032874769567512126,0.20636840058732023,0.11712856522510202,0.09,0.12028725898970542,0.19731978288849056,0.2667,0.7029999999999998,0.69315,0.26335,0.0435,0.15173461614339942,0.7113402845540446,0.9470000000000001
0.2,False,polarized,0.4,0.4,hybrid,20,0.4631615614706369,0.24080250743007114,0.04,-0.0018261137911200543,0.22286106527334476,0.12848863597278082,0.09,0.12062488680815267,0.2101307907468246,0.26330000000000003,0.6969999999999998,0.6768,0.28685,0.03635,0.16605784792932346,0.767369916768886,0.9634999999999999
0.2,False,polarized,0.0,0.0,individual_baseline,1,0.4629085642535874,0.24684099036378254,0.07,0.0053255021397183855,0.47287486723554095,0.27159590908123216,0.125,0.1259801866279635,0.47376511203290794,0.26925000000000004,0.7075,0.85255,0.14645,0.001,0.10994181496184777,2.1512569809638986,1.0
0.2,False,polarized,0.0,0.0,individual_baseline,2,0.4508243491246845,0.23324143318133891,0.045,0.02323564613867445,0.4751544419998828,0.27791851812729307,0.13,0.12671659415668496,0.4803772779735702,0.265,0.6999999999999998,0.8431,0.1564,0.0005,0.11051286787883619,1.9621897371263135,1.0
0.2,False,polarized,0.0,0.0,individual_baseline,3,0.47106504905671315,0.25259426355079945,0.055,0.026550179618388972,0.4852090508240853,0.2803031654050518,0.1,0.12663156322163016,0.4880961525072759,0.265,0.7,0.84845,0.1512,0.00035,0.10141545461119306,2.288756538193648,1.0
0.2,False,polarized,0.0,0.0,individual_baseline,4,0.45593000277460743,0.2410612153648477,0.055,0.00581029214272007,0.44725457126543927,0.25104259379032867,0.12,0.12666001259452672,0.44917907486704906,0.26415000000000005,0.6984999999999999,0.8438,0.15565,0.00055,0.10293663209966113,1.9794038566316847,1.0
0.2,False,polarized,0.0,0.0,individual_baseline,5,0.45283310027856666,0.23755864746420727,0.05,-0.022796387431196104,0.4722966199687582,0.27286198450681265,0.115,0.12653714731623286,0.4719133288427935,0.2599,0.691,0.843,0.15625,0.00075,0.10513485309092672,2.026528706539411,1.0
0.2,False,polarized,0.0,0.0,individual_baseline,6,0.4428699829899959,0.2295827416941413,0.05,0.006362534149025598,0.44061172747986677,0.24729828491109906,0.11,0.12681004311482375,0.4376720950039594,0.26245000000000007,0.6954999999999998,0.84285,0.15675,0.0004,0.0983409413947254,1.9100620369230783,1.0
0.2,False,polarized,0.0,0.0,individual_baseline,7,0.4608957939242433,0.235768595874482,0.035,-0.023135180174678468,0.4676971696410545,0.2617526677913489,0.1,0.1260723789257285,0.4731878142509147,0.2667,0.7029999999999998,0.8531,0.14605,0.00085,0.09688966126585342,2.1495400200259636,1.0
0.2,False,polarized,0.0,0.0,individual_baseline,8,0.446677491787948,0.22922037091975064,0.055,-0.008731403729340644,0.4683870193333975,0.2673412461795416,0.11,0.12651778353961846,0.47547826294741463,0.265,0.7,0.8494,0.15015,0.00045,0.09969110337887584,2.1303935800130582,1.0
0.2,False,polarized,0.0,0.0,individual_baseline,9,0.46513844761783424,0.2478945363404569,0.06,0.0021849489119681684,0.47429649603587054,0.28462574006267033,0.15,0.12591031782761142,0.47624869442195517,0.27095,0.7104999999999998,0.8623,0.1371,0.0006,0.10070006375569152,1.940609032162358,1.0
0.2,False,polarized,0.0,0.0,individual_baseline,10,0.4493195338381463,0.23101322104291552,0.06,0.006921605845679463,0.4556683085471029,0.2635563839826693,0.135,0.12598917012224883,0.4578646119628908,0.2709500000000001,0.7104999999999998,0.85335,0.1457,0.00095,0.10300018892978857,1.9113314425236563,1.0
0.2,False,polarized,0.0,0.0,individual_baseline,11,0.45037097513517693,0.23301411383994744,0.045,0.003700095669275951,0.43632893298939507,0.2397100764417764,0.085,0.12644419006211233,0.43432473096264856,0.26245000000000007,0.6954999999999998,0.84245,0.15665,0.0009,0.10317957672012439,1.9639028487497603,1.0
0.2,False,polarized,0.0,0.0,individual_baseline,12,0.4164094355585805,0.20438641691086318,0.03,-0.026179270392366668,0.4226747760418168,0.22589616547468985,0.075,0.12660519405842416,0.42461400733985777,0.26330000000000003,0.6969999999999998,0.8461,0.1534,0.0005,0.10569514585801695,1.8981865655952386,1.0
0.2,False,polarized,0.0,0.0,individual_baseline,13,0.45131586174100974,0.239033615424191,0.05,-0.058101286796228196,0.47683011837107786,0.275842230683323,0.135,0.12637700683456882,0.47736435352197887,0.2667,0.7029999999999998,0.8492,0.15015,0.00065,0.09804156337746604,1.8918750895678673,1.0
0.2,False,polarized,0.0,0.0,individual_baseline,14,0.44767472310969647,0.22466482891270736,0.035,-0.02408202374244043,0.4406688479904058,0.2400326464798189,0.105,0.12653829962576382,0.4413102574298289,0.26330000000000003,0.6969999999999998,0.84795,0.15155,0.0005,0.10765451494401919,2.0298401705106293,1.0
0.2,False,polarized,0.0,0.0,individual_baseline,15,0.4317336673302822,0.208686296771408,0.015,0.06376483757497155,0.41938278325257,0.22326266788507482,0.085,0.12640346617588516,0.4231250456966215,0.26585000000000003,0.7014999999999999,0.8456,0.1536,0.0008,0.10726503949060927,1.7621189540571212,1.0
0.2,False,polarized,0.0,0.0,individual_baseline,16,0.4636105840484187,0.25406509539533056,0.085,-0.03721864600335895,0.4602817883625917,0.26830518704839457,0.125,0.12605611565259595,0.46220378289322395,0.27435000000000004,0.7164999999999999,0.86145,0.1381,0.00045,0.1073028232818032,1.890803057786885,1.0
0.2,False,polarized,0.0,0.0,individual_baseline,17,0.43738501222294657,0.2239242231898238,0.04,0.011251022808794324,0.432467708351832,0.24025311147488704,0.1,0.1263835819322095,0.4339858833470241,0.2709500000000001,0.7104999999999998,0.85105,0.1484,0.00055,0.09699644621499434,1.8761457422332877,1.0
0.2,False,polarized,0.0,0.0,individual_baseline,18,0.4674527871852468,0.2534384566408925,0.06,0.01383444791765513,0.48517187215445035,0.2915800700919805,0.135,0.12633171838925716,0.4911385968814359,0.2667,0.7029999999999998,0.85135,0.14805,0.0006,0.10863543443209096,1.9761268218400325,1.0
0.2,False,polarized,0.0,0.0,individual_baseline,19,0.4860916029621514,0.26567774816432804,0.06,-0.03647536272661442,0.4706540095908053,0.2727956469438365,0.11,0.12627864176980247,0.4691298315127308,0.2667,0.7029999999999998,0.8537,0.14575,0.00055,0.10218679893452233,1.9671947710563824,1.0
0.2,False,polarized,0.0,0.0,individual_baseline,20,0.47027274528688606,0.24446823910435542,0.065,-0.06617577374640499,0.47688562496205916,0.2737183396327997,0.145,0.12670843811077542,0.47428491605620643,0.26330000000000003,0.6969999999999998,0.8406,0.15875,0.00065,0.11192523690589695,1.9751702639669135,1.0
0.2,False,polarized,0.5,0.0,local_cf,1,0.45365613682428096,0.2334743397415429,0.05,-0.04913116342120073,0.4676268241440913,0.2607771193427093,0.1,0.12581552066346618,0.4682786101231053,0.26925000000000004,0.7075,0.8677,0.13185,0.00045,0.09738281894052944,2.2787908481262256,1.0
0.2,False,polarized,0.5,0.0,local_cf,2,0.4757828400768115,0.25703663092284357,0.05,0.029805538147499522,0.4765360239619585,0.27339436026084535,0.105,0.12582166065485675,0.47400274110384233,0.265,0.6999999999999998,0.8645,0.1349,0.0006,0.1031444346775395,2.1374430349778115,1.0
0.2,False,polarized,0.5,0.0,local_cf,3,0.45324359934075226,0.24066478815506187,0.055,0.042965206245315635,0.4665634788855468,0.2675229295235091,0.16,0.12612160257576133,0.4626607198153094,0.265,0.7,0.86175,0.1379,0.00035,0.09953060601032482,1.9808494892073556,1.0
0.2,False,polarized,0.5,0.0,local_cf,4,0.44789100630967554,0.22704032579913894,0.02,0.004633157408904412,0.4641040073359126,0.26555190099956727,0.13,0.1260066198694335,0.46358265524505443,0.26415000000000005,0.6984999999999999,0.85985,0.13955,0.0006,0.09706126511885983,2.072376989964068,1.0
0.2,False,polarized,0.5,0.0,local_cf,5,0.44582385564293453,0.23257441130341266,0.055,0.009194937270646623,0.4443806938426583,0.2389751348435398,0.06,0.1261810250890369,0.4420616893195502,0.2599,0.691,0.85895,0.14065,0.0004,0.09413760508916194,2.172473575881168,1.0
0.2,False,polarized,0.5,0.0,local_cf,6,0.44214786448580456,0.22808466924483953,0.04,0.006292564642329792,0.45139663332356406,0.25059332038609156,0.085,0.1261162608872802,0.4530389335227717,0.26245000000000007,0.6954999999999998,0.8598,0.13975,0.00045,0.09634239021075634,2.080424094085106,1.0
0.2,False,polarized,0.5,0.0,local_cf,7,0.46209737955516056,0.24030390394001708,0.05,-0.0548376863626863,0.4583027623359382,0.2598049288987886,0.13,0.12611978652451777,0.45890557992308545,0.2667,0.7029999999999998,0.8627,0.137,0.0003,0.09446276682005786,1.9236432181976484,1.0
0.2,False,polarized,0.5,0.0,local_cf,8,0.45607809296776725,0.23839718954105416,0.07,-0.02273334573441823,0.4582031731534269,0.2570142320565498,0.105,0.12597848749139703,0.46043975054132297,0.265,0.7,0.86225,0.13725,0.0005,0.10255433343000414,2.1297502772900176,1.0
0.2,False,polarized,0.5,0.0,local_cf,9,0.44520618346334245,0.23284951198503984,0.05,-0.038095381984964344,0.4272386543306932,0.23678947796295055,0.12,0.1255544223928381,0.422298242142,0.27095,0.7104999999999998,0.8715,0.1279,0.0006,0.10058584293654704,1.811455297354738,1.0
0.2,False,polarized,0.5,0.0,local_cf,10,0.47740779610670714,0.2568296520128858,0.055,0.008417052713149239,0.4662455588325783,0.26509902672178487,0.115,0.12579081976085194,0.46800790715672436,0.2709500000000001,0.7104999999999998,0.86935,0.13025,0.0004,0.09873261210297275,2.140129077056539,1.0
0.2,False,polarized,0.5,0.0,local_cf,11,0.45251360464462403,0.23867830488362768,0.045,0.01771259791049022,0.46527447183093346,0.2643556719740594,0.115,0.12591037902935262,0.46843916598986396,0.26245000000000007,0.6954999999999998,0.8612,0.13815,0.00065,0.10348223762424524,2.1242915137302694,1.0
0.2,False,polarized,0.5,0.0,local_cf,12,0.44312440130223346,0.22016586388032913,0.025,-0.06468386834415382,0.4342250657783714,0.22243335715149898,0.06,0.1262919447416863,0.4289501353413939,0.26330000000000003,0.6969999999999998,0.85805,0.14165,0.0003,0.10340134425671725,2.0607897350115896,1.0
0.2,False,polarized,0.5,0.0,local_cf,13,0.4547131015295493,0.23079473627270525,0.04,-0.09880034662239581,0.45245944163249724,0.23979455276705708,0.075,0.12610381676009605,0.4507444218626146,0.2667,0.7029999999999998,0.8602,0.13935,0.00045,0.09375308351601998,1.9948479669841894,1.0
0.2,False,polarized,0.5,0.0,local_cf,14,0.4416123979636469,0.22434865831235534,0.05,-0.030674559311426697,0.4280666097117458,0.2295712582682445,0.08,0.12596268044408426,0.4261557559261078,0.26330000000000003,0.6969999999999998,0.86665,0.13305,0.0003,0.09620466908837998,1.8217487078836538,1.0
0.2,False,polarized,0.5,0.0,local_cf,15,0.4371340067130788,0.22096221088041276,0.05,0.030924945995497354,0.44732968731486145,0.2420608209739672,0.075,0.12628836838362095,0.45008472205733213,0.26585000000000003,0.7014999999999999,0.85835,0.14135,0.0003,0.10058479710176499,2.095786201556325,1.0
0.2,False,polarized,0.5,0.0,local_cf,16,0.4509093951351879,0.23202788625182597,0.06,-0.05806374493288013,0.43933160824066037,0.236847941955377,0.1,0.12559512103507942,0.43949439415551694,0.27435000000000004,0.7164999999999999,0.87445,0.12515,0.0004,0.08951346894182892,1.9437504099066298,1.0
0.2,False,polarized,0.5,0.0,local_cf,17,0.42701880199745645,0.2129618488492514,0.045,0.0031278305920328184,0.434024279979347,0.24272334285025732,0.115,0.12565054527116576,0.432936980080955,0.2709500000000001,0.7104999999999998,0.866,0.13325,0.00075,0.0968944118570159,1.8229590242935987,1.0
0.2,False,polarized,0.5,0.0,local_cf,18,0.4445519266649062,0.22853414772862635,0.04,0.009497298189177677,0.4591229324498841,0.25959233836040946,0.105,0.12593098529616006,0.45666668995585546,0.2667,0.7029999999999998,0.8627,0.13675,0.00055,0.10664204473431212,2.0784013816104747,1.0
0.2,False,polarized,0.5,0.0,local_cf,19,0.44460700200611264,0.22924332499004102,0.065,-0.06289034677838772,0.4645319459910343,0.25424190880579217,0.095,0.1262257248251752,0.4672465079596173,0.2667,0.7029999999999998,0.862,0.1378,0.0002,0.09311716075732449,2.046961667085432,1.0
0.2,False,polarized,0.5,0.0,local_cf,20,0.41845100906966903,0.20340357886027005,0.035,-0.04675400504621921,0.43839191974870134,0.2416945616597702,0.125,0.12592016908493653,0.43975019642546037,0.26330000000000003,0.6969999999999998,0.8618,0.1376,0.0006,0.09864356048584348,1.8003492423803538,1.0
0.5,False,polarized,0.0,0.5,global_trending,1,0.43655955055884893,0.221571596082674,0.03,0.006312875527559352,0.6752864705705764,0.569630909262707,0.525,0.1686091550162635,0.6280678710729398,0.26925000000000004,0.7075,0.3266,0.5063,0.1671,0.38293960316873615,1.9960231329456926,0.9009999999999999
0.5,False,polarized,0.0,0.5,global_trending,2,0.44329713861150083,0.22773131933598598,0.055,-0.014897759995258915,0.7078560887103817,0.6058725035000957,0.565,0.16564540211703505,0.6521368231835535,0.265,0.6999999999999998,0.3067,0.5194,0.1739,0.3991734180794302,2.0527727882980673,0.903
0.5,False,polarized,0.0,0.5,global_trending,3,0.4346378030959248,0.22512216304517277,0.065,-0.011118165684735767,0.6917241248955878,0.5950574595713105,0.555,0.16605526205975735,0.6521941039586685,0.265,0.7,0.3091,0.5177,0.1732,0.39853136923556254,2.0261735459195007,0.892
0.5,False,polarized,0.0,0.5,global_trending,4,0.4450993978171563,0.23124166432847978,0.045,0.010615423420353763,0.6768286159895578,0.5797060678900324,0.535,0.1625882700121489,0.6291557915298391,0.26415000000000005,0.6984999999999999,0.30835,0.51045,0.1812,0.4059279161177926,1.9441355500726636,0.8785
0.5,False,polarized,0.0,0.5,global_trending,5,0.44752182476208496,0.2270306851241346,0.025,0.009436090828685883,0.6978226266844952,0.6032656073955177,0.55,0.15974822967980706,0.6546757087044796,0.2599,0.691,0.29675,0.51575,0.1875,0.404085906365258,1.997731936819393,0.8625
0.5,False,polarized,0.0,0.5,global_trending,6,0.44503068989930056,0.2287569092735471,0.04,0.015559409665927868,0.7104853431712264,0.6121027419755226,0.55,0.15762509524645638,0.6653324838820037,0.26245000000000007,0.6954999999999998,0.2977,0.5159,0.1864,0.4246212909530895,2.170849323183967,0.879
0.5,False,polarized,0.0,0.5,global_trending,7,0.45607000423132293,0.24209187487561748,0.06,0.00680887758663386,0.6854032869760883,0.5844931738887099,0.535,0.1655824470183292,0.6351628852241525,0.2667,0.7029999999999998,0.31885,0.4974,0.18375,0.40798348561176395,1.9399402854149312,0.8865000000000001
0.5,False,polarized,0.0,0.5,global_trending,8,0.446224267993552,0.22860624539909055,0.035,-0.008085905872233665,0.7038130909850218,0.6111667582876386,0.565,0.15949732058898516,0.6588602302486299,0.265,0.7,0.3018,0.5173,0.1809,0.42191936669722574,2.0642530767601817,0.8785
0.5,False,polarized,0.0,0.5,global_trending,9,0.45742739680788863,0.23574472298504365,0.045,-0.03723844394555895,0.7056315170005599,0.6026461835625138,0.55,0.16565559681729958,0.6522599515314801,0.27095,0.7104999999999998,0.3072,0.51915,0.17365,0.41253236406556754,2.1193187490514678,0.8694999999999999
0.5,False,polarized,0.0,0.5,global_trending,10,0.45960349854505345,0.24197277395241032,0.05,0.05724684509552408,0.6963574363423336,0.5940390349606218,0.56,0.16801499390635818,0.6485737472471413,0.2709500000000001,0.7104999999999998,0.31435,0.5149,0.17075,0.39037524418075537,2.0359750462622483,0.889
0.5,False,polarized,0.0,0.5,global_trending,11,0.4279867786496227,0.21029311301959708,0.02,0.033777620577597214,0.6706557748962629,0.5649911989850009,0.5,0.1658134320065438,0.6282624970563768,0.26245000000000007,0.6954999999999998,0.31845,0.50815,0.1734,0.41753496227587933,1.975830039483661,0.883
0.5,False,polarized,0.0,0.5,global_trending,12,0.47099264334695556,0.2528296443995906,0.075,-0.009417163556346591,0.7109904740042308,0.6173222098850064,0.58,0.16318248919462097,0.6679959237106476,0.26330000000000003,0.6969999999999998,0.30445,0.48935,0.2062,0.4287216680141486,1.9871887196775733,0.895
0.5,False,polarized,0.0,0.5,global_trending,13,0.4476050668269832,0.22659256775725736,0.03,-0.04790323341383984,0.6889955402297283,0.589840118959387,0.535,0.17102739179415147,0.644835842360435,0.2667,0.7029999999999998,0.3156,0.50315,0.18125,0.39774746665169813,1.9317761365151684,0.9060000000000001
0.5,False,polarized,0.0,0.5,global_trending,14,0.4332557511737268,0.21322782928931447,0.03,-0.027860811366195098,0.6938855761692083,0.5939600655383918,0.52,0.16374353236161585,0.6476528433325516,0.26330000000000003,0.6969999999999998,0.31205,0.49895,0.189,0.42343896744245685,1.9212619815007455,0.8825
0.5,False,polarized,0.0,0.5,global_trending,15,0.44823664719232853,0.23098237461760568,0.065,0.014921748411440307,0.6974274348229724,0.5951832073167036,0.54,0.16648701336612362,0.6550682133783803,0.26585000000000003,0.7014999999999999,0.3229,0.4837,0.1934,0.39121745490196796,1.863636063855814,0.893
0.5,False,polarized,0.0,0.5,global_trending,16,0.44073416600649457,0.22018103914979392,0.04,-0.016285386066977416,0.6857670831655954,0.572936393217897,0.53,0.1723723778867564,0.6293611327529498,0.27435000000000004,0.7164999999999999,0.3225,0.5072,0.1703,0.4169738098128745,1.9570251031663177,0.8895000000000001
0.5,False,polarized,0.0,0.5,global_trending,17,0.4552768121582176,0.23599696046035645,0.03,-0.0062579888920079214,0.6936262325694443,0.6043451861020419,0.56,0.16550997638145595,0.6449630127703639,0.2709500000000001,0.7104999999999998,0.31505,0.51085,0.1741,0.39417532329116894,1.9755318089569027,0.9019999999999999
0.5,False,polarized,0.0,0.5,global_trending,18,0.4399516842044591,0.21948572365655628,0.03,0.051951429034093166,0.6773802716310929,0.5716904855212879,0.515,0.1692804828602438,0.6295474633623306,0.2667,0.7029999999999998,0.32275,0.5037,0.17355,0.3894478902459515,1.944801465395051,0.8955000000000001
0.5,False,polarized,0.0,0.5,global_trending,19,0.4470337580644194,0.23510617847541865,0.06,-0.03290167574638258,0.6918376408603052,0.5958178938912968,0.54,0.16405952594110793,0.6464137896800789,0.2667,0.7029999999999998,0.30725,0.5078,0.18495,0.4205163259490419,1.9600947276892937,0.8690000000000001
0.5,False,polarized,0.0,0.5,global_trending,20,0.45158703169394054,0.22829019834841247,0.04,-0.033105626601495325,0.7055900492110778,0.6076509672656498,0.54,0.16759876180794187,0.6637567682049563,0.26330000000000003,0.6969999999999998,0.31455,0.4792,0.20625,0.41723464232042046,1.909599345421471,0.8885
0.5,False,polarized,0.4,0.4,hybrid,1,0.45570710804677517,0.2347902358828887,0.04,-0.01239185325600516,0.6428147528818607,0.5254687394785905,0.445,0.1774547256869895,0.5999656831512585,0.26925000000000004,0.7075,0.36425,0.4541,0.18165,0.3907763946362106,1.9109154664811518,0.927
0.5,False,polarized,0.4,0.4,hybrid,2,0.4446486063509677,0.2292187175422768,0.055,0.0027977476933548394,0.6351390244498433,0.5135421316734918,0.425,0.18099306042521426,0.5997235603406503,0.265,0.6999999999999998,0.36125,0.4586,0.18015,0.37700497934177224,1.8684669498229975,0.9205000000000001
0.5,False,polarized,0.4,0.4,hybrid,3,0.44181300442390564,0.22420089299618012,0.04,0.011563362074279472,0.6407689041865866,0.5319591079574271,0.465,0.17686003535179615,0.6015536319812024,0.265,0.7,0.3568,0.4498,0.1934,0.37691413124238826,1.822662676796714,0.9155
0.5,False,polarized,0.4,0.4,hybrid,4,0.46474575549350056,0.2504261580595716,0.07,0.0031888267777545566,0.6788038653000734,0.5692310172458285,0.51,0.1731751549124864,0.6353327142801143,0.26415000000000005,0.6984999999999999,0.33765,0.4756,0.18675,0.40787999019104704,2.041598295468746,0.9135
0.5,False,polarized,0.4,0.4,hybrid,5,0.46960292770397766,0.2512726506234914,0.06,-0.008802610535456827,0.6542105541684424,0.5328535246384487,0.45,0.17353531019045307,0.6136117815324753,0.2599,0.691,0.34235,0.46435,0.1933,0.39072438816342425,2.014474181286446,0.9044999999999999
0.5,False,polarized,0.4,0.4,hybrid,6,0.45494208098184513,0.23839467476118908,0.05,-0.02293201365362199,0.6543701721278478,0.5424049965632226,0.485,0.17707909728668944,0.6138214048096472,0.26245000000000007,0.6954999999999998,0.35435,0.46035,0.1853,0.38902306371025075,1.9159120284270066,0.9209999999999999
0.5,False,polarized,0.4,0.4,hybrid,7,0.44308407572932734,0.2220825167325045,0.03,0.006665247231171943,0.6410063908365788,0.5292301064249575,0.47,0.18201451054357826,0.5996472252866064,0.2667,0.7029999999999998,0.36405,0.44535,0.1906,0.3791633029733072,1.794441595403908,0.9035
0.5,False,polarized,0.4,0.4,hybrid,8,0.43174091002791376,0.21769271536780757,0.025,-0.012094156841191328,0.6387315186039031,0.5181503338015772,0.43,0.1784433223176125,0.599895737491777,0.265,0.7,0.362,0.4553,0.1827,0.3764806531147106,1.925079315795466,0.9115000000000001
0.5,False,polarized,0.4,0.4,hybrid,9,0.45246522726913,0.23746687219688756,0.055,-0.032545796236153786,0.6265589740722356,0.5043712068171948,0.43,0.1833381245138238,0.5871129935226611,0.27095,0.7104999999999998,0.36655,0.4617,0.17175,0.36402504321179824,1.8690342310988093,0.9209999999999999
0.5,False,polarized,0.4,0.4,hybrid,10,0.4502666281141661,0.23442627362748994,0.055,0.04472103544064881,0.6327206067767536,0.5146956798670397,0.44,0.1851275476066335,0.5936857181483208,0.2709500000000001,0.7104999999999998,0.37185,0.4565,0.17165,0.36752936262052716,1.7970221531078672,0.9279999999999999
0.5,False,polarized,0.4,0.4,hybrid,11,0.4581752761085612,0.24425228893820672,0.05,0.01881965003402282,0.6538712165736371,0.5354247355838593,0.455,0.17579290077760354,0.6140341798419989,0.26245000000000007,0.6954999999999998,0.35105,0.45775,0.1912,0.38710925561843174,1.9873541041986575,0.9205
0.5,False,polarized,0.4,0.4,hybrid,12,0.4439348680203061,0.2251304748859225,0.065,-0.04993694506793681,0.6524448834022158,0.5348007355481323,0.44,0.18266662196060351,0.6172143426651313,0.26330000000000003,0.6969999999999998,0.36265,0.44065,0.1967,0.3767161435500465,1.807287611841042,0.926
0.5,False,polarized,0.4,0.4,hybrid,13,0.4448265401098135,0.22876358737574506,0.055,-0.0750835656044735,0.626712250884434,0.5024394101521945,0.435,0.18604883839268893,0.5886729199887496,0.2667,0.7029999999999998,0.37515,0.45235,0.1725,0.3577428708558444,1.682532541947026,0.9384999999999999
0.5,False,polarized,0.4,0.4,hybrid,14,0.44342118204404857,0.22886185206333443,0.035,-0.03111570943139402,0.6582543046541929,0.5492266410163604,0.47,0.17678284238407083,0.6181426769865034,0.26330000000000003,0.6969999999999998,0.35025,0.4548,0.19495,0.3751062088685079,1.8651622564509118,0.9125000000000001
0.5,False,polarized,0.4,0.4,hybrid,15,0.4758859493193188,0.24646663255617177,0.03,0.04876068333741957,0.6566806793663551,0.5330750086953456,0.435,0.18143516858966208,0.6157330065908485,0.26585000000000003,0.7014999999999999,0.3618,0.44955,0.18865,0.3568380304457504,1.792472724699171,0.9185
0.5,False,polarized,0.4,0.4,hybrid,16,0.44468537748315784,0.2374437728478609,0.07,-0.02153137091030433,0.6003852395456039,0.4723345764454433,0.405,0.193013532111464,0.5591615162016921,0.27435000000000004,0.7164999999999999,0.39275,0.4449,0.16235,0.3657112714100966,1.7110124922306362,0.9465
0.5,False,polarized,0.4,0.4,hybrid,17,0.44215605975407113,0.22520884835255991,0.045,-0.015742874474287964,0.5987636814579393,0.47631141979700703,0.39,0.18739357632612397,0.5605584209892291,0.2709500000000001,0.7104999999999998,0.3886,0.4406,0.1708,0.3624300410430806,1.7426131060630878,0.9369999999999998
0.5,False,polarized,0.4,0.4,hybrid,18,0.4367844985066418,0.22180687291638854,0.05,0.04337067594917045,0.5972819970240472,0.4676224390437384,0.37,0.18684952150536788,0.5571413886149054,0.2667,0.7029999999999998,0.37865,0.44555,0.1758,0.3599209113951672,1.7306634861749326,0.9179999999999999
0.5,False,polarized,0.4,0.4,hybrid,19,0.4471805081266059,0.23330282520320217,0.05,-0.007550637750003388,0.6494416045766157,0.5352524769945691,0.47,0.18345399001547505,0.6055949193414691,0.2667,0.7029999999999998,0.3601,0.4502,0.1897,0.36503700790204674,1.837795478310183,0.9215000000000001
0.5,False,polarized,0.4,0.4,hybrid,20,0.45502288458327456,0.23638008794051837,0.06,-0.02917629022660585,0.6544395567847923,0.5373108017578949,0.455,0.17986784263399852,0.6174438906264476,0.26330000000000003,0.6969999999999998,0.3605,0.4442,0.1953,0.37002023809618145,1.830842443942385,0.9059999999999999
0.5,False,polarized,0.0,0.0,individual_baseline,1,0.4475743682239173,0.22745066634169211,0.025,0.022827630812035114,0.5981538859618337,0.4296785667229994,0.38,0.2664588767186277,0.5964411587336563,0.26925000000000004,0.7075,0.5938,0.36235,0.04385,0.18593847163411542,2.231461216002748,1.0
0.5,False,polarized,0.0,0.0,individual_baseline,2,0.4562158107726432,0.23563971707159348,0.05,0.04005147296581937,0.6234512833902117,0.45512483873545084,0.395,0.2668990439932242,0.6170021797959325,0.265,0.6999999999999998,0.5881,0.36825,0.04365,0.21342315442315665,2.3286436002274917,1.0
0.5,False,polarized,0.0,0.0,individual_baseline,3,0.4303022710704867,0.21654382777469483,0.035,0.035881790745382995,0.5720081215543723,0.4001576260179042,0.34,0.2675195612621559,0.5742087583247101,0.265,0.7,0.57835,0.3775,0.04415,0.19599956154208126,2.081758539064223,1.0
0.5,False,polarized,0.0,0.0,individual_baseline,4,0.4665872428612405,0.24595232879316492,0.05,0.02817551841536299,0.613729962807663,0.4474995289692586,0.405,0.2689126719414906,0.6135965314380332,0.26415000000000005,0.6984999999999999,0.58925,0.3683,0.04245,0.191570598289793,2.289702690848229,1.0
0.5,False,polarized,0.0,0.0,individual_baseline,5,0.4423303957231948,0.22284647823830406,0.035,-0.04293387604010556,0.5787215703150023,0.41249246713448984,0.365,0.2672229039523653,0.5810609338229541,0.2599,0.691,0.5735,0.38225,0.04425,0.1783088781426131,1.9962069259601602,1.0
0.5,False,polarized,0.0,0.0,individual_baseline,6,0.4259145406049088,0.21031304072957582,0.025,0.01653186158863289,0.5790868581929847,0.4117360844334819,0.345,0.2660994720756343,0.5825810220179826,0.26245000000000007,0.6954999999999998,0.57695,0.3782,0.04485,0.18747742254561264,2.097646135332042,1.0
0.5,False,polarized,0.0,0.0,individual_baseline,7,0.42432892485731716,0.21445330543764754,0.05,-0.02568252934276874,0.5667631031327204,0.40432745275094845,0.335,0.2686823795572914,0.5659911555028847,0.2667,0.7029999999999998,0.58735,0.37005,0.0426,0.17754580930503203,1.9462109368687914,1.0
0.5,False,polarized,0.0,0.0,individual_baseline,8,0.4624604019688816,0.2512768224447242,0.06,0.023918843402205875,0.6272055546811128,0.4691570593734619,0.445,0.26809088453213303,0.6269086962505492,0.265,0.7,0.59865,0.3588,0.04255,0.19266237653089946,2.2735984714271553,1.0
0.5,False,polarized,0.0,0.0,individual_baseline,9,0.46325125944773304,0.240419240901655,0.025,-0.001933886112363432,0.6384612404094212,0.4732808939667267,0.425,0.2704495420466025,0.6430907386709002,0.27095,0.7104999999999998,0.59225,0.3663,0.04145,0.19547127348817464,2.428104582315049,1.0
0.5,False,polarized,0.0,0.0,individual_baseline,10,0.4340337216680802,0.2225669868962264,0.035,0.046017328046522685,0.5856023885992284,0.4184392144094977,0.34,0.26869776989862343,0.5824258136822753,0.2709500000000001,0.7104999999999998,0.5924,0.36535,0.04225,0.17807009224661996,2.087131073171226,1.0
0.5,False,polarized,0.0,0.0,individual_baseline,11,0.4301042202154943,0.21906264421354876,0.06,-0.026589128225820796,0.5809714922840085,0.4162165076464821,0.355,0.26577650061428526,0.5825331809017862,0.26245000000000007,0.6954999999999998,0.58075,0.37445,0.0448,0.17876531329634127,2.0685745198818086,1.0
0.5,False,polarized,0.0,0.0,individual_baseline,12,0.44852023355255,0.2287677215440686,0.045,-0.07165640716566031,0.6184197562821627,0.44900602049036936,0.37,0.2646125675313967,0.617501316317634,0.26330000000000003,0.6969999999999998,0.59065,0.3644,0.04495,0.1752391389877479,2.2330031552904894,1.0
0.5,False,polarized,0.0,0.0,individual_baseline,13,0.4603677352369077,0.23894124680953033,0.05,-0.08884367240178008,0.629059769768055,0.45751489783705424,0.43,0.26796066653134065,0.6310676435893064,0.2667,0.7029999999999998,0.59175,0.36515,0.0431,0.18971855511518904,2.0735496581900414,1.0
0.5,False,polarized,0.0,0.0,individual_baseline,14,0.4387741963190828,0.2191200510513044,0.03,-0.09451667527389261,0.6122336831018454,0.43854378615290573,0.38,0.267837287051345,0.6184958021856575,0.26330000000000003,0.6969999999999998,0.5757,0.3803,0.044,0.19170726235260802,2.2237303823544625,1.0
0.5,False,polarized,0.0,0.0,individual_baseline,15,0.4475784479149094,0.2350336220928439,0.045,0.0691123568826841,0.5949534977380935,0.43242260802982657,0.39,0.26822136025633936,0.5934469925537502,0.26585000000000003,0.7014999999999999,0.5914,0.36585,0.04275,0.18640125379491138,1.9555710891088953,1.0
0.5,False,polarized,0.0,0.0,individual_baseline,16,0.45529703984558245,0.23881090877217248,0.045,-0.022304937017117298,0.636745121620718,0.47550773692158166,0.42,0.27178569343986203,0.6407198105850895,0.27435000000000004,0.7164999999999999,0.601,0.35925,0.03975,0.17359856537360951,2.155941952409278,1.0
0.5,False,polarized,0.0,0.0,individual_baseline,17,0.456233896814756,0.2446974235166738,0.08,0.027556622281766252,0.606018972903701,0.44528287655906523,0.435,0.26445438996753895,0.6103629836806678,0.2709500000000001,0.7104999999999998,0.60635,0.34895,0.0447,0.17460068902691855,2.123395611963341,1.0
0.5,False,polarized,0.0,0.0,individual_baseline,18,0.45626223802264215,0.23515510800903003,0.05,0.044854356155662474,0.628434091769407,0.4613259659354743,0.365,0.26900581406281815,0.6268918384732212,0.2667,0.7029999999999998,0.58305,0.3741,0.04285,0.20460222597652908,2.4050296941312874,1.0
0.5,False,polarized,0.0,0.0,individual_baseline,19,0.447897370799864,0.23131753105721944,0.045,-0.0487244140330125,0.5877657818500157,0.42131531735850886,0.35,0.27068418108304954,0.5851037030658116,0.2667,0.7029999999999998,0.5842,0.374,0.0418,0.1776972668207322,1.9918742686810886,1.0
0.5,False,polarized,0.0,0.0,individual_baseline,20,0.4296151328027396,0.20922826863568694,0.035,-0.08148262207207697,0.5832374718583685,0.4122192812419377,0.37,0.26826471482334824,0.5823197324668445,0.26330000000000003,0.6969999999999998,0.57625,0.3803,0.04345,0.20216993540068998,2.0212467289780043,1.0
0.5,False,polarized,0.5,0.0,local_cf,1,0.44150045209726746,0.22138375845059768,0.03,0.02516897425613778,0.6007043779769158,0.43635292653568397,0.38,0.27238225533846533,0.6015029888416943,0.26925000000000004,0.7075,0.60155,0.35885,0.0396,0.18564086291147944,2.18217497972771,1.0
0.5,False,polarized,0.5,0.0,local_cf,2,0.43956992999160266,0.22633668687117647,0.055,0.03416937576189804,0.5777534150217503,0.4068992949131642,0.335,0.2731635965651452,0.579129227918814,0.265,0.6999999999999998,0.59335,0.3671,0.03955,0.19001505407293806,2.082514763093799,1.0
0.5,False,polarized,0.5,0.0,local_cf,3,0.45849132109244806,0.2428521830525158,0.06,0.02868304997619258,0.6089733697959033,0.44457132926986065,0.375,0.2718787540131097,0.6034568550539308,0.265,0.7,0.60465,0.3558,0.03955,0.19011040601785098,2.17027776469982,1.0
0.5,False,polarized,0.5,0.0,local_cf,4,0.44542052397349224,0.2288947579190274,0.05,0.04453662301748654,0.5851310667606977,0.41539874614824074,0.35,0.26871011005649914,0.5892431312137608,0.26415000000000005,0.6984999999999999,0.59575,0.36225,0.042,0.17122758596391627,2.151402412967724,1.0
0.5,False,polarized,0.5,0.0,local_cf,5,0.42547953344697165,0.21806155861850443,0.07,0.007347731556796612,0.5461611487282915,0.3838284715186739,0.33,0.2657168767747812,0.541871800204617,0.2599,0.691,0.59885,0.35735,0.0438,0.18345055476794872,1.8493552123707862,1.0
0.5,False,polarized,0.5,0.0,local_cf,6,0.4319127377284323,0.2165012206647767,0.05,0.012377324033174176,0.5738258402891938,0.4001795441338726,0.32,0.27146171374553296,0.5729728626214213,0.26245000000000007,0.6954999999999998,0.58445,0.37475,0.0408,0.1767991524504703,2.143304914039268,1.0
0.5,False,polarized,0.5,0.0,local_cf,7,0.47114730343650435,0.24945757051292627,0.05,-0.04337484312751944,0.6152752157830994,0.4472860748955676,0.405,0.27148685032841746,0.6144923263097247,0.2667,0.7029999999999998,0.6044,0.35555,0.04005,0.18318548211393362,2.1762162543373305,1.0
0.5,False,polarized,0.5,0.0,local_cf,8,0.46344060477008836,0.2513705976855754,0.075,0.022510363804303855,0.6116392593626749,0.45848441604143503,0.425,0.27061078573327324,0.6087303059135142,0.265,0.7,0.602,0.35745,0.04055,0.18923433691649674,2.107427486711609,1.0
0.5,False,polarized,0.5,0.0,local_cf,9,0.4616093085488487,0.23903860877442454,0.035,-0.07480156655183907,0.6146093948200881,0.43126491459592176,0.365,0.2734729806823461,0.6143947617409824,0.27095,0.7104999999999998,0.6057,0.3557,0.0386,0.19434418094804695,2.502130882710691,1.0
0.5,False,polarized,0.5,0.0,local_cf,10,0.44034896099599463,0.22132061306048179,0.015,-0.00016199110610755075,0.591829671776536,0.41433736243233577,0.33,0.2750239929067578,0.5908034312727064,0.2709500000000001,0.7104999999999998,0.5884,0.37305,0.03855,0.18725739493230692,2.281307985319107,1.0
0.5,False,polarized,0.5,0.0,local_cf,11,0.469117614550277,0.2541315885661198,0.075,0.007911098060564803,0.6253799640632274,0.46430559885479156,0.435,0.2685390573985547,0.624797360962249,0.26245000000000007,0.6954999999999998,0.60295,0.3552,0.04185,0.19120162507645858,2.3117930374291475,1.0
0.5,False,polarized,0.5,0.0,local_cf,12,0.44145371094204705,0.22705182189861609,0.045,-0.031020410567610554,0.5838225875227764,0.4135609551473853,0.34,0.2697063682727112,0.5826188426987909,0.26330000000000003,0.6969999999999998,0.594,0.3643,0.0417,0.19485357804222508,2.0626333781260455,1.0
0.5,False,polarized,0.5,0.0,local_cf,13,0.4601841020727595,0.24106324341773366,0.065,-0.08675963690548467,0.6003419352106601,0.42988993288805616,0.38,0.2720456696242111,0.5958444826630744,0.2667,0.7029999999999998,0.60125,0.35895,0.0398,0.1803188067206287,2.0377435628731195,1.0
0.5,False,polarized,0.5,0.0,local_cf,14,0.4604093601688004,0.2385103636376531,0.045,-0.07218280995344374,0.6086676209371688,0.43494008790673916,0.385,0.2712881183070509,0.6042196597759335,0.26330000000000003,0.6969999999999998,0.59825,0.3614,0.04035,0.18868840387551575,2.1141201130722376,1.0
0.5,False,polarized,0.5,0.0,local_cf,15,0.46720023608294076,0.24984918757796534,0.07,0.05971250100163141,0.6093002721276011,0.4380028073398101,0.385,0.27205374308623465,0.6089737935812459,0.26585000000000003,0.7014999999999999,0.5997,0.3605,0.0398,0.18630378952445628,2.01966753676226,1.0
0.5,False,polarized,0.5,0.0,local_cf,16,0.45308094230499263,0.23276808036859922,0.05,-0.06996445074665009,0.5894763362162703,0.4098199699655341,0.325,0.2738704003091519,0.5910505700235017,0.27435000000000004,0.7164999999999999,0.6113,0.3505,0.0382,0.2019246075830057,2.0893121332069065,1.0
0.5,False,polarized,0.5,0.0,local_cf,17,0.4596468766859079,0.2433830879519495,0.055,-0.02559416446731239,0.597485637203592,0.4298731688369523,0.37,0.27395720723794303,0.5922212163288918,0.2709500000000001,0.7104999999999998,0.6065,0.35505,0.03845,0.19483868757045145,2.2041779541160027,1.0
0.5,False,polarized,0.5,0.0,local_cf,18,0.46668627361225923,0.2545757623052021,0.085,0.06744839239915001,0.6070913822813617,0.44086558174046603,0.4,0.2703734538755665,0.6024809530316996,0.2667,0.7029999999999998,0.6097,0.35005,0.04025,0.20611601292122664,2.1696410440459917,1.0
0.5,False,polarized,0.5,0.0,local_cf,19,0.4370571676915324,0.2160434661278164,0.03,-0.07647489166174863,0.5919132912990305,0.41058976726877816,0.36,0.2713192399455364,0.5931692024120088,0.2667,0.7029999999999998,0.59095,0.3683,0.04075,0.18978430242688674,2.0434209521861937,1.0
0.5,False,polarized,0.5,0.0,local_cf,20,0.43535924422784933,0.21773297443367182,0.03,-0.08037198716067827,0.5666052548644988,0.3988157340754417,0.355,0.26800449189978204,0.5633400348989526,0.26330000000000003,0.6969999999999998,0.6013,0.3561,0.0426,0.17068931795442527,1.904839506961765,1.0
1.0,False,polarized,0.0,0.5,global_trending,1,0.4575540594019818,0.2486520755337994,0.06,-0.010775495983436238,0.9363808247790587,0.9045607094922627,0.94,0.1662467733714979,0.8718758865387116,0.26925000000000004,0.7075,0.23005,0.4876,0.28235,0.5102373467010713,5.517434618479437,0.9535000000000001
1.0,False,polarized,0.0,0.5,global_trending,2,0.4619653091502318,0.24247156439419024,0.07,0.014013647690572504,0.9448684424905656,0.9163202502655744,0.945,0.15745654622118313,0.8795126656779767,0.265,0.6999999999999998,0.2214,0.487,0.2916,0.5140964206008379,5.84921195146708,0.9519999999999998
1.0,False,polarized,0.0,0.5,global_trending,3,0.4438879667584768,0.22743661762577141,0.06,0.02672057954950381,0.9647034115827583,0.9377043107387489,0.975,0.1541722995288837,0.903383270946708,0.265,0.7,0.2156,0.48535,0.29905,0.5188430310561258,5.378135210613397,0.93
1.0,False,polarized,0.0,0.5,global_trending,4,0.42700639818211544,0.20808395787779874,0.025,0.0069836345072020745,0.9362886058030939,0.90244260008146,0.955,0.16051356782714093,0.8787826956999942,0.26415000000000005,0.6984999999999999,0.2247,0.4785,0.2968,0.5042611180972001,5.616996558541325,0.9395
1.0,False,polarized,0.0,0.5,global_trending,5,0.4402500088655167,0.22379934509198152,0.02,-0.014422216800369054,0.9477651686562635,0.9138979539526999,0.955,0.15853868601688118,0.8871618107778795,0.2599,0.691,0.21105,0.4958,0.29315,0.505530189349451,6.293184197097336,0.9279999999999999
1.0,False,polarized,0.0,0.5,global_trending,6,0.44843002200381915,0.22993284503307498,0.045,-0.006729387914110805,0.9493425996310932,0.9222000792159938,0.96,0.15561806645402157,0.8905643108920819,0.26245000000000007,0.6954999999999998,0.2115,0.49375,0.29475,0.5247557537114098,6.5108555756550155,0.9275
1.0,False,polarized,0.0,0.5,global_trending,7,0.47262097537754405,0.2530506640592169,0.065,-0.038946053957043064,0.9505744381674455,0.916200228723049,0.96,0.15934942963596863,0.8914935710318898,0.2667,0.7029999999999998,0.22605,0.4648,0.30915,0.4987438373313641,3.9237256321928937,0.9325
1.0,False,polarized,0.0,0.5,global_trending,8,0.47290701674577607,0.25954695293125823,0.07,0.014501575191490116,0.9412339172300369,0.9106546320736904,0.935,0.16022625539901775,0.8847526819409254,0.265,0.7,0.2258,0.4837,0.2905,0.5118438757525845,5.4691861369685375,0.9395
1.0,False,polarized,0.0,0.5,global_trending,9,0.4395990313596741,0.21909060936072516,0.03,-0.014611694571978133,0.9502995390480891,0.9220035470605247,0.96,0.1628907226758699,0.8845842545014565,0.27095,0.7104999999999998,0.22055,0.49675,0.2827,0.523417990179528,6.386600438928634,0.9359999999999999
1.0,False,polarized,0.0,0.5,global_trending,10,0.4594755454577972,0.24634528318360474,0.05,0.04212013555785811,0.9480731365467363,0.9133004072868525,0.95,0.1651819134427302,0.8843316521137206,0.2709500000000001,0.7104999999999998,0.2296,0.48715,0.28325,0.504691679085403,5.80400724137699,0.9279999999999999
1.0,False,polarized,0.0,0.5,global_trending,11,0.43564058909059383,0.22057260599109488,0.03,0.0042225949677061345,0.9544823650354843,0.9220735125718198,0.95,0.15715620526084761,0.8944657093122802,0.26245000000000007,0.6954999999999998,0.21995,0.4842,0.29585,0.5195065159250598,6.613191865363958,0.935
1.0,False,polarized,0.0,0.5,global_trending,12,0.43799255562099515,0.22164037775196185,0.045,-0.050013212730848175,0.9387598791161176,0.9009824509592949,0.925,0.16451066600587935,0.8812900712205323,0.26330000000000003,0.6969999999999998,0.23175,0.4579,0.31035,0.494546303853204,3.8361612863529437,0.93
1.0,False,polarized,0.0,0.5,global_trending,13,0.4531080914340007,0.2313770598552798,0.045,-0.1017813621636485,0.9575392301137606,0.91715985171655,0.975,0.16608221294508405,0.9021600693901486,0.2667,0.7029999999999998,0.2315,0.462,0.3065,0.5021678574157836,2.7372125724733256,0.9405000000000001
1.0,False,polarized,0.0,0.5,global_trending,14,0.43955038764766785,0.2198437872085809,0.02,-0.06612687657258469,0.937824636664735,0.8990113192725088,0.945,0.16630198897366313,0.8790902308525586,0.26330000000000003,0.6969999999999998,0.2345,0.46925,0.29625,0.5036037984130214,3.484399909130943,0.9365000000000001
1.0,False,polarized,0.0,0.5,global_trending,15,0.44959766254713557,0.23223155766775114,0.065,0.07719181731620034,0.9330844801292233,0.8925816498852315,0.935,0.1705597908435554,0.879729045459663,0.26585000000000003,0.7014999999999999,0.24135,0.4506,0.30805,0.4807278900206707,3.3396974510142523,0.9355
1.0,False,polarized,0.0,0.5,global_trending,16,0.4596359412601092,0.2412515827626093,0.05,-0.05909143829045924,0.948030961224157,0.9092770151333024,0.955,0.1710473822051325,0.8849420483528629,0.27435000000000004,0.7164999999999999,0.23465,0.4776,0.28775,0.49766560410012145,3.440736553529041,0.9420000000000001
1.0,False,polarized,0.0,0.5,global_trending,17,0.4898308256625785,0.2699939590462611,0.07,-0.011262956052217525,0.9550093610634662,0.924657659858296,0.98,0.15693149423034986,0.8834719420838514,0.2709500000000001,0.7104999999999998,0.22005,0.48985,0.2901,0.5222325926690121,8.636898617164134,0.94
1.0,False,polarized,0.0,0.5,global_trending,18,0.46771204651010817,0.24828135534775858,0.06,0.07250362282845246,0.9461014569382882,0.9126994363207449,0.96,0.16368977582299585,0.8848349935023091,0.2667,0.7029999999999998,0.22805,0.4859,0.28605,0.5077075393329942,3.6143397556307444,0.9515
1.0,False,polarized,0.0,0.5,global_trending,19,0.46900843834250855,0.24932875769501472,0.07,-0.05866726032242028,0.9379255705563884,0.8989524964964862,0.925,0.16891126423305053,0.8811687055569862,0.2667,0.7029999999999998,0.2366,0.4637,0.2997,0.49509178501060624,3.581039917820192,0.936
1.0,False,polarized,0.0,0.5,global_trending,20,0.451669085496564,0.2371199521957645,0.05,-0.05870615579084067,0.9434864640508742,0.9083875181562527,0.935,0.16609800495342988,0.8855491363140812,0.26330000000000003,0.6969999999999998,0.23,0.47565,0.29435,0.5054331675896618,4.091321796449064,0.946
1.0,False,polarized,0.4,0.4,hybrid,1,0.44099362807698805,0.22615029232348405,0.035,-0.008113854618698919,0.8968323273343358,0.8404350960914901,0.88,0.2044634948983495,0.830795795657026,0.26925000000000004,0.7075,0.28345,0.4755,0.24105,0.4686487085336911,4.6277480263393755,0.9740000000000001
1.0,False,polarized,0.4,0.4,hybrid,2,0.4476651928576426,0.2325620153033217,0.06,0.031244187013697976,0.9174496082540713,0.8681517724480332,0.92,0.197246402138022,0.8566137011950238,0.265,0.6999999999999998,0.2803,0.4616,0.2581,0.4508328447457937,5.334905146021337,0.9634999999999999
1.0,False,polarized,0.4,0.4,hybrid,3,0.4562567945240484,0.2356634289560685,0.045,0.04006775558619781,0.9164902471691109,0.8679520941136757,0.925,0.19698078721686635,0.8586191358896373,0.265,0.7,0.2756,0.47005,0.25435,0.4641694113442034,4.303929203348384,0.9734999999999999
1.0,False,polarized,0.4,0.4,hybrid,4,0.41968996888464943,0.20755245618846768,0.02,-0.004088642987575181,0.9075406272492548,0.8548605455547197,0.92,0.1883606109127962,0.8426487962266901,0.26415000000000005,0.6984999999999999,0.2694,0.46365,0.26695,0.4462745429629466,5.001428738010403,0.961
1.0,False,polarized,0.4,0.4,hybrid,5,0.43696793294911856,0.2204642782154205,0.02,-0.014495574869177172,0.9154161607769328,0.867574213968732,0.925,0.18815965291043177,0.8544502230673509,0.2599,0.691,0.26625,0.47005,0.2637,0.46294533089129586,5.349466722555612,0.9595
1.0,False,polarized,0.4,0.4,hybrid,6,0.4309247112144466,0.2148419478521962,0.015,-0.017283578880825882,0.9008051007801291,0.8464235014376016,0.91,0.19185218615434535,0.8384554077999362,0.26245000000000007,0.6954999999999998,0.26715,0.4752,0.25765,0.4488269313916119,4.7242682148880215,0.966
1.0,False,polarized,0.4,0.4,hybrid,7,0.4380306121753682,0.22255576475827105,0.05,-0.051736222747027855,0.9090863303041123,0.8525932600997318,0.91,0.19748186483971075,0.8486926118771213,0.2667,0.7029999999999998,0.27235,0.46315,0.2645,0.45906542260991956,3.8130799463477887,0.9470000000000001
1.0,False,polarized,0.4,0.4,hybrid,8,0.445339314639273,0.2282529082945306,0.055,0.002845935501800607,0.9065351074695461,0.8521885628686389,0.9,0.19936499318708154,0.8425204345036323,0.265,0.7,0.27915,0.47275,0.2481,0.41943359113309514,5.087607975588454,0.9605000000000001
1.0,False,polarized,0.4,0.4,hybrid,9,0.4630155735517894,0.24665943436742455,0.05,-0.0035488998676523266,0.9064726670722236,0.8488923770397855,0.885,0.19982461647042804,0.8407860454202067,0.27095,0.7104999999999998,0.28195,0.4644,0.25365,0.44713480355501806,5.26206833487131,0.953
1.0,False,polarized,0.4,0.4,hybrid,10,0.4405530049993237,0.2215709340001969,0.03,0.04200125646418247,0.9222069913977162,0.8690818679679906,0.935,0.19722613917759624,0.8558453222430222,0.2709500000000001,0.7104999999999998,0.27595,0.47155,0.2525,0.45312593049066713,4.841430555828509,0.978
1.0,False,polarized,0.4,0.4,hybrid,11,0.44902810883081884,0.23068132662165441,0.05,-0.010455921767397952,0.9212463182633245,0.8719498926771274,0.93,0.19079880289166531,0.8583770064365348,0.26245000000000007,0.6954999999999998,0.2725,0.4703,0.2572,0.45914352820829935,5.699127460131318,0.971
1.0,False,polarized,0.4,0.4,hybrid,12,0.4481694288808063,0.23300624174781417,0.055,-0.059245046550436775,0.9170631911377203,0.8637354113134836,0.915,0.1923239528746168,0.8599274651666391,0.26330000000000003,0.6969999999999998,0.27905,0.4492,0.27175,0.4410121285058336,3.4831603461030634,0.9440000000000001
1.0,False,polarized,0.4,0.4,hybrid,13,0.4546547920041075,0.2381179775189063,0.03,-0.06772086369658718,0.8992721577896521,0.8364792133893044,0.875,0.2009735102426998,0.8362337177787511,0.2667,0.7029999999999998,0.2867,0.46315,0.25015,0.44052626420049346,3.311615525959747,0.9655
1.0,False,polarized,0.4,0.4,hybrid,14,0.4375627846523685,0.21910716142786607,0.035,-0.07501535848460555,0.8980171541562192,0.835448002494278,0.905,0.19907088233246845,0.8369885556808676,0.26330000000000003,0.6969999999999998,0.28725,0.4593,0.25345,0.4418234129733317,3.261671194067848,0.96
1.0,False,polarized,0.4,0.4,hybrid,15,0.4350954158398045,0.21266833159703147,0.02,0.038469259206185186,0.8981907037839756,0.8489820267104702,0.925,0.19670400169242433,0.8359958516724915,0.26585000000000003,0.7014999999999999,0.27535,0.4625,0.26215,0.40896763323401514,4.438303524163842,0.9395
1.0,False,polarized,0.4,0.4,hybrid,16,0.43583579032102526,0.21810000484091754,0.04,-0.056808189416312924,0.9082436454235472,0.8446478345119702,0.915,0.2041439798633415,0.8394432576328541,0.27435000000000004,0.7164999999999999,0.28885,0.4591,0.25205,0.4399578208925659,3.50280817719024,0.9605000000000001
1.0,False,polarized,0.4,0.4,hybrid,17,0.45752482258851357,0.24378672865952097,0.05,0.0001830324754060886,0.9183109389914713,0.8660605964866229,0.915,0.19729646981694277,0.8502533271974366,0.2709500000000001,0.7104999999999998,0.28715,0.4556,0.25725,0.4545506537136773,5.94568665441067,0.9555000000000001
1.0,False,polarized,0.4,0.4,hybrid,18,0.467458287424668,0.25806886393424927,0.1,0.057475108005079815,0.9102813767307285,0.8518708992558421,0.915,0.19609969263396723,0.8465300293253952,0.2667,0.7029999999999998,0.2765,0.4612,0.2623,0.4441843270534789,3.7132242434460814,0.9675
1.0,False,polarized,0.4,0.4,hybrid,19,0.45538725602610525,0.2351394896239065,0.055,-0.07059579791406195,0.9280515421769369,0.8730175473327901,0.93,0.19151174183118652,0.8632809703931081,0.2667,0.7029999999999998,0.279,0.4608,0.2602,0.4552428298841927,3.2286307871552387,0.9790000000000001
1.0,False,polarized,0.4,0.4,hybrid,20,0.4534525298833043,0.2378082169756477,0.07,-0.061381856942755116,0.9029294703927586,0.8469860403080571,0.905,0.1965750676571939,0.8433278599717662,0.26330000000000003,0.6969999999999998,0.2814,0.4572,0.2614,0.4497748502403839,3.8253844292246066,0.9545
1.0,False,polarized,0.0,0.0,individual_baseline,1,0.46045132270407557,0.24839738485526885,0.07,0.002924516469722378,0.8690070703262193,0.8073895193063093,0.86,0.3480071022411429,0.8511294359715671,0.26925000000000004,0.7075,0.5862,0.29745,0.11635,0.19089549485733215,3.740443583010654,1.0
1.0,False,polarized,0.0,0.0,individual_baseline,2,0.45940669836438225,0.24559865475626302,0.07,0.07641257978466465,0.8613850980763211,0.7894724713608277,0.86,0.3428761108553084,0.8458787590332341,0.265,0.6999999999999998,0.5839,0.2969,0.1192,0.2051500611428492,3.2940086115044336,1.0
1.0,False,polarized,0.0,0.0,individual_baseline,3,0.44708168406349075,0.22728594891283369,0.025,0.04029529693467209,0.8653111619651193,0.8003133020667624,0.885,0.34276191095308306,0.8481722761222809,0.265,0.7,0.5777,0.30265,0.11965,0.1773340819166365,3.6389081312916134,1.0
1.0,False,polarized,0.0,0.0,individual_baseline,4,0.4572174332004451,0.23575677502296316,0.045,0.002710144151633889,0.851206120877595,0.7860308095613575,0.85,0.34034763329502854,0.8349286337312907,0.26415000000000005,0.6984999999999999,0.58345,0.2957,0.12085,0.16147652964324713,3.413517763971183,1.0
1.0,False,polarized,0.0,0.0,individual_baseline,5,0.43248782373593,0.21814216586341778,0.03,-0.01657755005811623,0.8416748936267322,0.7760776591851244,0.845,0.3327103157107318,0.8264278110397061,0.2599,0.691,0.5616,0.31285,0.12555,0.16918462429594036,3.113306418503128,1.0
1.0,False,polarized,0.0,0.0,individual_baseline,6,0.4356693522059687,0.2228503377620802,0.035,0.014128694824128717,0.8521862479462482,0.7840760814158318,0.84,0.34373711163845583,0.8343732237954024,0.26245000000000007,0.6954999999999998,0.57535,0.30455,0.1201,0.1849508059438174,3.5455217467130242,1.0
1.0,False,polarized,0.0,0.0,individual_baseline,7,0.4657631996056733,0.2458697732807426,0.03,-0.0749598452380128,0.8561670730648651,0.7871043257663628,0.86,0.34108011536479826,0.8387393542240007,0.2667,0.7029999999999998,0.5864,0.2934,0.1202,0.1838749025378803,3.3627487586071716,1.0
1.0,False,polarized,0.0,0.0,individual_baseline,8,0.4620998313083302,0.23688157975108332,0.03,0.03668008546476072,0.8972502077357686,0.8377269228698211,0.91,0.3437840742329794,0.8767007089875127,0.265,0.7,0.5848,0.2969,0.1183,0.19242247741257257,4.8044692084920015,1.0
1.0,False,polarized,0.0,0.0,individual_baseline,9,0.4465215700733421,0.23260871320624069,0.07,-0.0328968787893922,0.8770254316767715,0.8115307245852423,0.87,0.34722556873999527,0.8626761814887363,0.27095,0.7104999999999998,0.582,0.30095,0.11705,0.1814622903060304,4.284033878937225,1.0
1.0,False,polarized,0.0,0.0,individual_baseline,10,0.48564765771661583,0.2673605943343074,0.065,0.04477449327400542,0.8738647672028256,0.81335905768109,0.89,0.34884352543060315,0.8581808676969351,0.2709500000000001,0.7104999999999998,0.5959,0.28795,0.11615,0.16792107646884147,3.746466779025972,1.0
1.0,False,polarized,0.0,0.0,individual_baseline,11,0.46519726129020106,0.2532013726164018,0.07,0.00044170970888858464,0.8582042836303461,0.7935042396689375,0.85,0.3397953697873819,0.8431736874715731,0.26245000000000007,0.6954999999999998,0.586,0.29285,0.12115,0.17700618967671958,3.595820096066192,1.0
1.0,False,polarized,0.0,0.0,individual_baseline,12,0.46003436286412763,0.2382190745068698,0.04,-0.1188834928468305,0.880638013992101,0.8103781976527707,0.89,0.3452678869397516,0.8642051481800724,0.26330000000000003,0.6969999999999998,0.584,0.298,0.118,0.16449419902317616,3.189398859757806,1.0
1.0,False,polarized,0.0,0.0,individual_baseline,13,0.4706582650831004,0.25075357460832903,0.05,-0.11819673716697487,0.8754152410172271,0.7990708217878089,0.88,0.3416088265708318,0.8597730226088326,0.2667,0.7029999999999998,0.583,0.297,0.12,0.16907977124977872,3.255086285801257,1.0
1.0,False,polarized,0.0,0.0,individual_baseline,14,0.45718431637057466,0.24417889993228784,0.075,-0.09591320442862764,0.8821574932774945,0.8069984629367355,0.88,0.34286190413288786,0.8643338954092004,0.26330000000000003,0.6969999999999998,0.5839,0.297,0.1191,0.19678996682175665,3.340034384782979,1.0
1.0,False,polarized,0.0,0.0,individual_baseline,15,0.45700912971721847,0.23790166221519105,0.07,0.1007028864810961,0.8554608310666447,0.7818264854327722,0.87,0.34321696467629503,0.834272450146709,0.26585000000000003,0.7014999999999999,0.5745,0.30605,0.11945,0.1790756043611148,3.3639597408983817,1.0
1.0,False,polarized,0.0,0.0,individual_baseline,16,0.4361690630780179,0.21768686428318199,0.045,-0.12255297833139717,0.8485913774140985,0.7663326787346929,0.85,0.34477533477794864,0.8321814424650248,0.27435000000000004,0.7164999999999999,0.5785,0.30265,0.11885,0.21833668616718016,3.231462477438907,1.0
1.0,False,polarized,0.0,0.0,individual_baseline,17,0.4358753473162085,0.22092451781098923,0.035,-0.024071411596686944,0.8328512817401398,0.7600516663186545,0.82,0.34558158931781047,0.8192149173548419,0.2709500000000001,0.7104999999999998,0.5675,0.31325,0.11925,0.17330179072450588,3.2161084619463587,1.0
1.0,False,polarized,0.0,0.0,individual_baseline,18,0.4405442523681172,0.2234320225860531,0.045,0.06823589800940023,0.8469697561161227,0.7743571592736143,0.85,0.342070765313762,0.8312157865493336,0.2667,0.7029999999999998,0.5776,0.30205,0.12035,0.17808914572333567,3.210216600489571,1.0
1.0,False,polarized,0.0,0.0,individual_baseline,19,0.4504492892608914,0.23071869706047798,0.05,-0.052594883013449945,0.8698773461399179,0.8050786873832391,0.87,0.3406692120760084,0.852524928011,0.2667,0.7029999999999998,0.5854,0.2941,0.1205,0.1688514255370454,3.8288236332600354,1.0
1.0,False,polarized,0.0,0.0,individual_baseline,20,0.44102752891494795,0.22245749567168777,0.03,-0.10215172102728674,0.8551061557526541,0.7768874603987795,0.86,0.34269194331155317,0.8401614279269457,0.26330000000000003,0.6969999999999998,0.57045,0.3087,0.12085,0.1956696680291901,3.488192527246363,1.0
1.0,False,polarized,0.5,0.0,local_cf,1,0.45887605584876423,0.24208533374953792,0.045,0.030228736498316134,0.8809589267180491,0.8096755879717387,0.885,0.35951563946830617,0.866772495174878,0.26925000000000004,0.7075,0.58095,0.3074,0.11165,0.15742436072920354,4.340487063164764,1.0
1.0,False,polarized,0.5,0.0,local_cf,2,0.43417296304951924,0.21825681340490838,0.055,0.04770144024544967,0.8319403207783427,0.7607335101235728,0.83,0.35110703579830366,0.814161264721563,0.265,0.6999999999999998,0.57265,0.31125,0.1161,0.17316279063554466,3.1725526496020224,1.0
1.0,False,polarized,0.5,0.0,local_cf,3,0.4207180508081894,0.20670426368454975,0.03,0.04985015175351263,0.8433508034393205,0.7650839013592564,0.835,0.3511667448752891,0.826630604562316,0.265,0.7,0.5804,0.3039,0.1157,0.17397645399202663,3.3572835396443934,1.0
1.0,False,polarized,0.5,0.0,local_cf,4,0.44442870563252185,0.2295669230859886,0.035,0.04321458142849639,0.8622392431732527,0.795242031280858,0.87,0.346740864046566,0.8444206791378649,0.26415000000000005,0.6984999999999999,0.586,0.29675,0.11725,0.16064999881853181,3.5384881886014488,1.0
1.0,False,polarized,0.5,0.0,local_cf,5,0.44408686816545917,0.22456882650914523,0.04,-0.02574321953024008,0.8575172998490064,0.7886031824387328,0.85,0.3420920688910606,0.8418369461503878,0.2599,0.691,0.57815,0.30175,0.1201,0.19628715508702144,3.735161296789791,1.0
1.0,False,polarized,0.5,0.0,local_cf,6,0.4638042727359042,0.24961762820982172,0.06,0.02528257170491266,0.8434546839399857,0.7752888799211108,0.845,0.3500029411908073,0.8315043037468609,0.26245000000000007,0.6954999999999998,0.5859,0.2984,0.1157,0.16905315313902175,3.304008598412633,1.0
1.0,False,polarized,0.5,0.0,local_cf,7,0.4156382383299184,0.20071736910147378,0.03,-0.06131304712262151,0.8321467803661028,0.7471194718860221,0.81,0.3463333916531867,0.8212630697390075,0.2667,0.7029999999999998,0.572,0.30935,0.11865,0.17633796567532875,3.209517107578331,1.0
1.0,False,polarized,0.5,0.0,local_cf,8,0.4614254866656375,0.24572677199724133,0.06,-0.006058072352281352,0.8669590090970998,0.8032122036193579,0.865,0.34819270327094853,0.8537311338609874,0.265,0.7,0.5834,0.2995,0.1171,0.16010934009476901,3.800099663719637,1.0
1.0,False,polarized,0.5,0.0,local_cf,9,0.47783154671995404,0.26190023134697893,0.055,-0.027185482116507603,0.8758226492582318,0.809989153674679,0.885,0.35689227146881014,0.8565676527748025,0.27095,0.7104999999999998,0.59435,0.2935,0.11215,0.1773469607116036,4.202472800399588,1.0
1.0,False,polarized,0.5,0.0,local_cf,10,0.4406887204825514,0.22563815686937994,0.035,0.014642498656706398,0.847742410712153,0.7702021361334288,0.85,0.3466157641589704,0.836297964686359,0.2709500000000001,0.7104999999999998,0.57915,0.3031,0.11775,0.1777210518977009,3.487780003520422,1.0
1.0,False,polarized,0.5,0.0,local_cf,11,0.4272381185154832,0.209872061125457,0.025,0.007678165525653524,0.8549453851210069,0.7813179667816066,0.835,0.34509247718855635,0.8395456812621572,0.26245000000000007,0.6954999999999998,0.5791,0.3023,0.1186,0.1764084520819854,3.802717276843774,1.0
1.0,False,polarized,0.5,0.0,local_cf,12,0.47211041766750866,0.2517697334882179,0.07,-0.11164943627861168,0.8676764776264441,0.7877885564992717,0.865,0.34486327771852177,0.8513526174021471,0.26330000000000003,0.6969999999999998,0.59295,0.28955,0.1175,0.15630117363478443,3.4950277816765825,1.0
1.0,False,polarized,0.5,0.0,local_cf,13,0.46827900806381373,0.2418088705381083,0.045,-0.11537404629344052,0.8763909336859891,0.8004656077446053,0.885,0.3522863988523792,0.8601781226983282,0.2667,0.7029999999999998,0.59035,0.295,0.11465,0.16911176133305383,3.289828535880196,1.0
1.0,False,polarized,0.5,0.0,local_cf,14,0.42976419782544495,0.210544852439326,0.035,-0.08485157399849425,0.8656512151289151,0.793273249136882,0.875,0.34142824866871907,0.8515462073074466,0.26330000000000003,0.6969999999999998,0.5831,0.2968,0.1201,0.18731695977296225,3.7540549043155966,1.0
1.0,False,polarized,0.5,0.0,local_cf,15,0.4475433215059884,0.22365179368906776,0.035,0.1052631056088071,0.8707704812307077,0.7964417347220742,0.89,0.3480054730434734,0.8577501343680605,0.26585000000000003,0.7014999999999999,0.5867,0.2963,0.117,0.16879345063012174,3.4677715181698523,1.0
1.0,False,polarized,0.5,0.0,local_cf,16,0.46203186746301284,0.24547613200322133,0.05,-0.06909000734874836,0.8563749939258054,0.7823551545634667,0.86,0.35373700387468276,0.843032328046194,0.27435000000000004,0.7164999999999999,0.59045,0.2959,0.11365,0.18720460709801232,3.441521559328162,1.0
1.0,False,polarized,0.5,0.0,local_cf,17,0.4402197369608162,0.2228451547447393,0.035,-0.019320090072842844,0.8708533090604267,0.8035063801219084,0.885,0.355417055271322,0.8540689524502758,0.2709500000000001,0.7104999999999998,0.5885,0.2982,0.1133,0.1616761657857962,4.159002895988672,1.0
1.0,False,polarized,0.5,0.0,local_cf,18,0.45529619737967975,0.2365494220854455,0.065,0.07420229573024625,0.8519047448300525,0.777450843115766,0.85,0.3510164401914396,0.8397817629639494,0.2667,0.7029999999999998,0.5839,0.30045,0.11565,0.1815632914898874,3.651726663158159,1.0
1.0,False,polarized,0.5,0.0,local_cf,19,0.46454546294040683,0.2449558068565837,0.05,-0.06791597869552973,0.8586972400581839,0.7874192827354303,0.86,0.349695913733243,0.8461539792373675,0.2667,0.7029999999999998,0.5966,0.2878,0.1156,0.16159990741765484,3.5644099902094917,1.0
1.0,False,polarized,0.5,0.0,local_cf,20,0.42580468940919675,0.2101975857396797,0.035,-0.1019888078407969,0.8255223525545066,0.7387994006111331,0.81,0.3518802324360064,0.8120528679323198,0.26330000000000003,0.6969999999999998,0.5639,0.3198,0.1163,0.19122923216945403,3.1623610923966154,1.0
0.2,True,polarized,0.0,0.5,global_trending,1,0.4505070807379717,0.23334150144163904,0.035,-0.03450677350339549,0.21475526226826872,0.17725600713272321,0.17,0.110878887864319,0.21991750372969382,0.4865849999999999,0.9532649999999999,0.7263,0.16,0.1137,0.16542328139281787,0.5936250320531602,0.8985
0.2,True,polarized,0.0,0.5,global_trending,2,0.4178397007632877,0.20416445308941156,0.03,0.0124585729229845,0.1293307279341499,0.08650299054037984,0.075,0.11752357094651071,0.13811701804097612,0.531925,1.0092,0.7948,0.15195,0.05325,0.1392078458962622,0.4918308690966201,0.9510000000000001
0.2,True,polarized,0.0,0.5,global_trending,3,0.4439372476155013,0.23044525008721045,0.035,-0.014525372040878705,0.1575586385921494,0.11525384117093906,0.11,0.11579291035532335,0.16050390583474328,0.51152,0.98565,0.7607,0.1698,0.0695,0.14705132548901972,0.5238605567652203,0.945
0.2,True,polarized,0.0,0.5,global_trending,4,0.4510409292305751,0.23804482805810498,0.075,-0.03452828879869535,0.17627773037545963,0.1280503173338261,0.115,0.11496616588698742,0.18012120817864016,0.50711,0.9749849999999999,0.7477,0.17165,0.08065,0.16612731223706678,0.5409751018195541,0.9280000000000002
0.2,True,polarized,0.0,0.5,global_trending,5,0.4352616357907783,0.22217361894511164,0.045,0.03986925759612802,0.165884509102223,0.12143379455942695,0.115,0.11533165954848484,0.17604143314611462,0.505835,0.969925,0.7496,0.17545,0.07495,0.1575768250119839,0.5388619073901427,0.9384999999999999
0.2,True,polarized,0.0,0.5,global_trending,6,0.4435014258103825,0.22753679344254116,0.05,-0.04473254227876361,0.23384333699326076,0.16698568489044202,0.155,0.11242165644902272,0.23235644385619852,0.49135000000000006,0.951815,0.72855,0.1722,0.09925,0.17371497301455874,0.5741315173008493,0.909
0.2,True,polarized,0.0,0.5,global_trending,7,0.45173491184403647,0.23184173010122314,0.055,0.06151912355983836,0.1689370667710921,0.13101004542850542,0.13,0.11462800141844504,0.17713078459749837,0.50836,0.978485,0.75305,0.16125,0.0857,0.15542334010312575,0.5367800744749628,0.9175
0.2,True,polarized,0.0,0.5,global_trending,8,0.4614484194568962,0.242742735081927,0.045,-0.04451219658306198,0.19624291396945928,0.15490802688852817,0.145,0.11306902608577885,0.20206239832054065,0.497405,0.9645249999999999,0.74035,0.16625,0.0934,0.16434190520124212,0.5758150251940938,0.9129999999999999
0.2,True,polarized,0.0,0.5,global_trending,9,0.45368088081095354,0.2387556766768567,0.045,-0.03816169388363662,0.19214875508499268,0.14577451806188507,0.14,0.1135841480419156,0.19739285999924414,0.5031599999999999,0.9785349999999999,0.75365,0.16,0.08635,0.16558204687727138,0.5424268433816053,0.9304999999999999
0.2,True,polarized,0.0,0.5,global_trending,10,0.4431156121247821,0.22793784141733503,0.06,0.05462215138991816,0.17634927044578838,0.13212978928282054,0.13,0.11403572531525633,0.18614397863407803,0.5117499999999999,0.9882950000000001,0.76865,0.14045,0.0909,0.1568873855548315,0.5173354840493677,0.9125
0.2,True,polarized,0.0,0.5,global_trending,11,0.4539470772190657,0.23515712586112492,0.035,-0.006674290378039298,0.19229288424792884,0.1560188396167959,0.15,0.11245574681732083,0.2048073471311558,0.49986499999999995,0.961705,0.74275,0.16095,0.0963,0.16593599705975193,0.5530457940569382,0.9154999999999999
0.2,True,polarized,0.0,0.5,global_trending,12,0.46467444830260135,0.25048707065385634,0.065,0.003280670211667163,0.21088606624196843,0.171696933427926,0.165,0.11195419129737455,0.21421592645844725,0.48423499999999997,0.944045,0.7131,0.1759,0.111,0.1684558096562329,0.5788490686181608,0.8889999999999999
0.2,True,polarized,0.0,0.5,global_trending,13,0.4629883338942509,0.23679833027388691,0.055,-0.0023864596476094,0.16022214184074837,0.10773101095076835,0.1,0.11644591703498715,0.16132863685855361,0.5203699999999999,0.997735,0.7686,0.16385,0.06755,0.13957217016231144,0.5212549901470047,0.9440000000000001
0.2,True,polarized,0.0,0.5,global_trending,14,0.47211282806048005,0.2544376120115857,0.085,-0.011762474492394174,0.22134561331274816,0.16895264040032615,0.16,0.1121701699711395,0.2216676653406479,0.48821999999999993,0.9497950000000001,0.71845,0.1684,0.11315,0.17558448454887352,0.5686838796097449,0.8909999999999999
0.2,True,polarized,0.0,0.5,global_trending,15,0.4392777740996674,0.22053106040856904,0.035,-0.06717100716638899,0.1834974910538315,0.1363130066570332,0.135,0.11434049938975241,0.1910163559077418,0.5058149999999999,0.97674,0.7521,0.1686,0.0793,0.17405685096311999,0.5448380404642954,0.9235
0.2,True,polarized,0.0,0.5,global_trending,16,0.440763577638876,0.21812223700116212,0.05,0.006841482299055408,0.12653641389182457,0.08507620585509056,0.08,0.11798539942543507,0.13529452200507863,0.53275,1.02061,0.7964,0.14855,0.05505,0.140549504099446,0.4818694025613042,0.9465
0.2,True,polarized,0.0,0.5,global_trending,17,0.4513930807706716,0.2371631370921716,0.04,0.0016329447799912822,0.15478475925133592,0.11547367890932367,0.11,0.11601346683378887,0.16105619649331396,0.5205649999999999,0.99957,0.77365,0.14845,0.0779,0.15497651370674992,0.5069036168967215,0.9294999999999999
0.2,True,polarized,0.0,0.5,global_trending,18,0.4552507944062875,0.23994092337616912,0.055,-0.026843565383767105,0.18105501580415276,0.1369435528086724,0.135,0.11418354720049273,0.18367524295254228,0.510875,0.9815200000000001,0.7613,0.1429,0.0958,0.15865273433389568,0.5309424890784293,0.9159999999999999
0.2,True,polarized,0.0,0.5,global_trending,19,0.4351028219725758,0.22069198149575012,0.055,-0.05374320986376089,0.14546066559627677,0.09954372256257811,0.095,0.11614267729242272,0.15684196581740692,0.52118,0.997085,0.77845,0.1589,0.06265,0.13779927757262522,0.4922909252420008,0.9455
0.2,True,polarized,0.0,0.5,global_trending,20,0.4408864135657879,0.22539606447243024,0.03,0.04279246076059027,0.14988213834593828,0.11299679096054785,0.11,0.11581945969512734,0.16445462172746317,0.517595,0.9865900000000001,0.7709,0.1514,0.0777,0.14022553699077128,0.501781122133257,0.9365000000000001
0.2,True,polarized,0.4,0.4,hybrid,1,0.4578956575159278,0.24486806156684737,0.065,0.004640738872624724,0.1145177592843875,0.06980481909435805,0.06,0.11918240294568065,0.11481462788022677,0.544605,1.0301049999999998,0.8204,0.1345,0.0451,0.1395448095736717,0.4784132845076023,0.9605
0.2,True,polarized,0.4,0.4,hybrid,2,0.4654554093343226,0.2520277521323839,0.07,-0.03762168812742385,0.1445549443498879,0.10224930708678613,0.095,0.11651357431027778,0.14871601138659096,0.53055,1.0055500000000002,0.8035,0.13055,0.06595,0.14644400945396308,0.5141264829932177,0.9440000000000001
0.2,True,polarized,0.4,0.4,hybrid,3,0.47867794408843706,0.258478748644165,0.05,-0.025464588918584368,0.14510616237569393,0.10613549392949678,0.1,0.11631275346832709,0.14792295535747765,0.5234000000000001,0.99738,0.78725,0.1452,0.06755,0.13306624566032732,0.49921867044073964,0.951
0.2,True,polarized,0.4,0.4,hybrid,4,0.4530201873880847,0.23814088437080713,0.035,0.010421146035212102,0.10589689865065095,0.06334876701839749,0.06,0.11925314019816273,0.11736698357477561,0.5511050000000001,1.030195,0.8318,0.126,0.0422,0.12833657124718942,0.46367847402594536,0.9694999999999999
0.2,True,polarized,0.4,0.4,hybrid,5,0.44082510344815434,0.22498748008844852,0.045,-0.015175864630276774,0.1217071005908344,0.08181608275858238,0.075,0.11870457041370494,0.12397595219258077,0.5365850000000001,1.0083350000000002,0.80545,0.1415,0.05305,0.12610992923686143,0.46661755841495883,0.955
0.2,True,polarized,0.4,0.4,hybrid,6,0.4574081884915215,0.24535972999593475,0.065,-0.04343324570982961,0.16493564930412674,0.1107700814949948,0.11,0.11555549963465868,0.1706885875612069,0.52,0.98994,0.785,0.14195,0.07305,0.15104933752546934,0.5248952992742746,0.9415
0.2,True,polarized,0.4,0.4,hybrid,7,0.45298506533680505,0.22725870600072653,0.03,0.03793434120265299,0.10498491884904584,0.06091377163863404,0.055,0.11930905711905443,0.11493876490447676,0.549605,1.033735,0.8294,0.1272,0.0434,0.12826284858015374,0.4865273051245465,0.9630000000000001
0.2,True,polarized,0.4,0.4,hybrid,8,0.4562721009751115,0.2383782477485255,0.045,-0.01729815231454206,0.1368939819261884,0.0960195661735509,0.09,0.11653997441864704,0.14220849977520525,0.533135,1.00736,0.80525,0.12825,0.0665,0.13932913937751518,0.4924059811824069,0.9440000000000001
0.2,True,polarized,0.4,0.4,hybrid,9,0.46220125497939546,0.24527947661401842,0.035,0.017796303950828332,0.10693543157321043,0.0667113894283535,0.06,0.11908370779996534,0.11099982580836158,0.5497299999999999,1.03737,0.8306,0.1258,0.0436,0.13173860463940648,0.45911132539575733,0.9640000000000001
0.2,True,polarized,0.4,0.4,hybrid,10,0.4548463054390667,0.23855519411807008,0.06,0.039830380768120094,0.12467358000672381,0.0778740918947845,0.075,0.11849829087210573,0.13592570963915626,0.547935,1.033315,0.8309,0.1094,0.0597,0.1361694630957634,0.45281502744777924,0.9490000000000001
0.2,True,polarized,0.4,0.4,hybrid,11,0.42130830043527934,0.20296510663149714,0.025,-0.005898124061448038,0.09306473205863948,0.052243927831310134,0.045,0.12039204429584789,0.10203047309045378,0.5592349999999999,1.039645,0.8481,0.1173,0.0346,0.11569374386120293,0.4358942100164056,0.973
0.2,True,polarized,0.4,0.4,hybrid,12,0.44417109642440245,0.224619254760432,0.045,0.01612123260184708,0.11707594752953529,0.07475497320506648,0.07,0.11813514930476615,0.12145921114492186,0.5450999999999999,1.0214999999999999,0.82255,0.12685,0.0506,0.1372931782373265,0.4788267662740274,0.9540000000000001
0.2,True,polarized,0.4,0.4,hybrid,13,0.4521904636225697,0.23583272986316764,0.065,0.027902568141569314,0.13075563599757578,0.09006364526066016,0.085,0.11754906274857563,0.1380503252368202,0.5411349999999999,1.02234,0.8231,0.11635,0.06055,0.13806278486739443,0.49217345328676837,0.9435000000000001
0.2,True,polarized,0.4,0.4,hybrid,14,0.4628651865464954,0.24755350158741143,0.09,0.006127514880958274,0.11866357004433131,0.07944501257187953,0.075,0.11798898187250234,0.1275998555419694,0.5439,1.0205600000000001,0.82265,0.1197,0.05765,0.12822972302972918,0.46544613440791216,0.949
0.2,True,polarized,0.4,0.4,hybrid,15,0.42712896713700355,0.20772946737634485,0.025,-0.03971593076165549,0.10488289468965405,0.06640431538770686,0.065,0.11846862520200332,0.11586618352577642,0.5502549999999999,1.0312700000000001,0.83905,0.1116,0.04935,0.13921289367246625,0.4414960992042894,0.959
0.2,True,polarized,0.4,0.4,hybrid,16,0.4618062973372814,0.2396954407447108,0.035,-0.02554277427833318,0.11062430827339816,0.06260214528640401,0.06,0.11942619793375134,0.1161274186633926,0.55145,1.0432050000000002,0.83355,0.12645,0.04,0.12342328876926961,0.44541337344078547,0.97
0.2,True,polarized,0.4,0.4,hybrid,17,0.4499949900462339,0.23525363473403174,0.055,-0.0006612266198300432,0.11509131510929226,0.0766936227173981,0.075,0.11825110496012232,0.12205107745690313,0.5456449999999999,1.033275,0.8302,0.1222,0.0476,0.12950930642546132,0.4569883293920878,0.9670000000000001
0.2,True,polarized,0.4,0.4,hybrid,18,0.4492173632148808,0.23362917020087537,0.05,0.0231017785051465,0.12266587678292719,0.07977066328320175,0.075,0.1185796240187614,0.12826603852074092,0.54277,1.0242099999999998,0.82055,0.13075,0.0487,0.13608508262519814,0.46745515268375126,0.9619999999999999
0.2,True,polarized,0.4,0.4,hybrid,19,0.4399594978651796,0.23042784527734406,0.07,-0.0007612020519054984,0.13376990312205866,0.09335296680405243,0.09,0.11706396742462706,0.14109715673438686,0.541955,1.0228700000000002,0.8234,0.11865,0.05795,0.13781748535496197,0.4724639533242407,0.9515
0.2,True,polarized,0.4,0.4,hybrid,20,0.4443131070571553,0.2285117763067054,0.04,0.035825034452709056,0.11902573656596793,0.07464744310728276,0.07,0.11826391820737576,0.12459546489996098,0.5449799999999999,1.023055,0.823,0.1285,0.0485,0.13586976684802787,0.5151706380459221,0.9584999999999999
0.2,True,polarized,0.0,0.0,individual_baseline,1,0.4668609586212769,0.2453650792035254,0.055,0.006490522193838471,0.49496011255799016,0.3041706402048642,0.17,0.12282551470248664,0.49195244528468074,0.5999499999999999,1.10782,0.95285,0.04705,0.0001,0.10888780773303325,2.030546103622802,1.0
0.2,True,polarized,0.0,0.0,individual_baseline,2,0.43506365169353584,0.22232045160278577,0.03,0.011512966741298087,0.43328608681925446,0.252165374949972,0.14,0.12255749662439783,0.439784064433104,0.5998999999999998,1.105585,0.9562,0.0435,0.0003,0.10482099673259825,1.692466440469799,1.0
0.2,True,polarized,0.0,0.0,individual_baseline,3,0.45064562299817873,0.23873278035557605,0.06,0.008688586050301272,0.4722262559909472,0.28612972224644506,0.165,0.12274219838256543,0.47631048053443537,0.5997749999999998,1.10462,0.9551,0.0448,0.0001,0.10015293473549074,1.875829608596311,1.0
0.2,True,polarized,0.0,0.0,individual_baseline,4,0.4442250039909191,0.2298041902946619,0.055,0.02259727081666363,0.45120270321433714,0.26619731426223725,0.135,0.12259875602214876,0.45691015403189295,0.5998999999999998,1.102755,0.9532,0.0464,0.0004,0.1005495939439141,1.8031754574181447,1.0
0.2,True,polarized,0.0,0.0,individual_baseline,5,0.43906114987840866,0.21671092296708758,0.02,-0.01473135195144264,0.4508442613106564,0.2712020905156162,0.165,0.12281979933251862,0.45189889139196265,0.5999849999999999,1.098465,0.951,0.0488,0.0002,0.1086269576858993,1.7279862386239038,1.0
0.2,True,polarized,0.0,0.0,individual_baseline,6,0.4426068914025628,0.22571694180924964,0.035,0.02687922872020466,0.46427427338396726,0.2771585105810504,0.18,0.12266955428604595,0.47054229388777813,0.5999599999999998,1.1006299999999998,0.95115,0.04845,0.0004,0.09872648859765343,1.8180791766840267,1.0
0.2,True,polarized,0.0,0.0,individual_baseline,7,0.43133248537533275,0.21383429920823085,0.04,-0.0375397120444012,0.43540589956315,0.24271735852648477,0.115,0.12270602084718424,0.4386020443636552,0.5998249999999998,1.10486,0.95215,0.04755,0.0003,0.10254197748205961,1.7413438996333028,1.0
0.2,True,polarized,0.0,0.0,individual_baseline,8,0.4600385487200863,0.24621083044909697,0.045,-0.037532688173253545,0.4706576409569192,0.2837957968388196,0.155,0.122776763944272,0.4740660458140419,0.5999099999999998,1.10389,0.95215,0.04765,0.0002,0.10232546141361562,1.8791808843992348,1.0
0.2,True,polarized,0.0,0.0,individual_baseline,9,0.457960677500913,0.2440319274343339,0.055,-0.01574480686622416,0.47038532988244386,0.28209477526702,0.175,0.12245639009997289,0.4763355220314361,0.5999549999999999,1.1123349999999999,0.95885,0.04085,0.0003,0.09637379280395769,1.8935351326795589,1.0
0.2,True,polarized,0.0,0.0,individual_baseline,10,0.4496503755973629,0.23718923745505877,0.045,0.039688899080187974,0.4899539869286978,0.3007007125083196,0.205,0.12259903547711878,0.4917596388103666,0.5999599999999998,1.111215,0.95695,0.04285,0.0002,0.10206029637273857,1.8947083376095706,1.0
0.2,True,polarized,0.0,0.0,individual_baseline,11,0.45985046197827545,0.2461583381342356,0.085,-0.009668948925719408,0.4701373851984995,0.29410262976206225,0.205,0.12257157762352584,0.4714221458152245,0.5999999999999999,1.10208,0.9538,0.0458,0.0004,0.09612034392999273,1.7392640684332648,1.0
0.2,True,polarized,0.0,0.0,individual_baseline,12,0.45031744640062976,0.23941263011325145,0.07,-0.03493848586853742,0.4511340421688449,0.2674866667862184,0.155,0.12278783502574582,0.4551558037865236,0.5999999999999999,1.102155,0.95285,0.047,0.00015,0.10709187173927524,1.7754464149809346,1.0
0.2,True,polarized,0.0,0.0,individual_baseline,13,0.4374130441965166,0.21508463672746786,0.035,-0.08762499458620283,0.45365351992168734,0.26496363228923797,0.145,0.1224563365685026,0.4548071885664251,0.5999599999999998,1.1077199999999998,0.9579,0.04175,0.00035,0.09516542392521067,1.7111136770700903,1.0
0.2,True,polarized,0.0,0.0,individual_baseline,14,0.442278970989667,0.22460026334237937,0.045,-0.03280546447184998,0.46980856406482985,0.28712906576931946,0.175,0.12261224475912433,0.47307335375785003,0.5998099999999998,1.1024949999999998,0.9537,0.04595,0.00035,0.10198459799019222,1.81105188629072,1.0
0.2,True,polarized,0.0,0.0,individual_baseline,15,0.4519709821707413,0.22929225639496903,0.055,0.047377327313266104,0.4521187732110593,0.26727538476583573,0.13,0.12268462529522112,0.4558043460136701,0.5999749999999999,1.10549,0.95465,0.04515,0.0002,0.10825982491335098,1.7651634048100373,1.0
0.2,True,polarized,0.0,0.0,individual_baseline,16,0.4457973589416511,0.22581014199571503,0.04,-0.04781979483756102,0.44842070200662915,0.2589747981128492,0.135,0.12266435698814517,0.4589162254768281,0.5999999999999999,1.115575,0.9591,0.0409,0.0,0.10824104806583655,1.8184159849674206,1.0
0.2,True,polarized,0.0,0.0,individual_baseline,17,0.45520274585104886,0.23735515716059644,0.055,0.011952182648239934,0.4580990819132339,0.26970752469541753,0.155,0.12262307303951146,0.4641097400823145,0.5999999999999999,1.111355,0.9573,0.04255,0.00015,0.11012673880298507,1.8654172695476239,1.0
0.2,True,polarized,0.0,0.0,individual_baseline,18,0.4306674368237013,0.2137287394287651,0.03,0.03382931764741687,0.4479771350995725,0.27232803127132743,0.19,0.12263630789168613,0.4512053095450868,0.5999499999999999,1.104855,0.9521,0.0475,0.0004,0.09922427252747999,1.6618132391465763,1.0
0.2,True,polarized,0.0,0.0,individual_baseline,19,0.4604018993875906,0.23730044093781189,0.055,-0.02154492482197595,0.47408452712217497,0.28578760124012254,0.19,0.12269871314368888,0.4780183992179799,0.5998999999999999,1.106455,0.95525,0.0446,0.00015,0.10672156145897642,1.8635782687128184,1.0
0.2,True,polarized,0.0,0.0,individual_baseline,20,0.45287684826840674,0.23664653046805742,0.04,-0.03280351210132492,0.47228511260038636,0.2802234954387052,0.15,0.12285290908570232,0.4792841487899604,0.5998999999999998,1.10177,0.9521,0.0478,0.0001,0.09887736377925403,1.9060414446868483,1.0
0.2,True,polarized,0.5,0.0,local_cf,1,0.4557928306693561,0.2362735794276417,0.04,0.012343911169392463,0.4537716940825846,0.2636352147846896,0.125,0.12241276271958966,0.45640367620361133,0.5999999999999999,1.1117399999999997,0.962,0.0378,0.0002,0.09744174094018472,1.8851820508172616,1.0
0.2,True,polarized,0.5,0.0,local_cf,2,0.46286152238377215,0.24924015001071698,0.065,-0.01760857949726002,0.4498497302850273,0.2592312115663896,0.14,0.12247037520545151,0.4542056661252477,0.5999999999999999,1.1058949999999999,0.9575,0.04215,0.00035,0.10440713150271719,1.8855327588899349,1.0
0.2,True,polarized,0.5,0.0,local_cf,3,0.4314530003605776,0.2172347800810941,0.04,0.003462520753257108,0.4466951219190517,0.2545272074664196,0.12,0.12236009266866084,0.45353731026535044,0.5999999999999999,1.1083749999999997,0.9624,0.03735,0.00025,0.09326484036979428,1.9004504140698562,1.0
0.2,True,polarized,0.5,0.0,local_cf,4,0.45128368657510465,0.23240173381201032,0.015,0.01552913595220069,0.448584333475314,0.2691408576843116,0.175,0.12244610966218332,0.45101175686485584,0.5999749999999999,1.1060999999999999,0.9601,0.03965,0.00025,0.09353355429566655,1.710133115021556,1.0
0.2,True,polarized,0.5,0.0,local_cf,5,0.45642862479078333,0.23605435032283964,0.03,0.012031538855669264,0.4505451292404817,0.25753581762365124,0.13,0.12256508161273429,0.45364567067279915,0.5999999999999999,1.100535,0.9559,0.0438,0.0003,0.08992969025766379,1.9261452793630558,1.0
0.2,True,polarized,0.5,0.0,local_cf,6,0.4487349801818831,0.2306923246139288,0.035,-0.029326904630535697,0.4388651185888834,0.2451651112942736,0.105,0.12239981524304681,0.4364662206811111,0.5999999999999999,1.10452,0.95935,0.0403,0.00035,0.09730062321347788,1.8948754408877384,1.0
0.2,True,polarized,0.5,0.0,local_cf,7,0.4560624928224707,0.24006496057790813,0.06,-0.07047595675729329,0.42583452397273575,0.2296143020245404,0.105,0.12260864723351698,0.4288841035848817,0.5999249999999998,1.1080949999999998,0.95865,0.04125,0.0001,0.09174002612715162,1.8526435609041843,1.0
0.2,True,polarized,0.5,0.0,local_cf,8,0.45183310330971055,0.2357182932888535,0.055,-0.023886347304661274,0.4719089938394882,0.28266633537304353,0.17,0.1225136990521267,0.47179398616430207,0.5999749999999999,1.1066,0.95825,0.0415,0.00025,0.09242230804015779,1.9296553068171938,1.0
0.2,True,polarized,0.5,0.0,local_cf,9,0.4520813692391372,0.23449767822681317,0.065,-0.006871353021259032,0.44981540114593954,0.2583839244262308,0.13,0.12233550041376383,0.44496663553700505,0.5999999999999999,1.11336,0.9621,0.0376,0.0003,0.1070887128903226,1.900678975948729,1.0
0.2,True,polarized,0.5,0.0,local_cf,10,0.4583592564645024,0.24470646355546344,0.05,0.022243433749246488,0.46631231864066736,0.27558724272197654,0.16,0.12237615730471633,0.46986216281460585,0.5999999999999999,1.11291,0.96105,0.03865,0.0003,0.0947329904544576,1.9340189064031184,1.0
0.2,True,polarized,0.5,0.0,local_cf,11,0.4499081514146593,0.23841500035419777,0.05,-0.011074320425806916,0.45724231550933625,0.2752329477109273,0.165,0.12252233332620738,0.4628293610665071,0.5998499999999999,1.10385,0.95805,0.0417,0.00025,0.10171883828260374,1.7696556403596229,1.0
0.2,True,polarized,0.5,0.0,local_cf,12,0.45596781438652895,0.23510913494160016,0.03,-0.041851745000896015,0.43474474206707453,0.2421710490679488,0.125,0.12253042121012683,0.43263061227654004,0.5998999999999998,1.1047749999999998,0.9578,0.04195,0.00025,0.09234053041625369,1.8520004886006196,1.0
0.2,True,polarized,0.5,0.0,local_cf,13,0.4646831149509647,0.23915608495774746,0.045,-0.06641430963368986,0.44714898541760606,0.24832336840668812,0.105,0.12236005114267705,0.4435345014119789,0.5999999999999999,1.10873,0.95945,0.04015,0.0004,0.10088014553084534,1.7696728731874878,1.0
0.2,True,polarized,0.5,0.0,local_cf,14,0.44696814808736074,0.23020196138684335,0.06,-0.007033906470034097,0.46746804442480794,0.27520899623165496,0.16,0.12258161984183472,0.47197666039660435,0.5999999999999999,1.10395,0.95645,0.0433,0.00025,0.09344930412684122,1.9373397671612083,1.0
0.2,True,polarized,0.5,0.0,local_cf,15,0.44166862618809893,0.21656272157032597,0.025,0.040656652838583954,0.4699007534203571,0.27757516232284113,0.175,0.12273490987771009,0.4754867274778929,0.5999749999999999,1.105745,0.95525,0.04465,0.0001,0.09166983619048441,1.880935671339331,1.0
0.2,True,polarized,0.5,0.0,local_cf,16,0.45235615915082245,0.23012308966310668,0.045,-0.05470094029900717,0.4641646658475493,0.2763069645592012,0.17,0.12231077447314842,0.46019201465376947,0.5999999999999999,1.1170849999999999,0.9628,0.0369,0.0003,0.09385581471081057,1.7609151620370753,1.0
0.2,True,polarized,0.5,0.0,local_cf,17,0.4529381224890642,0.23798740153867712,0.045,0.019599741885926884,0.4543899401068981,0.2630185549127072,0.13,0.12259406433790178,0.4550890171795898,0.5998699999999998,1.112345,0.959,0.0409,0.0001,0.0969772613482575,1.8942042309208806,1.0
0.2,True,polarized,0.5,0.0,local_cf,18,0.45287972975562624,0.23563087405690702,0.05,0.024674520086435177,0.44314184890993874,0.2560350012137068,0.125,0.12252228429004448,0.444122173224754,0.5999999999999999,1.107775,0.95805,0.0417,0.00025,0.08985223804467393,1.727491872389506,1.0
0.2,True,polarized,0.5,0.0,local_cf,19,0.4631213841438084,0.24313420909245156,0.06,-0.026275836679518817,0.4420539063950558,0.25803274561192047,0.165,0.12241242317976367,0.4451909038094597,0.5999999999999999,1.1078299999999999,0.9581,0.0415,0.0004,0.10291764824218143,1.7316655245947632,1.0
0.2,True,polarized,0.5,0.0,local_cf,20,0.4768477971087027,0.25453372975403155,0.08,-0.026723190065169652,0.4914644445924622,0.29673427551347187,0.18,0.12251805500745863,0.49283835032917067,0.5999499999999999,1.1056549999999998,0.9601,0.03975,0.00015,0.09454011411847808,2.0022825616495017,1.0
0.5,True,polarized,0.0,0.5,global_trending,1,0.4463405437930653,0.23205964668410795,0.05,0.025964947783466627,0.5607843783551119,0.48664437096218593,0.46,0.17072098098397517,0.5389319135289755,0.34161,0.7468049999999994,0.4084,0.27965,0.31195,0.3724346279439294,1.3036621137474493,0.8475
0.5,True,polarized,0.0,0.5,global_trending,2,0.46430402696408973,0.24339147470630335,0.03,0.05610982194807256,0.591604168700655,0.527792079044683,0.51,0.1619079828999235,0.572815130750045,0.32158499999999995,0.7115449999999993,0.3762,0.26565,0.35815,0.384979693980506,1.3723356306245973,0.8005000000000001
0.5,True,polarized,0.0,0.5,global_trending,3,0.45718869209483176,0.24259479944898182,0.05,-0.03471532809492737,0.5684730592026658,0.5081834527053293,0.49,0.1668831516909264,0.5474960086691096,0.32876,0.7264249999999993,0.3835,0.2787,0.3378,0.36476868386122724,1.3175155891380195,0.8125
0.5,True,polarized,0.0,0.5,global_trending,4,0.45688861650490453,0.23617642555051194,0.04,0.011468627816568402,0.573117717697338,0.5058988079765592,0.49,0.16762651083907237,0.5557676953977464,0.32927999999999996,0.7234849999999993,0.38635,0.2792,0.33445,0.36969966757298406,1.3253749156191685,0.8144999999999999
0.5,True,polarized,0.0,0.5,global_trending,5,0.44438221246763576,0.23234035640603448,0.055,0.0328377696266073,0.6038697405412629,0.5506868849755839,0.53,0.15752543354622223,0.5905880899959998,0.30517999999999995,0.6891099999999993,0.36115,0.26975,0.3691,0.38260011956711265,1.3996504614062693,0.7985
0.5,True,polarized,0.0,0.5,global_trending,6,0.45556410893250016,0.24001821045588137,0.065,-0.013134887738077552,0.5954535538385329,0.5286899102850937,0.505,0.1608181073764213,0.5764358819587939,0.31884499999999993,0.7085849999999994,0.37675,0.28,0.34325,0.3577710739994939,1.4212418129504976,0.8360000000000001
0.5,True,polarized,0.0,0.5,global_trending,7,0.4483481001024714,0.23099142511718798,0.05,0.04618388834604425,0.575500655676456,0.5064845132296678,0.48,0.16659864328655602,0.5460581895085156,0.329785,0.7310199999999992,0.38895,0.29555,0.3155,0.3751056331710567,1.3667554642923543,0.843
0.5,True,polarized,0.0,0.5,global_trending,8,0.43423098624256923,0.21818558392007922,0.035,0.012262491828970682,0.5701900319124767,0.493470894389271,0.46,0.1665080183651,0.5362233976228606,0.329465,0.7241299999999993,0.38455,0.29105,0.3244,0.3531428161094074,1.3691669078226225,0.8525
0.5,True,polarized,0.0,0.5,global_trending,9,0.4488324133246471,0.22767938139984176,0.035,-0.054440873828214276,0.5667046244644435,0.493943216533639,0.475,0.17064888028785627,0.5397662378427518,0.33881,0.7421049999999992,0.39025,0.30475,0.305,0.369762175750691,1.362371049047425,0.8680000000000001
0.5,True,polarized,0.0,0.5,global_trending,10,0.448606444080311,0.23348688136840146,0.06,0.027069174227935214,0.5569539896623705,0.49282724968896735,0.48,0.17045650516663435,0.5369666287597247,0.3401949999999999,0.7488449999999992,0.4042,0.2814,0.3144,0.35810553211948615,1.3023532268893534,0.84
0.5,True,polarized,0.0,0.5,global_trending,11,0.47780831387742595,0.25993927744284706,0.06,0.039788685238926966,0.6026600697321252,0.5285836889089681,0.505,0.1619852947355364,0.5777403995165271,0.31873999999999997,0.7057649999999992,0.36455,0.294,0.34145,0.37887582889911464,1.46836675209722,0.816
0.5,True,polarized,0.0,0.5,global_trending,12,0.43568980281641173,0.21924745719172406,0.04,0.03315937412603553,0.5739336361565066,0.5056473204888156,0.485,0.1654868191294888,0.5521704330231845,0.328065,0.7234349999999992,0.3897,0.28625,0.32405,0.3836872349451208,1.3630806904327626,0.84
0.5,True,polarized,0.0,0.5,global_trending,13,0.457535655837512,0.23373942386382646,0.035,0.01161398868541442,0.5885615006958038,0.5103134221313284,0.485,0.16900864502187166,0.5527990550269773,0.33236000000000004,0.7361099999999994,0.3856,0.3198,0.2946,0.36984341188295533,1.3715483186670436,0.8640000000000001
0.5,True,polarized,0.0,0.5,global_trending,14,0.4545139649528466,0.23635871445350515,0.08,-0.025070583618570317,0.5969017467190563,0.5205443543585833,0.485,0.16550288970872187,0.579098092433444,0.32314,0.7198849999999994,0.38155,0.3045,0.31395,0.37356685441827553,1.3870904151630863,0.8480000000000001
0.5,True,polarized,0.0,0.5,global_trending,15,0.455275026205615,0.23983071477603538,0.07,-0.02620166605866479,0.5779618814954475,0.5065167707121497,0.48,0.1684761332153839,0.5549556218557544,0.33037,0.7310449999999993,0.385,0.28325,0.33175,0.36091141004968874,1.3465678170760467,0.8109999999999999
0.5,True,polarized,0.0,0.5,global_trending,16,0.4351221619140173,0.2222267270870911,0.05,0.033639003857288616,0.5237274833919885,0.44604197301523274,0.42,0.18133015978488032,0.5002882713531087,0.36229,0.7781899999999993,0.42425,0.28975,0.286,0.3541350926862893,1.2622987323787838,0.858
0.5,True,polarized,0.0,0.5,global_trending,17,0.45669677644463436,0.2383839031897659,0.045,-0.028642573834015188,0.5573928408757981,0.4949839621642462,0.485,0.1707347908464866,0.5364394955472821,0.339525,0.7458599999999993,0.40255,0.2763,0.32115,0.37088166341648837,1.2969679365285058,0.8475
0.5,True,polarized,0.0,0.5,global_trending,18,0.43605953246506823,0.21872005340061676,0.035,0.06150598905244939,0.5445585627679093,0.4630271174794441,0.43,0.17252895408935387,0.5185113254316468,0.34390499999999996,0.7479599999999992,0.4063,0.29835,0.29535,0.3512877292865218,1.2756099961443856,0.867
0.5,True,polarized,0.0,0.5,global_trending,19,0.4617384785725998,0.24234988441008803,0.045,-0.006557559135106721,0.5610271057309162,0.48770853836270034,0.46,0.1701387824703425,0.5319800569186539,0.33817499999999995,0.7406499999999993,0.39115,0.3027,0.30615,0.3658760092781081,1.323836026016611,0.8375
0.5,True,polarized,0.0,0.5,global_trending,20,0.4305770749063832,0.21034403458977174,0.02,-0.006438326207635719,0.5392440686457993,0.46603045847663743,0.435,0.17192119496465647,0.5223086227093062,0.34003,0.7427099999999993,0.41655,0.27315,0.3103,0.3539503285848913,1.240107181130465,0.8430000000000001
0.5,True,polarized,0.4,0.4,hybrid,1,0.4252246079321012,0.21395950312697365,0.035,-0.006867551109405691,0.4705404230138916,0.38973731363568986,0.365,0.1900750158179005,0.4486226113371584,0.37331500000000006,0.7989549999999994,0.4758,0.2685,0.2557,0.35266943035186743,1.1397189010861453,0.8995000000000001
0.5,True,polarized,0.4,0.4,hybrid,2,0.45881572898853007,0.23760735723565518,0.035,-0.03247328376866645,0.5047681772842049,0.42001536710417225,0.39,0.182910812016235,0.4849991128092191,0.3600149999999999,0.7723399999999994,0.4441,0.2729,0.283,0.3438611809495677,1.2286958186101917,0.8575
0.5,True,polarized,0.4,0.4,hybrid,3,0.4508006889447617,0.23531766459723735,0.055,0.002767964343929963,0.5103929159202998,0.43418777358788757,0.41,0.18017722112891085,0.49466407026391307,0.35534499999999997,0.7678399999999993,0.4413,0.27365,0.28505,0.3518718498847699,1.216409192344495,0.8665
0.5,True,polarized,0.4,0.4,hybrid,4,0.4700789780603263,0.2479994542183374,0.045,0.013778977414561435,0.5184640844413635,0.4437151540881694,0.415,0.17686591337349677,0.5039863055930883,0.35044999999999993,0.7577599999999992,0.4424,0.2542,0.3034,0.355992975200117,1.2403978470208439,0.867
0.5,True,polarized,0.4,0.4,hybrid,5,0.4279249395620843,0.21349857864578448,0.05,0.039007037228547065,0.5028083939153354,0.4288575925248415,0.415,0.1793882928987141,0.4900512234770646,0.34905,0.7540649999999993,0.4418,0.2834,0.2748,0.34489295779062196,1.1985432979481778,0.895
0.5,True,polarized,0.4,0.4,hybrid,6,0.45119601313480007,0.23823729814068614,0.06,-0.013745890169675014,0.5282220721507562,0.45066428486427623,0.425,0.1786653036191479,0.5095159041082609,0.34697999999999996,0.7598799999999996,0.446,0.26905,0.28495,0.3776673675957747,1.2708851774519592,0.8744999999999998
0.5,True,polarized,0.4,0.4,hybrid,7,0.4546058659705539,0.23609022520150133,0.035,0.02531030049059858,0.5250010981113306,0.44630238178463905,0.415,0.18276929074133277,0.5109868362655192,0.354,0.7676649999999995,0.4462,0.26575,0.28805,0.35269566499516114,1.2544299371817855,0.8759999999999999
0.5,True,polarized,0.4,0.4,hybrid,8,0.44164766695881114,0.22888349964562657,0.025,-0.05140199530776028,0.5114386076202384,0.4259340849043262,0.39,0.18042898706644436,0.49175247789268,0.355505,0.7634649999999992,0.44205,0.2607,0.29725,0.35764985895554446,1.250901188614212,0.855
0.5,True,polarized,0.4,0.4,hybrid,9,0.42849389566418267,0.21185141083164247,0.04,-0.05399179721445778,0.48714597155769046,0.4031233811158836,0.38,0.18790046735292193,0.47080125022122593,0.37342,0.7958099999999994,0.46695,0.26015,0.2729,0.3562250031049487,1.1690279062282993,0.8785000000000001
0.5,True,polarized,0.4,0.4,hybrid,10,0.45050562804596594,0.23331318601508172,0.06,0.03417438124107511,0.47787896409957825,0.39946716969560553,0.37,0.18740701256916123,0.461359747093164,0.372975,0.7954199999999991,0.46935,0.2526,0.27805,0.35383227317287996,1.1539242128436316,0.871
0.5,True,polarized,0.4,0.4,hybrid,11,0.4622959979028131,0.25049085821996636,0.065,0.030174884833426868,0.491405755071043,0.41223884777664294,0.38,0.1856835333657498,0.4737365078946481,0.35964999999999997,0.7698599999999993,0.45355,0.2759,0.27055,0.3427836767023875,1.1884275400882158,0.8985
0.5,True,polarized,0.4,0.4,hybrid,12,0.4484574748062828,0.2275612004606834,0.045,-0.03841299475973803,0.5093600566026326,0.42254499547384183,0.39,0.1822302117423422,0.49856932350508054,0.35824,0.7715749999999995,0.45515,0.26905,0.2758,0.3484390138310393,1.2036308734247467,0.8740000000000001
0.5,True,polarized,0.4,0.4,hybrid,13,0.4661098871099651,0.24778641344339214,0.04,-0.03846039839698048,0.5172663443747598,0.43114489882092516,0.4,0.1858748428981915,0.495587373515084,0.36350499999999997,0.7849499999999991,0.44995,0.28005,0.27,0.35606580201366017,1.2204795286986094,0.8540000000000001
0.5,True,polarized,0.4,0.4,hybrid,14,0.44989888065868283,0.23202147096148862,0.06,-0.061969240457713244,0.5298830580807192,0.4509135964394952,0.43,0.17623476382720593,0.5121632442576023,0.346705,0.7515499999999992,0.43525,0.25965,0.3051,0.34996410094233765,1.2223396002187985,0.8680000000000001
0.5,True,polarized,0.4,0.4,hybrid,15,0.44671513709114974,0.22864751745120557,0.045,0.015071970424064827,0.5074495159130784,0.42610628298513353,0.395,0.18432895970238533,0.4972240161984692,0.36012,0.7713399999999991,0.44185,0.2691,0.28905,0.36564115943609765,1.2074084176323447,0.858
0.5,True,polarized,0.4,0.4,hybrid,16,0.4462555313856186,0.2289721103922959,0.055,-0.023269893754046,0.4517905763735235,0.3709292604832155,0.35,0.19522146703075813,0.4303244670042342,0.38939499999999994,0.8224199999999995,0.49165,0.2692,0.23915,0.3353407353182332,1.0895076831753683,0.895
0.5,True,polarized,0.4,0.4,hybrid,17,0.4541532113359104,0.2378490660570274,0.055,-0.03491832056523956,0.45067989177369744,0.35635171574277325,0.32,0.19892707384121885,0.4252407053946857,0.38966999999999996,0.8236599999999993,0.4879,0.2877,0.2244,0.32575342917439115,1.140338305614272,0.9175
0.5,True,polarized,0.4,0.4,hybrid,18,0.46758002971908696,0.24806013679934724,0.07,0.07629228309925211,0.45196171960588827,0.3702466101016955,0.35,0.19052604543770904,0.43461933463432234,0.37896500000000005,0.7976399999999992,0.4762,0.2659,0.2579,0.32143957954349134,1.0989977131052493,0.888
0.5,True,polarized,0.4,0.4,hybrid,19,0.46728157343550875,0.2456669348057413,0.04,-0.02672024729928021,0.5259352854645288,0.44894314942684105,0.415,0.17939737858997898,0.5062729841320338,0.35135999999999995,0.7624399999999993,0.4369,0.2644,0.2987,0.3478799386201502,1.2424076692855968,0.8495
0.5,True,polarized,0.4,0.4,hybrid,20,0.44287001794501196,0.2248931065777955,0.03,-0.004932380850746734,0.5321378571592099,0.452490659747955,0.42,0.18176334116337373,0.5195640024353259,0.34966500000000006,0.7616499999999995,0.44155,0.2765,0.28195,0.35827937568659424,1.2523825607789423,0.871
0.5,True,polarized,0.0,0.0,individual_baseline,1,0.4549420901143353,0.2344598473508546,0.04,-0.007168425380620909,0.573929354836636,0.39005169566167525,0.325,0.27284308170525384,0.5609633902153961,0.5279,1.018615,0.7301,0.23725,0.03265,0.21012310648312366,2.330160530024604,1.0
0.5,True,polarized,0.0,0.0,individual_baseline,2,0.44907679309967435,0.23197841768347588,0.06,0.030881703067307767,0.5439411222169609,0.36334856716033237,0.255,0.2711889142732048,0.5436429286142237,0.5174650000000001,1.00196,0.71545,0.2501,0.03445,0.19994239132503328,2.091300526615838,1.0
0.5,True,polarized,0.0,0.0,individual_baseline,3,0.4191781889807312,0.2101291995761006,0.04,-0.030871900789929917,0.514467226751052,0.33218804349334635,0.245,0.27061208607775666,0.5141875501856034,0.518445,1.0028799999999998,0.7139,0.2513,0.0348,0.21941817286816145,1.9752084788157926,1.0
0.5,True,polarized,0.0,0.0,individual_baseline,4,0.4693569606667857,0.2492260553403802,0.06,0.008044973401358435,0.5707598443129142,0.39010705150883496,0.32,0.2706670281075465,0.5677540378521855,0.519115,1.00267,0.7181,0.2474,0.0345,0.21913965360667972,2.2477223525159085,1.0
0.5,True,polarized,0.0,0.0,individual_baseline,5,0.46727512387509695,0.2517062420890441,0.06,-0.0026256097512320953,0.5584563820419243,0.37462767375482925,0.27,0.26757119256815975,0.5502570001276992,0.517625,0.99518,0.7199,0.2439,0.0362,0.20030268288442213,2.2182797750649574,1.0
0.5,True,polarized,0.0,0.0,individual_baseline,6,0.4407305310800754,0.22774232006183023,0.04,0.024149429615367656,0.5628584812149646,0.3820080482245219,0.3,0.27051197012118156,0.5561972934655139,0.5177,0.99881,0.71235,0.2527,0.03495,0.20653380467585894,2.2003630418080165,1.0
0.5,True,polarized,0.0,0.0,individual_baseline,7,0.4415809807511966,0.22562169562015544,0.065,-0.05126113093245643,0.5503607632659144,0.3654633642048228,0.29,0.2708764237601971,0.5475786827913353,0.52494,1.0112999999999999,0.7264,0.23975,0.03385,0.2020219250495835,2.1494779060131455,1.0
0.5,True,polarized,0.0,0.0,individual_baseline,8,0.46086829096397963,0.23746223512687886,0.03,0.015168683531960738,0.5764661602027672,0.3951547426226803,0.335,0.2728196628502888,0.5689285564172409,0.52042,1.005205,0.7193,0.24765,0.03305,0.19879892020319803,2.291689627368447,1.0
0.5,True,polarized,0.0,0.0,individual_baseline,9,0.4442400970743796,0.23008214914564415,0.06,0.010166269829047385,0.5515100447305034,0.36997431245285617,0.28,0.27634289462122597,0.5472027158240846,0.5303450000000001,1.0231449999999997,0.7282,0.24145,0.03035,0.2301221654066787,2.1499100431630613,1.0
0.5,True,polarized,0.0,0.0,individual_baseline,10,0.46873411646513796,0.25449120777312745,0.085,0.02943261526242196,0.5621283867677923,0.3875295415590992,0.355,0.272310746746484,0.559976247287448,0.5317400000000001,1.0239249999999998,0.73295,0.23425,0.0328,0.1910947269230905,2.0879564135302897,1.0
0.5,True,polarized,0.0,0.0,individual_baseline,11,0.4585818083953091,0.2386149115546526,0.03,-0.0077190775902049565,0.5890522233935959,0.40659777876592396,0.345,0.2725895018172011,0.5861150341320693,0.51717,0.9982800000000001,0.71605,0.25045,0.0335,0.18318508117419305,2.4098597383002502,1.0
0.5,True,polarized,0.0,0.0,individual_baseline,12,0.45180031399571147,0.23741853022835496,0.075,-0.061223688444248046,0.5786466855296175,0.38729312052604287,0.31,0.26926635638547647,0.5772691095615623,0.518995,1.001415,0.71815,0.24665,0.0352,0.20747649492627407,2.2476328291733774,1.0
0.5,True,polarized,0.0,0.0,individual_baseline,13,0.4419222353684224,0.2239959638087787,0.04,-0.06664865706110158,0.5765100547691422,0.3940003150661822,0.365,0.27259740128108956,0.5739153971965263,0.52241,1.009,0.72285,0.2441,0.03305,0.2080220221365649,2.1039771477862885,1.0
0.5,True,polarized,0.0,0.0,individual_baseline,14,0.45655363589426295,0.24130383387943496,0.06,-0.0522282916800087,0.549887354220203,0.3731259656338674,0.305,0.2698930428308841,0.5456350696169504,0.5184000000000001,1.000915,0.7184,0.24655,0.03505,0.20377249691111587,1.9270681011385142,1.0
0.5,True,polarized,0.0,0.0,individual_baseline,15,0.4625464872063304,0.24336217537189347,0.05,0.012540631540677702,0.5611980314148974,0.380571346497754,0.31,0.27316025738959937,0.5578481199985237,0.5224650000000001,1.0087000000000002,0.72455,0.2427,0.03275,0.20349413982104708,2.107007090059109,1.0
0.5,True,polarized,0.0,0.0,individual_baseline,16,0.46554770005024665,0.2516883287406129,0.075,-0.05630276959520187,0.5552408123319484,0.3694421022079796,0.295,0.2749881184817607,0.5382853214318076,0.534755,1.0321799999999999,0.74285,0.22645,0.0307,0.211984088174206,2.2011113551047243,1.0
0.5,True,polarized,0.0,0.0,individual_baseline,17,0.44263069553533824,0.2322852300443917,0.05,-0.006363366016371639,0.5362099711035284,0.3662853753524087,0.315,0.2736128588002968,0.5337206176264189,0.52734,1.0202799999999999,0.7295,0.23825,0.03225,0.21206892001600955,1.9030218322549821,1.0
0.5,True,polarized,0.0,0.0,individual_baseline,18,0.44006609776650907,0.2274340688896345,0.03,0.03737499796431938,0.556019481835362,0.37429808943842857,0.3,0.27386485168725266,0.55846919858642,0.5270199999999999,1.014175,0.728,0.2399,0.0321,0.18855889763990397,2.100479468492575,1.0
0.5,True,polarized,0.0,0.0,individual_baseline,19,0.4707230918642898,0.24717611013864121,0.05,-0.06265178346098504,0.5948333082050216,0.41408363634130146,0.355,0.2721762310111199,0.5972589539318962,0.525205,1.012295,0.7282,0.2388,0.033,0.1917586927780645,2.336123825266224,1.0
0.5,True,polarized,0.0,0.0,individual_baseline,20,0.4486053847164908,0.23342292959339947,0.04,-0.035843163601619196,0.5448422647126977,0.36324131238738677,0.32,0.2678938098640333,0.5458355826153706,0.5175200000000001,1.0001,0.71795,0.24555,0.0365,0.20280512836317094,2.0090037755692784,1.0
0.5,True,polarized,0.5,0.0,local_cf,1,0.4407994374977211,0.22487514410232076,0.035,-0.04015112308746128,0.5338957489421967,0.34161877642998983,0.215,0.27310757418473786,0.530691825146372,0.5277050000000001,1.0183149999999999,0.7376,0.2303,0.0321,0.19343476471480175,2.2459441906119966,1.0
0.5,True,polarized,0.5,0.0,local_cf,2,0.423219912539289,0.2121547375781536,0.04,0.023730964342727968,0.5261880906530627,0.3414661009674933,0.22,0.2756608446905342,0.5240193204817694,0.5298350000000001,1.0147149999999998,0.73435,0.2352,0.03045,0.2061266097738318,1.9992791110470212,1.0
0.5,True,polarized,0.5,0.0,local_cf,3,0.43363378908574307,0.22202017936235943,0.05,-0.009369925388726363,0.5473529541038282,0.3566321090379603,0.225,0.2749206813074784,0.5440146154987763,0.52339,1.008195,0.72185,0.2465,0.03165,0.18748051645146158,2.279293047257131,1.0
0.5,True,polarized,0.5,0.0,local_cf,4,0.44386940613718634,0.2261657380464088,0.045,0.01612709276006911,0.5345038494166499,0.3560228880763921,0.305,0.2737996597042156,0.5340656209445972,0.5270050000000001,1.01061,0.7327,0.2355,0.0318,0.18831261202590355,2.001877703227921,1.0
0.5,True,polarized,0.5,0.0,local_cf,5,0.45087323810217766,0.2370965371054257,0.035,0.0008982467959102913,0.5536373339497459,0.37685159222539155,0.31,0.27125245544363674,0.5530423344013334,0.5248100000000001,1.002715,0.73415,0.23255,0.0333,0.20261116080106867,2.0880148142439268,1.0
0.5,True,polarized,0.5,0.0,local_cf,6,0.45635988673626265,0.23459018470726492,0.03,0.020942172863998153,0.569022511760504,0.38916718757882424,0.305,0.27160217799984465,0.5654292685292126,0.522665,1.0041550000000001,0.72925,0.23755,0.0332,0.2074709721186517,2.2162246833200467,1.0
0.5,True,polarized,0.5,0.0,local_cf,7,0.4549842821185901,0.23438197166720023,0.07,-0.05788336879320302,0.5460551483818358,0.35555619625650686,0.28,0.2752491584164506,0.5447126605320518,0.529355,1.0164900000000001,0.73505,0.23425,0.0307,0.19924032062379923,2.129915475770422,1.0
0.5,True,polarized,0.5,0.0,local_cf,8,0.4751674592785657,0.2549216605467098,0.07,0.009972540468547572,0.5615531299968441,0.371096741599048,0.285,0.2711190215199175,0.5491569530943253,0.530105,1.014355,0.739,0.228,0.033,0.17453126451283413,2.3679887371291124,1.0
0.5,True,polarized,0.5,0.0,local_cf,9,0.4428980915453435,0.2287531016116798,0.04,-0.014289818182464971,0.5385909815679583,0.34516292222137424,0.225,0.27269215755560483,0.5376883929214461,0.5268999999999999,1.019955,0.7362,0.2314,0.0324,0.19276391515019842,2.249109201928443,1.0
0.5,True,polarized,0.5,0.0,local_cf,10,0.4337170867767108,0.22067319163031163,0.04,0.04001115591897591,0.5443984245843564,0.3554024373776562,0.275,0.27463927173437536,0.5432287093807754,0.5329600000000001,1.0258899999999997,0.73835,0.23085,0.0308,0.19008681343835895,2.2144490828183496,1.0
0.5,True,polarized,0.5,0.0,local_cf,11,0.4689128299436103,0.2498639833233743,0.045,0.02668102815381713,0.5881121859132018,0.397222414470658,0.315,0.2755430204665057,0.5822855879510364,0.52373,1.00517,0.72455,0.24435,0.0311,0.1788274493537564,2.596602906743634,1.0
0.5,True,polarized,0.5,0.0,local_cf,12,0.460818774233839,0.2392695138554323,0.05,-0.055948908181452456,0.5515997060327392,0.36355242610358873,0.285,0.2740850537333075,0.5452979112160551,0.5264500000000001,1.008955,0.7332,0.2352,0.0316,0.2055528031049662,2.071980676777018,1.0
0.5,True,polarized,0.5,0.0,local_cf,13,0.45578694548489634,0.23841653669954466,0.06,-0.07422759259132286,0.5771960010533514,0.38204931355894195,0.285,0.27252622099829316,0.5744894716899469,0.5289600000000001,1.0160449999999999,0.7408,0.22695,0.03225,0.20435076420271492,2.3511419575234993,1.0
0.5,True,polarized,0.5,0.0,local_cf,14,0.4627560656177219,0.24391651390616587,0.035,-0.0590301288192261,0.5486364451055874,0.3651733624986789,0.295,0.2700625129578669,0.5481934307008669,0.5252800000000001,1.008075,0.7364,0.2296,0.034,0.2016604505241213,2.0624864148090474,1.0
0.5,True,polarized,0.5,0.0,local_cf,15,0.4506482683881265,0.2331602061144519,0.055,0.05907488398795036,0.5476693571505818,0.36587943188624905,0.295,0.27434159744265163,0.5485445534087228,0.5241750000000001,1.0103049999999998,0.7292,0.23925,0.03155,0.21080990481555634,2.0275089124222694,1.0
0.5,True,polarized,0.5,0.0,local_cf,16,0.4258118056516992,0.20876300553938115,0.03,-0.05012002804808335,0.5353304209509627,0.3452371002285826,0.255,0.277845652058233,0.536366336511647,0.5340400000000001,1.031345,0.73705,0.23395,0.029,0.19453743519771266,1.9924985724259965,1.0
0.5,True,polarized,0.5,0.0,local_cf,17,0.4437446674946431,0.22615803640597826,0.055,-0.024752382614935238,0.5562547044393873,0.3667210395011314,0.26,0.2749546872959538,0.550642323485769,0.53203,1.0251,0.7417,0.22785,0.03045,0.19585155327301737,2.26776448849917,1.0
0.5,True,polarized,0.5,0.0,local_cf,18,0.4494892422386643,0.23061091063550643,0.04,0.04350092544626174,0.5517145022864604,0.3607074911347732,0.285,0.27567235287149566,0.5507615375256474,0.527285,1.0145650000000002,0.73375,0.2357,0.03055,0.20727477794587068,2.278348518835674,1.0
0.5,True,polarized,0.5,0.0,local_cf,19,0.4457334440232239,0.22513030240898574,0.035,-0.06961343358526272,0.5357683764248032,0.3538868614251751,0.3,0.2713067223480284,0.5295960948696331,0.52753,1.0146699999999997,0.7382,0.22865,0.03315,0.1871081788880606,1.9859588207588708,1.0
0.5,True,polarized,0.5,0.0,local_cf,20,0.4383252126096702,0.22153865254905894,0.04,-0.06406486222132464,0.5402919763219334,0.34631407868350594,0.27,0.27125928764202045,0.5371726096111135,0.5236750000000001,1.0063549999999999,0.7288,0.23775,0.03345,0.18742385624195865,2.048968559635617,1.0
1.0,True,polarized,0.0,0.5,global_trending,1,0.4463398211568903,0.2332315553989681,0.045,0.005098375165109619,0.94745152510287,0.9192582958231458,0.94,0.14409045495732467,0.8953583112265963,0.19939999999999997,0.5615349999999999,0.19215,0.3608,0.44705,0.5008468085216379,6.219519431676134,0.833
1.0,True,polarized,0.0,0.5,global_trending,2,0.4348421919901383,0.22182802931396928,0.05,0.031167563818712156,0.9595168855087098,0.9365251871131878,0.97,0.14143198255602754,0.9069545982910259,0.19418999999999997,0.5468749999999999,0.18855,0.3514,0.46005,0.5142408762438605,5.076105250793753,0.8490000000000001
1.0,True,polarized,0.0,0.5,global_trending,3,0.45635232244493146,0.24553153855765658,0.065,0.02276913569530613,0.9461925207722232,0.9218204113462469,0.93,0.14475406726469164,0.8961280917213622,0.19542499999999996,0.551805,0.1925,0.36005,0.44745,0.49077065305763107,5.662594710306649,0.858
1.0,True,polarized,0.0,0.5,global_trending,4,0.46777963002872,0.24740252377880634,0.05,0.028366903114218075,0.9628818047017765,0.938006804688224,0.97,0.1390719948400877,0.9151075927045974,0.19036499999999998,0.5405549999999999,0.18215,0.34265,0.4752,0.495569175914988,6.057244972437793,0.8234999999999999
1.0,True,polarized,0.0,0.5,global_trending,5,0.455338378755351,0.23721266652058007,0.055,-0.010244909523934587,0.9638263945005682,0.9389176159295894,0.955,0.1343782381047352,0.9204663234021407,0.18750499999999998,0.5297,0.18665,0.33945,0.4739,0.4946712911286009,5.100055675111953,0.8315
1.0,True,polarized,0.0,0.5,global_trending,6,0.43489453132364486,0.21929190650500835,0.03,0.018150247965661136,0.960563863003301,0.9357752415134987,0.96,0.13231360390193153,0.9172261564758822,0.18325999999999998,0.531045,0.1789,0.3469,0.4742,0.5099319518728516,7.463528440536998,0.826
1.0,True,polarized,0.0,0.5,global_trending,7,0.4396918139580087,0.2202953129107515,0.03,-0.02325681192273074,0.9390893573950472,0.9005010008342379,0.935,0.14338409544089967,0.889337289625987,0.20437999999999998,0.560605,0.2047,0.34415,0.45115,0.4929987042095017,3.9148262074254228,0.8240000000000001
1.0,True,polarized,0.0,0.5,global_trending,8,0.43653780488750166,0.21869849900822472,0.035,-0.006231834727030617,0.9397345243254641,0.9062410454830251,0.915,0.14711357366103744,0.8861420479946094,0.20324499999999998,0.5578049999999999,0.20065,0.3451,0.45425,0.49745280786588936,5.900789597724465,0.8370000000000001
1.0,True,polarized,0.0,0.5,global_trending,9,0.4522638523882253,0.233162943775095,0.02,-0.04030842084975576,0.9450690226037353,0.9106170583601215,0.93,0.15003561227031625,0.8880907821386608,0.21162499999999995,0.57488,0.20615,0.35335,0.4405,0.5003409032596278,6.546942307455302,0.8390000000000001
1.0,True,polarized,0.0,0.5,global_trending,10,0.45563988223100466,0.23804409075139674,0.05,0.02395422214175584,0.9422986758840335,0.913075732425041,0.93,0.14924332978281246,0.8876949324130965,0.20909499999999995,0.57495,0.2079,0.36505,0.42705,0.5071032745952191,5.24671949746394,0.8640000000000001
1.0,True,polarized,0.0,0.5,global_trending,11,0.4555266838217197,0.24274236193599094,0.06,0.043447938504748936,0.9533155017763545,0.9213322296920867,0.945,0.13835972375624883,0.9065198169632467,0.19140499999999996,0.5413149999999999,0.18925,0.3416,0.46915,0.5290858202037466,8.169160566223578,0.8144999999999999
1.0,True,polarized,0.0,0.5,global_trending,12,0.4402550010429114,0.22195479478570423,0.055,-0.0026988411405015887,0.9196744222949885,0.8696460356263087,0.87,0.14821731697188717,0.8767295195848058,0.20853,0.5605399999999999,0.215,0.33055,0.45445,0.500839341796858,3.4769199789137133,0.816
1.0,True,polarized,0.0,0.5,global_trending,13,0.4400855535376496,0.21975868362417933,0.03,-0.04779425156886397,0.9364951371377919,0.8944654575059758,0.93,0.14003646205355672,0.8932983450062983,0.19556499999999996,0.5535499999999999,0.201,0.3556,0.4434,0.4929757228130734,3.2488776115369635,0.8445
1.0,True,polarized,0.0,0.5,global_trending,14,0.44713521483280744,0.22721142753650475,0.025,-0.03813861649620147,0.9442281334223943,0.9136265562915981,0.935,0.14053495785009987,0.8943055414161993,0.19509999999999997,0.546905,0.19365,0.34175,0.4646,0.526677920149334,4.693791559899692,0.8265
1.0,True,polarized,0.0,0.5,global_trending,15,0.4445252405558203,0.22251219689126614,0.045,0.059153180712558484,0.90494981870757,0.8473248216570487,0.87,0.15084617130819963,0.8611144697650596,0.20770499999999997,0.5678499999999999,0.2166,0.35425,0.42915,0.4772544617181866,2.9033239113480622,0.8400000000000002
1.0,True,polarized,0.0,0.5,global_trending,16,0.4629446252895697,0.2457058271,0.06,0.0007533728535164119,0.9286747122381257,0.8907289150306025,0.91,0.15486850447896658,0.8730900194453355,0.22272999999999996,0.593085,0.22265,0.34965,0.4277,0.4959138818462813,4.5662649844274545,0.8454999999999998
1.0,True,polarized,0.0,0.5,global_trending,17,0.4434715616061151,0.22964701552385666,0.055,-0.029282153750790282,0.9540917403020243,0.9247676733142294,0.95,0.14568616457839004,0.899328272368842,0.20095999999999997,0.5659599999999999,0.19325,0.3643,0.44245,0.5056418309425493,6.676977178639535,0.8420000000000001
1.0,True,polarized,0.0,0.5,global_trending,18,0.45429134357752377,0.23494141264124313,0.025,0.03320787346053956,0.9530027539399666,0.9207667241916411,0.94,0.14734731913686197,0.9000856508415629,0.20490499999999998,0.560635,0.20065,0.3421,0.45725,0.5215034234696416,4.335266641246429,0.8405
1.0,True,polarized,0.0,0.5,global_trending,19,0.4486625264453747,0.22906678542504874,0.055,-0.04853570878122967,0.9230983464404671,0.8759074382194132,0.88,0.15129453258912717,0.871821352547215,0.20998999999999998,0.5710799999999999,0.2151,0.35285,0.43205,0.5115029025080834,3.0993002731079193,0.855
1.0,True,polarized,0.0,0.5,global_trending,20,0.4387724478517148,0.22689171128333896,0.07,-0.007969585176305992,0.9289174518359741,0.8825126077517127,0.885,0.15143657439318223,0.8893512152741284,0.20592499999999997,0.5620849999999998,0.2137,0.33955,0.44675,0.5008459013405527,3.7956706495135424,0.8065000000000001
1.0,True,polarized,0.4,0.4,hybrid,1,0.4282693259227166,0.2146287440697573,0.035,-0.005734556080695503,0.8857863694695638,0.8148135715698132,0.83,0.17709116147107906,0.8170972156229449,0.24854000000000004,0.61395,0.25575,0.3461,0.39815,0.46596687296502687,5.105664466820007,0.861
1.0,True,polarized,0.4,0.4,hybrid,2,0.4584492017985224,0.2397593040656288,0.045,0.021345697205486545,0.8906085759608788,0.8217519833983422,0.81,0.16942150819771895,0.8227004314755711,0.23924999999999996,0.5956349999999999,0.25155,0.34575,0.4027,0.4558093763751438,3.965831770366876,0.873
1.0,True,polarized,0.4,0.4,hybrid,3,0.4649671780364644,0.24602469918133602,0.045,-0.02327985865367415,0.8901171815690532,0.8213873010183005,0.805,0.1678560454759655,0.8292476021067512,0.23848,0.5952099999999999,0.25475,0.33985,0.4054,0.4731982894610439,5.219926415800961,0.8725
1.0,True,polarized,0.4,0.4,hybrid,4,0.4534777809781747,0.23511984990749596,0.06,0.03141180839733749,0.9111336642515695,0.846312841586515,0.88,0.1659449025898604,0.848343979149452,0.238015,0.5898999999999999,0.2492,0.3338,0.417,0.4463742261717802,4.319719973912774,0.847
1.0,True,polarized,0.4,0.4,hybrid,5,0.4435322590821841,0.23460538161304406,0.05,0.0029776293250781704,0.8822259345704069,0.8146372398326533,0.815,0.1686795946671568,0.8211304355929553,0.23588,0.584105,0.24965,0.33725,0.4131,0.44610689674455917,4.636320080576054,0.8445
1.0,True,polarized,0.4,0.4,hybrid,6,0.43252002375281096,0.22124193571491826,0.055,-0.01138591862152948,0.8794880170603022,0.8134635637535618,0.83,0.17188591749634574,0.8214391520699269,0.23870999999999998,0.5913149999999999,0.24795,0.32865,0.4234,0.48455683843863784,4.307735646589326,0.8415
1.0,True,polarized,0.4,0.4,hybrid,7,0.43882954595979934,0.22235225519555393,0.05,-0.018902637776459123,0.876717926862275,0.8035582002818563,0.77,0.1772235012009697,0.82009185416541,0.24755000000000002,0.6121449999999998,0.26325,0.34065,0.3961,0.42536117931530354,3.101786027907012,0.8594999999999999
1.0,True,polarized,0.4,0.4,hybrid,8,0.45904649962726185,0.24615280755809416,0.07,0.0015609530801323323,0.8735297193166532,0.7953970115144933,0.775,0.1746639610038612,0.8103082042164,0.24305,0.6011399999999999,0.2576,0.3489,0.3935,0.4424984625547876,3.9154540140507215,0.8730000000000001
1.0,True,polarized,0.4,0.4,hybrid,9,0.45571776471649983,0.23637188987521363,0.055,-0.03216178902539503,0.8928696205589755,0.8212338419800009,0.845,0.17918161147199085,0.8281694132860955,0.257395,0.6219899999999998,0.26545,0.3286,0.40595,0.45941424009908194,5.772801654381855,0.8410000000000001
1.0,True,polarized,0.4,0.4,hybrid,10,0.4483369003584252,0.22772837025550796,0.03,0.050682822516102455,0.9034247140017037,0.8379572656365908,0.84,0.17196796606003673,0.8360307001087506,0.24698500000000004,0.6109399999999998,0.25475,0.34685,0.3984,0.48562214496693606,4.381371526934255,0.8675
1.0,True,polarized,0.4,0.4,hybrid,11,0.4392057162992866,0.22981025925494084,0.05,0.005308291960847922,0.8645887707744603,0.787873654562319,0.785,0.17644657296695818,0.7993557010565436,0.241965,0.5995999999999999,0.2553,0.3431,0.4016,0.4402050603709258,4.242442622950343,0.86
1.0,True,polarized,0.4,0.4,hybrid,12,0.444652801371514,0.22109481966991062,0.03,0.011044265524963688,0.892440973026755,0.8243400447055004,0.81,0.16994835768916708,0.8426154970850709,0.23180499999999998,0.5929749999999998,0.24905,0.34415,0.4068,0.4436606543886329,3.66341916337097,0.846
1.0,True,polarized,0.4,0.4,hybrid,13,0.4357098435092954,0.22178043311841278,0.03,-0.10345055263616074,0.8690913762278392,0.7892539533119308,0.8,0.17828369017981935,0.8084284021386849,0.24602000000000004,0.612505,0.2631,0.36195,0.37495,0.42814330133791356,2.5590654674518905,0.8955000000000001
1.0,True,polarized,0.4,0.4,hybrid,14,0.4624430239492084,0.2419995830155251,0.055,-0.06383417594524456,0.886232474357544,0.8186763982472134,0.825,0.16899157851607619,0.8302919511667588,0.233625,0.5911299999999998,0.2517,0.34865,0.39965,0.4466461801712831,2.9886554693945797,0.8860000000000001
1.0,True,polarized,0.4,0.4,hybrid,15,0.46364147192688066,0.24641085405234198,0.05,0.050446531806937395,0.8858936958332788,0.8098335388719753,0.8,0.17819641648517665,0.8223279995811358,0.249475,0.6164949999999999,0.2697,0.3504,0.3799,0.45064871049830946,2.740742280768323,0.875
1.0,True,polarized,0.4,0.4,hybrid,16,0.4567300424133285,0.23966440192274024,0.035,-0.04058146677096116,0.9004554011416442,0.8298675853291642,0.845,0.17877635297703173,0.8340231641803229,0.259225,0.6311149999999999,0.27065,0.34345,0.3859,0.4505926698720569,3.0596814072675476,0.8695
1.0,True,polarized,0.4,0.4,hybrid,17,0.43147662978232815,0.21908385974706776,0.04,-0.024821727073081692,0.8987693125296434,0.837731603183205,0.86,0.17372187083595278,0.8312075383711612,0.24521,0.609935,0.25425,0.35405,0.3917,0.4583509581346201,5.024960091825272,0.892
1.0,True,polarized,0.4,0.4,hybrid,18,0.454386517339461,0.2371592369840657,0.055,0.03979498724146427,0.8967954239623893,0.8270750859833769,0.835,0.17398444982901595,0.8350486498139085,0.24392500000000003,0.6038649999999999,0.2545,0.3525,0.393,0.44242014120670015,3.434574604473076,0.8645000000000002
1.0,True,polarized,0.4,0.4,hybrid,19,0.45646546140982847,0.236612699632202,0.045,-0.03562065042810171,0.8785106602955872,0.8072392015270111,0.795,0.17792158738588718,0.8229204722398552,0.24730999999999997,0.6107249999999999,0.26845,0.34415,0.3874,0.44462291899643575,3.2086466639491986,0.8875
1.0,True,polarized,0.4,0.4,hybrid,20,0.4471228619492018,0.22656993734083972,0.025,-0.021985707741696708,0.870043833105959,0.7997281262679767,0.78,0.17596315797343554,0.8114048449198554,0.244185,0.6060999999999999,0.26645,0.35125,0.3823,0.44801990033520256,3.112162068378673,0.8785
1.0,True,polarized,0.0,0.0,individual_baseline,1,0.4492024113655992,0.2346830266075717,0.045,-0.00822649074270944,0.7871591684939144,0.6620622524632589,0.735,0.3522780384549267,0.7546837244685425,0.45891000000000004,0.9175949999999986,0.60535,0.2793,0.11535,0.2121832996386489,3.6997651562493132,0.9975
1.0,True,polarized,0.0,0.0,individual_baseline,2,0.4490570631927524,0.2314680448343081,0.065,0.08053288224638433,0.7734983014202935,0.6420332433774736,0.735,0.3553925672232628,0.7447513967744499,0.439905,0.8981499999999986,0.5836,0.30045,0.11595,0.2124467628690716,3.3901477460734784,0.9975
1.0,True,polarized,0.0,0.0,individual_baseline,3,0.43045303957475817,0.2179293854104566,0.025,0.0015630059059223722,0.7933104915786602,0.6762276018150011,0.78,0.3517183133258142,0.7668362851208834,0.45026000000000005,0.9050899999999988,0.59665,0.28745,0.1159,0.210509064851857,3.6613770790444713,0.9995
1.0,True,polarized,0.0,0.0,individual_baseline,4,0.46032842559589604,0.24657902233581785,0.07,0.0064809151580831606,0.7856932841593498,0.66803160022141,0.755,0.353119020961245,0.7490256749290417,0.4498550000000001,0.9048849999999987,0.5985,0.28595,0.11555,0.21133069704797097,3.4886470525365305,0.9995
1.0,True,polarized,0.0,0.0,individual_baseline,5,0.47760252428584715,0.26212677764529313,0.08,-0.002048550617057574,0.804974610439677,0.6856515655887102,0.74,0.3484026156670877,0.7688107279665425,0.44293000000000005,0.8962049999999989,0.60015,0.2824,0.11745,0.22664694633078916,3.925410761642929,0.9990000000000001
1.0,True,polarized,0.0,0.0,individual_baseline,6,0.44884323314651253,0.23005255120308923,0.05,0.013330401016296194,0.8033646233808043,0.6808664627902047,0.76,0.3466941462585483,0.7699911515645576,0.44240999999999997,0.8966299999999987,0.5926,0.2889,0.1185,0.22066111474786915,4.213546181546304,0.9965
1.0,True,polarized,0.0,0.0,individual_baseline,7,0.45062992229605875,0.2372467510925963,0.06,-0.05633953494070533,0.7832619855072958,0.6594019873885049,0.775,0.3521120312938396,0.747984662725433,0.44992000000000004,0.9074849999999987,0.5972,0.2866,0.1162,0.23492478385917492,3.351187463778056,0.9984999999999999
1.0,True,polarized,0.0,0.0,individual_baseline,8,0.44113164731573234,0.225413189395438,0.05,0.0032058803145461924,0.7764356440526007,0.6550374682918004,0.755,0.354781790494136,0.7424424392173665,0.4509350000000001,0.9049549999999988,0.5957,0.28915,0.11515,0.22751140198760816,3.363701457523946,1.0
1.0,True,polarized,0.0,0.0,individual_baseline,9,0.4507421641834466,0.23637851572317556,0.035,0.0029355720899157324,0.795243478182926,0.6676660568372768,0.745,0.36035588797474766,0.7676049619423898,0.45912500000000006,0.9216849999999985,0.60125,0.2874,0.11135,0.21706142431426545,4.192390665619604,1.0
1.0,True,polarized,0.0,0.0,individual_baseline,10,0.47058542826733996,0.2482803610915939,0.055,0.04799954617959054,0.8074967659211773,0.6890939254890963,0.79,0.35988186622425616,0.7722144135764429,0.46606499999999995,0.9298449999999986,0.6186,0.27035,0.11105,0.1845071591111481,4.032568970774142,0.9995
1.0,True,polarized,0.0,0.0,individual_baseline,11,0.4482934238842502,0.23172089447972424,0.055,-0.012377194264504414,0.7878596679902291,0.6625878469272982,0.79,0.3538409331568596,0.7520565723746335,0.44762,0.9009499999999988,0.59575,0.2892,0.11505,0.24867100964283723,3.8457521911063526,1.0
1.0,True,polarized,0.0,0.0,individual_baseline,12,0.45183039225806254,0.22863517809577139,0.04,-0.09073747982254034,0.8029634679242922,0.679861910123629,0.76,0.35169990598673634,0.7760545923008421,0.44623000000000007,0.9025299999999987,0.59865,0.2848,0.11655,0.21227658941532979,3.135803469588276,1.0
1.0,True,polarized,0.0,0.0,individual_baseline,13,0.4519945471692553,0.23061876479128698,0.035,-0.09158615144810035,0.7807820830924583,0.6560885211093853,0.77,0.35797614531644484,0.7441571089333908,0.45895500000000006,0.9172149999999988,0.60925,0.2781,0.11265,0.22039731396403353,3.2968567887051172,0.9995
1.0,True,polarized,0.0,0.0,individual_baseline,14,0.41839355310781284,0.20397615512274578,0.025,-0.08682177860890566,0.7492860673183043,0.6160774071203398,0.685,0.34502978904159276,0.7260961084508563,0.4298700000000001,0.8848999999999988,0.5707,0.3078,0.1215,0.2173050683125929,2.798269305001315,1.0
1.0,True,polarized,0.0,0.0,individual_baseline,15,0.45398542539387093,0.23446067668229034,0.04,0.08336286235677347,0.7735508395388763,0.648328182181544,0.76,0.35152753501633116,0.7453387187429269,0.44531000000000004,0.9032199999999986,0.5919,0.2909,0.1172,0.20703973668309125,2.988153977701118,1.0
1.0,True,polarized,0.0,0.0,individual_baseline,16,0.4495912205548689,0.23246593482434988,0.055,-0.07189328694142727,0.7844847073103247,0.6531973985513667,0.73,0.3613982165130711,0.7554480231437145,0.465995,0.9319299999999986,0.60955,0.27975,0.1107,0.24242637948987478,3.3187271864054546,1.0
1.0,True,polarized,0.0,0.0,individual_baseline,17,0.4384155728182337,0.22008460502266033,0.025,-0.02293844443974813,0.7658684135335863,0.6440532739460982,0.725,0.35619075160506425,0.7392832731795229,0.452965,0.9150049999999987,0.5926,0.2936,0.1138,0.24052282534201364,3.1742949392296396,0.9995
1.0,True,polarized,0.0,0.0,individual_baseline,18,0.4483406568120877,0.22802649076248918,0.04,0.04013127228387621,0.7853706429545084,0.6603332953629288,0.74,0.35919821400777985,0.7528870684301868,0.45155500000000004,0.9109699999999986,0.5978,0.2892,0.113,0.20429503602631513,3.5551615268405525,0.9995
1.0,True,polarized,0.0,0.0,individual_baseline,19,0.44158851423858764,0.21954727884322767,0.02,-0.0816924619338242,0.771730043498656,0.6369311829049401,0.73,0.35399595484825275,0.7358529465977385,0.448065,0.9055399999999988,0.59095,0.2934,0.11565,0.20264533450163755,3.021524119771854,1.0
1.0,True,polarized,0.0,0.0,individual_baseline,20,0.45153593209745674,0.22956092299119107,0.045,-0.08367086717700484,0.797743920098875,0.6750873269111745,0.78,0.3508197158439927,0.7681928630166517,0.44297500000000006,0.8961349999999988,0.58695,0.29585,0.1172,0.22465303089769756,3.3321045969965426,0.9995
1.0,True,polarized,0.5,0.0,local_cf,1,0.44219679400969225,0.2299040519606107,0.045,0.014620959546639561,0.793282520188483,0.6719901205763944,0.76,0.3537857896289097,0.7739931006720024,0.45084,0.9111299999999987,0.5953,0.2872,0.1175,0.20399726429033238,3.8130409342519345,0.9984999999999999
1.0,True,polarized,0.5,0.0,local_cf,2,0.4458143942002296,0.22841980422377758,0.055,0.038587147053215816,0.7878255804081821,0.6611252749776679,0.75,0.3536550853495919,0.7574006944501717,0.4463300000000001,0.9028199999999987,0.5942,0.28925,0.11655,0.20749518126256766,3.4893372213236975,1.0
1.0,True,polarized,0.5,0.0,local_cf,3,0.47196344811146607,0.2573417718258701,0.085,0.07405932829966877,0.7868107492573188,0.6524540320666151,0.73,0.35899257294298664,0.7510243939530976,0.45726500000000003,0.9164399999999986,0.61355,0.27515,0.1113,0.207447013534188,3.2267563356624915,1.0
1.0,True,polarized,0.5,0.0,local_cf,4,0.46167408630178913,0.23977963112352824,0.035,0.003945813396613613,0.7873362609581168,0.6533687705377416,0.72,0.36427671133450135,0.7545371522113118,0.45776000000000006,0.9170749999999986,0.6181,0.27005,0.11185,0.21572138404506258,4.306056185539532,0.998
1.0,True,polarized,0.5,0.0,local_cf,5,0.43521373097966903,0.220253949576191,0.045,-0.03030084566365664,0.7832818524009872,0.6670088291495359,0.765,0.3523566029239251,0.7583667108328096,0.43828500000000004,0.8913299999999986,0.59085,0.2907,0.11845,0.19105950817286793,3.2454142636440446,0.9995
1.0,True,polarized,0.5,0.0,local_cf,6,0.43033445099455364,0.2177460935041199,0.045,-0.015897078630172822,0.7701325282258692,0.6422015970768095,0.695,0.35355629938403793,0.7438760191904256,0.43554000000000004,0.8907099999999989,0.58135,0.3008,0.11785,0.2262213253671922,3.4833899371489734,0.998
1.0,True,polarized,0.5,0.0,local_cf,7,0.4452852891733789,0.2283163414460406,0.05,-0.08653725932150948,0.7636646870572088,0.627271715305299,0.67,0.35628319288263427,0.7315410381420869,0.44703500000000007,0.9068549999999987,0.5938,0.2909,0.1153,0.1998036011147012,3.149459608373779,0.9944999999999999
1.0,True,polarized,0.5,0.0,local_cf,8,0.4349769660834524,0.2158005219073339,0.02,0.012463516633352451,0.7775654659846025,0.6538056968461027,0.745,0.35277885791045294,0.743550127647423,0.4468600000000001,0.9045649999999986,0.59895,0.28275,0.1183,0.23105749252205462,3.4790632813682194,0.997
1.0,True,polarized,0.5,0.0,local_cf,9,0.44725115237409085,0.2247764955840865,0.035,-0.005220552222049397,0.7797764634979923,0.6539229830011283,0.75,0.3654857540843709,0.7482707598544155,0.460835,0.9259849999999986,0.60865,0.2813,0.11005,0.2117502744754327,3.633731308164297,1.0
1.0,True,polarized,0.5,0.0,local_cf,10,0.4641546266986251,0.24874086226332434,0.055,0.013248104161594552,0.7868644340487443,0.666036454368458,0.755,0.36816624211681037,0.758563899459241,0.46383500000000005,0.9320649999999986,0.6185,0.27125,0.11025,0.23419983629772786,3.6118719705342888,0.995
1.0,True,polarized,0.5,0.0,local_cf,11,0.4491944549651844,0.23594511747666697,0.065,-0.001980929817719734,0.7871038354417165,0.666357607541956,0.74,0.3543719472695569,0.7546825694641207,0.45219000000000004,0.9015449999999987,0.59855,0.28175,0.1197,0.22888765043117998,3.5730945492361013,0.9955000000000002
1.0,True,polarized,0.5,0.0,local_cf,12,0.4521705343707647,0.23727219536379407,0.04,-0.061106075080834384,0.7772322964295859,0.6534846899088314,0.755,0.35440876822796485,0.7463255600092588,0.44938500000000003,0.9046299999999987,0.6008,0.2831,0.1161,0.22566342541425705,3.2403203344539304,0.9984999999999999
1.0,True,polarized,0.5,0.0,local_cf,13,0.47618138553965295,0.25597066774982985,0.08,-0.10070998830044035,0.7858875277359533,0.6415179100200038,0.725,0.36085580771765025,0.7603395870906035,0.45545500000000005,0.9188049999999987,0.6128,0.2753,0.1119,0.19920270319351638,2.9449549469666207,0.9995
1.0,True,polarized,0.5,0.0,local_cf,14,0.44086143634230746,0.23079232506873842,0.055,-0.06105427738135957,0.7601924442599026,0.6274256877494675,0.69,0.3523980548250829,0.730736656326913,0.44205000000000005,0.8978399999999988,0.59095,0.29165,0.1174,0.20812048978783187,3.028008072663998,1.0
1.0,True,polarized,0.5,0.0,local_cf,15,0.4402065318697309,0.22117104219702072,0.045,0.07777159127109684,0.7612379978958197,0.63006060368135,0.72,0.3510023038785961,0.7309946218043092,0.44847499999999996,0.9064499999999986,0.59825,0.28265,0.1191,0.20493837158178088,2.9824491912170688,0.996
1.0,True,polarized,0.5,0.0,local_cf,16,0.43911193475977656,0.222239087165669,0.055,-0.13546811013872825,0.7571459446875447,0.6094223862256446,0.69,0.3636089236036101,0.7250730446245183,0.46075000000000005,0.9271849999999985,0.6004,0.2884,0.1112,0.2359717981356762,2.5511321489108925,1.0
1.0,True,polarized,0.5,0.0,local_cf,17,0.4668365545811943,0.25158941761869047,0.07,-0.03398019378691732,0.7678214152943972,0.6407616827713515,0.72,0.3668459408757142,0.7365213965047787,0.461725,0.9292549999999986,0.61305,0.2785,0.10845,0.2131191273136695,3.3610962550974945,1.0
1.0,True,polarized,0.5,0.0,local_cf,18,0.44160949509441083,0.22315732786828874,0.05,0.04431530707291384,0.776851609965711,0.650869955594733,0.73,0.35184451360029967,0.752230149990934,0.44567500000000004,0.9050249999999987,0.5956,0.2841,0.1203,0.18010446576665703,3.472066951070109,0.993
1.0,True,polarized,0.5,0.0,local_cf,19,0.4355178996714193,0.2202785495584368,0.055,-0.03605432006700322,0.7604056354721763,0.630625519701181,0.68,0.3484127872085488,0.734555837887502,0.4376300000000001,0.8937349999999988,0.5764,0.30045,0.12315,0.19162239383035198,3.1274770678957515,0.9944999999999999
1.0,True,polarized,0.5,0.0,local_cf,20,0.43651193230375734,0.21590963077618952,0.035,-0.12834658362037918,0.7647017544693514,0.6130513267472572,0.685,0.3478564766400749,0.7373062762623751,0.44101,0.8979699999999988,0.5947,0.28595,0.11935,0.21840831508416636,2.904565109618937,0.9990000000000001
0.2,False,uniform,0.0,0.5,global_trending,1,0.5380338813570394,0.3679734474059962,0.3,-0.017815362366444768,0.3583694550031542,0.29690564106729217,0.275,0.10919881291373666,0.34238153142448025,0.26925000000000004,0.7075,0.52895,0.40785,0.0632,0.24538055976682646,0.8730767178986384,0.831
0.2,False,uniform,0.0,0.5,global_trending,2,0.5039942537498406,0.3469175006679214,0.295,-0.04750009145176073,0.3399361012037847,0.28332327766364407,0.275,0.10970630949480147,0.32787459400646535,0.265,0.6999999999999998,0.55135,0.3876,0.06105,0.23502204409768304,0.8309162103257862,0.824
0.2,False,uniform,0.0,0.5,global_trending,3,0.4890296296058673,0.31273966582764634,0.235,0.04458421130511375,0.29592705093148725,0.22458539859491705,0.205,0.11314747439280479,0.28718710711288054,0.265,0.7,0.58995,0.35715,0.0529,0.20892564735774918,0.7477422511169586,0.8604999999999999
0.2,False,uniform,0.0,0.5,global_trending,4,0.5382270372131428,0.3694220037927441,0.31,0.03257592822455512,0.3534376720325355,0.28414420902462717,0.255,0.10942588795360945,0.3362295298010918,0.26415000000000005,0.6984999999999999,0.52335,0.41165,0.065,0.2216002331422014,0.8638008968533066,0.836
0.2,False,uniform,0.0,0.5,global_trending,5,0.5029302632833011,0.3410800256896466,0.275,-0.05289518223755309,0.3462839340410075,0.27031411545851824,0.245,0.11150540071513423,0.3245931486779863,0.2599,0.691,0.53555,0.4091,0.05535,0.22753119898430932,0.8814719386140208,0.858
0.2,False,uniform,0.0,0.5,global_trending,6,0.5186356672752157,0.35372815558338894,0.29,-0.05683681397859809,0.35912302415242736,0.30021995884912295,0.295,0.10690809818241175,0.3467941017406389,0.26245000000000007,0.6954999999999998,0.536,0.38575,0.07825,0.2440092465306982,0.8652784066939309,0.789
0.2,False,uniform,0.0,0.5,global_trending,7,0.513637667411623,0.3427137796535877,0.275,-0.025638837548661978,0.3651467292981273,0.27720745934566077,0.25,0.11224835859736115,0.3450478416406898,0.2667,0.7029999999999998,0.56145,0.3546,0.08395,0.22761130800310064,0.8041464331503073,0.8310000000000001
0.2,False,uniform,0.0,0.5,global_trending,8,0.5087707013838418,0.3332962700736829,0.245,0.0417491318340796,0.36832264460561986,0.3079385562393039,0.29,0.10715916487356913,0.35512383696429817,0.265,0.7,0.5436,0.3813,0.0751,0.24701622374630872,0.8540071461877999,0.812
0.2,False,uniform,0.0,0.5,global_trending,9,0.5037796340055101,0.3461605189866219,0.3,-0.08136220700624598,0.33516842975418754,0.2474101898550635,0.22,0.11287184988225121,0.3198550738246832,0.27095,0.7104999999999998,0.5725,0.3687,0.0588,0.217499254887289,0.7659977641594267,0.845
0.2,False,uniform,0.0,0.5,global_trending,10,0.4783554051954107,0.3144239996038137,0.21,0.01793832535035208,0.3002342685440372,0.23807990301740667,0.215,0.1127122921547349,0.2873505209743308,0.2709500000000001,0.7104999999999998,0.5869,0.3597,0.0534,0.22106916938519064,0.7725439501999549,0.8694999999999999
0.2,False,uniform,0.0,0.5,global_trending,11,0.5245057294818782,0.35837075653899153,0.275,0.023934659368547016,0.3387832471165892,0.2777762960387581,0.265,0.10949477093587444,0.3254957269782623,0.26245000000000007,0.6954999999999998,0.54005,0.3965,0.06345,0.23022369328726938,0.8370401504959817,0.8440000000000001
0.2,False,uniform,0.0,0.5,global_trending,12,0.5092713362654364,0.3397313631707085,0.245,0.008359957962190988,0.3543080457790843,0.27989376158533036,0.255,0.10946948676650649,0.3378512662469289,0.26330000000000003,0.6969999999999998,0.5584,0.36385,0.07775,0.22638143963179894,0.8490953373510107,0.8265
0.2,False,uniform,0.0,0.5,global_trending,13,0.525746492476239,0.3534556794955309,0.275,-0.0529605615162997,0.3593650058972104,0.26953259790356104,0.24,0.11303234874357354,0.339306754717657,0.2667,0.7029999999999998,0.55145,0.38025,0.0683,0.20736406946712552,0.8267497177932066,0.8484999999999999
0.2,False,uniform,0.0,0.5,global_trending,14,0.49961878918402114,0.3386953303072227,0.275,-0.025062141807158086,0.33214672702191483,0.25729961567715565,0.23,0.1131897944491214,0.31168741462296073,0.26330000000000003,0.6969999999999998,0.55295,0.38985,0.0572,0.22182746725480826,0.817243544805831,0.8575
0.2,False,uniform,0.0,0.5,global_trending,15,0.49128662390873923,0.316254323074324,0.23,0.04627216738676743,0.3557018245684131,0.26421020954339797,0.24,0.1120022727979714,0.34672802195569696,0.26585000000000003,0.7014999999999999,0.5816,0.3372,0.0812,0.22139188723641198,0.7742960719569946,0.835
0.2,False,uniform,0.0,0.5,global_trending,16,0.5398227235682644,0.3702421072919897,0.31,0.04686238124666658,0.33467635575928545,0.2593964019619921,0.24,0.11311058856103041,0.3115408421850593,0.27435000000000004,0.7164999999999999,0.5455,0.38525,0.06925,0.22115860058366316,0.8543976856449558,0.8280000000000001
0.2,False,uniform,0.0,0.5,global_trending,17,0.501087792958863,0.3413591267974549,0.27,-0.024213434334813145,0.3334013533023645,0.2711298987762733,0.265,0.1102618533577835,0.3215515169474202,0.2709500000000001,0.7104999999999998,0.57205,0.36585,0.0621,0.22790222338231778,0.7863235498863171,0.8405
0.2,False,uniform,0.0,0.5,global_trending,18,0.5282595433746189,0.35370567027395217,0.235,0.003878284427078529,0.3696128462731775,0.30420240843833396,0.285,0.10758833423462467,0.35514962002278755,0.2667,0.7029999999999998,0.5393,0.378,0.0827,0.2368790970825457,0.8416939627069823,0.8030000000000002
0.2,False,uniform,0.0,0.5,global_trending,19,0.4817971947725576,0.3108052988314432,0.225,-0.02010186112404764,0.32365336267744005,0.23858654917429292,0.215,0.11338551281645932,0.3072193201923214,0.2667,0.7029999999999998,0.59425,0.3391,0.06665,0.21062362204237467,0.771074718233326,0.86
0.2,False,uniform,0.0,0.5,global_trending,20,0.527119700541352,0.355975303338751,0.305,-0.016837369465644455,0.3821970954119761,0.308256746797068,0.29,0.10855846293679164,0.3697808496020336,0.26330000000000003,0.6969999999999998,0.5384,0.3719,0.0897,0.23159827198953692,0.8509148570543803,0.816
0.2,False,uniform,0.4,0.4,hybrid,1,0.5380338813570394,0.3679734474059962,0.3,-0.010365027249759089,0.2906265278699454,0.2215920449726122,0.195,0.11376677670014795,0.27974865130049276,0.26925000000000004,0.7075,0.611,0.3373,0.0517,0.19650079340652613,0.7822618528059379,0.9009999999999999
0.2,False,uniform,0.4,0.4,hybrid,2,0.5039942537498406,0.3469175006679214,0.295,-0.010432433145399753,0.27843313370462297,0.2116441430815267,0.19,0.1140939825978224,0.27404190859430694,0.265,0.6999999999999998,0.6217,0.3321,0.0462,0.19011217206916534,0.7597280396059423,0.8925
0.2,False,uniform,0.4,0.4,hybrid,3,0.4890296296058673,0.31273966582764634,0.235,0.053823794812238965,0.2661514480122961,0.1840442813842965,0.165,0.11572078737887502,0.26316681663460373,0.265,0.7,0.6524,0.30365,0.04395,0.17534081159471696,0.7077292009373001,0.8975
0.2,False,uniform,0.4,0.4,hybrid,4,0.5382270372131428,0.3694220037927441,0.31,0.07631583915012963,0.2948338405231737,0.20622787533712889,0.185,0.11598228823889667,0.28136306362285746,0.26415000000000005,0.6984999999999999,0.60495,0.3489,0.04615,0.19836714580969875,0.8062827340919161,0.8930000000000001
0.2,False,uniform,0.4,0.4,hybrid,5,0.5029302632833011,0.3410800256896466,0.275,-0.033170543289194325,0.2774167603628086,0.20296056090051443,0.17,0.11670610701371516,0.2669093551863513,0.2599,0.691,0.61025,0.3523,0.03745,0.18177373934474297,0.7707218908929163,0.8969999999999999
0.2,False,uniform,0.4,0.4,hybrid,6,0.5186356672752157,0.35372815558338894,0.29,-0.03164494904268739,0.3189618952708785,0.2537061924254635,0.235,0.11113028244258143,0.30913091264870374,0.26245000000000007,0.6954999999999998,0.59945,0.3396,0.06095,0.2078688015039917,0.7927963612559051,0.8675
0.2,False,uniform,0.4,0.4,hybrid,7,0.513637667411623,0.3427137796535877,0.275,-0.05471061912718084,0.3428017828930753,0.23874187707849845,0.21,0.11513130871332972,0.3342944795598899,0.2667,0.7029999999999998,0.6235,0.30235,0.07415,0.2014964409778284,0.7552564810193042,0.8909999999999999
0.2,False,uniform,0.4,0.4,hybrid,8,0.5087707013838418,0.3332962700736829,0.245,0.023301316994095808,0.30829754974045664,0.23035590734414713,0.205,0.11313973084143158,0.2959604048135106,0.265,0.7,0.61275,0.32415,0.0631,0.20401190622728754,0.7919825307378769,0.88
0.2,False,uniform,0.4,0.4,hybrid,9,0.5037796340055101,0.3461605189866219,0.3,-0.07779618703783814,0.27486637953148313,0.19264378746156954,0.175,0.1161981639705959,0.2669032084606352,0.27095,0.7104999999999998,0.64845,0.31185,0.0397,0.16818956409683383,0.6990511794060522,0.8925
0.2,False,uniform,0.4,0.4,hybrid,10,0.4783554051954107,0.3144239996038137,0.21,0.012783836851138137,0.26066599593184586,0.19147665654372717,0.175,0.11480127556635125,0.24961042607585554,0.2709500000000001,0.7104999999999998,0.6444,0.30495,0.05065,0.18475523966591254,0.7286626115165818,0.9059999999999999
0.2,False,uniform,0.4,0.4,hybrid,11,0.5245057294818782,0.35837075653899153,0.275,0.04362705493423527,0.29490909184838116,0.2300805849959967,0.21,0.11297633058727012,0.2875372012493942,0.26245000000000007,0.6954999999999998,0.6067,0.34045,0.05285,0.196589154822557,0.7814261765519257,0.889
0.2,False,uniform,0.4,0.4,hybrid,12,0.5092713362654364,0.3397313631707085,0.245,-0.015676615496709383,0.30900429626612586,0.23318477497836057,0.205,0.11298984122161762,0.2983065289969551,0.26330000000000003,0.6969999999999998,0.61975,0.32165,0.0586,0.20090158263974886,0.7644765449277593,0.8704999999999999
0.2,False,uniform,0.4,0.4,hybrid,13,0.525746492476239,0.3534556794955309,0.275,-0.07449394589408712,0.30720471096985924,0.20647352928563012,0.185,0.11695784159337752,0.2903883096212709,0.2667,0.7029999999999998,0.62845,0.32265,0.0489,0.1924711265586655,0.7597930548441431,0.9159999999999999
0.2,False,uniform,0.4,0.4,hybrid,14,0.49961878918402114,0.3386953303072227,0.275,-0.05157239042046869,0.2768437639738946,0.20227843330276074,0.185,0.11498246959783959,0.26847159775657026,0.26330000000000003,0.6969999999999998,0.62675,0.32855,0.0447,0.1805670727310281,0.7299815982680403,0.8905000000000001
0.2,False,uniform,0.4,0.4,hybrid,15,0.49128662390873923,0.316254323074324,0.23,0.0744182962897366,0.3352958972286768,0.21637970257452302,0.18,0.11578773534084032,0.323542708334641,0.26585000000000003,0.7014999999999999,0.63715,0.29985,0.063,0.19091564093238206,0.7625491251522778,0.9065000000000001
0.2,False,uniform,0.4,0.4,hybrid,16,0.5398227235682644,0.3702421072919897,0.31,0.008239637268221682,0.25240730637698994,0.17161924302920717,0.14,0.1191463971895017,0.23714722063160243,0.27435000000000004,0.7164999999999999,0.6429,0.32495,0.03215,0.17241879181348735,0.758115141905971,0.924
0.2,False,uniform,0.4,0.4,hybrid,17,0.501087792958863,0.3413591267974549,0.27,-0.0187069803351378,0.2536751456280461,0.19346502477504388,0.17,0.11617444479295619,0.24428046015961763,0.2709500000000001,0.7104999999999998,0.6433,0.3182,0.0385,0.1838013876707253,0.7061505678226516,0.905
0.2,False,uniform,0.4,0.4,hybrid,18,0.5282595433746189,0.35370567027395217,0.235,0.027262926724186388,0.3206914200311861,0.24231690489915747,0.215,0.11258690623324698,0.3063020271899504,0.2667,0.7029999999999998,0.60035,0.3399,0.05975,0.21019659001178925,0.8021127036659288,0.894
0.2,False,uniform,0.4,0.4,hybrid,19,0.4817971947725576,0.3108052988314432,0.225,-0.0497691735802565,0.28207030267193556,0.17980923745698893,0.145,0.11740018963675465,0.2721629450801996,0.2667,0.7029999999999998,0.65465,0.3016,0.04375,0.1780720224884796,0.7471305347285349,0.9069999999999999
0.2,False,uniform,0.4,0.4,hybrid,20,0.527119700541352,0.355975303338751,0.305,-0.055172344435564596,0.32700312035301576,0.23432995862822317,0.21,0.11433205338046934,0.31678654782872645,0.26330000000000003,0.6969999999999998,0.6065,0.334,0.0595,0.2015592215237408,0.7808309419265295,0.8795000000000001
0.2,False,uniform,0.0,0.0,individual_baseline,1,0.5380338813570394,0.3679734474059962,0.3,-0.007981103474544466,0.5041130760662443,0.3255685473281828,0.235,0.12562973718435824,0.5035046827390706,0.26925000000000004,0.7075,0.8609,0.13805,0.00105,0.0958845640084343,1.8818399955973646,1.0
0.2,False,uniform,0.0,0.0,individual_baseline,2,0.5039942537498406,0.3469175006679214,0.295,0.0036866701981451565,0.4847935654908331,0.3216327035144758,0.245,0.12594409615098948,0.4856667457053003,0.265,0.6999999999999998,0.85965,0.13965,0.0007,0.1079375488989219,1.645205519854662,1.0
0.2,False,uniform,0.0,0.0,individual_baseline,3,0.4890296296058673,0.31273966582764634,0.235,0.028383773554321506,0.487778557138612,0.31889887006777756,0.255,0.1262163134157905,0.49161907494317303,0.265,0.7,0.86005,0.13965,0.0003,0.09696244998967413,1.7154969394073314,1.0
0.2,False,uniform,0.0,0.0,individual_baseline,4,0.5382270372131428,0.3694220037927441,0.31,0.023981450863306452,0.5352023425157456,0.3632404187687303,0.28,0.12574601212194658,0.5382150526592926,0.26415000000000005,0.6984999999999999,0.8626,0.1366,0.0008,0.10258674467018242,1.925744875539807,1.0
0.2,False,uniform,0.0,0.0,individual_baseline,5,0.5029302632833011,0.3410800256896466,0.275,-0.030124125990214825,0.4914081460966688,0.31979086336449797,0.225,0.12627840094964093,0.48583532739226015,0.2599,0.691,0.84875,0.15045,0.0008,0.11357719234602358,1.7516253033763758,1.0
0.2,False,uniform,0.0,0.0,individual_baseline,6,0.5186356672752157,0.35372815558338894,0.29,0.017608139905300416,0.5135376420656672,0.3495943878495359,0.3,0.12575609543450023,0.51146684935293,0.26245000000000007,0.6954999999999998,0.86025,0.13885,0.0009,0.10058242432787705,1.7459444015613799,1.0
0.2,False,uniform,0.0,0.0,individual_baseline,7,0.513637667411623,0.3427137796535877,0.275,-0.11206898559557577,0.5246174684082578,0.3505215864273704,0.29,0.12608972073456812,0.5241569732889256,0.2667,0.7029999999999998,0.8595,0.14,0.0005,0.10246233076668908,1.8073383157458347,1.0
0.2,False,uniform,0.0,0.0,individual_baseline,8,0.5087707013838418,0.3332962700736829,0.245,0.025120322553727304,0.5214053264111981,0.34310944744370103,0.25,0.12595261091936366,0.5271533446189646,0.265,0.7,0.86005,0.1393,0.00065,0.11534187555604145,1.9512438550751665,1.0
0.2,False,uniform,0.0,0.0,individual_baseline,9,0.5037796340055101,0.3461605189866219,0.3,-0.022980410177733855,0.47960761052798717,0.31211043290933604,0.225,0.1255613725643258,0.482154075703168,0.27095,0.7104999999999998,0.87155,0.12785,0.0006,0.09176517961070603,1.6647638932656197,1.0
0.2,False,uniform,0.0,0.0,individual_baseline,10,0.4783554051954107,0.3144239996038137,0.21,-0.01238283326548078,0.4811247688741284,0.3102963127659984,0.215,0.12601007726502478,0.4830974924978921,0.2709500000000001,0.7104999999999998,0.8637,0.1359,0.0004,0.10335162406767508,1.7081964266061274,1.0
0.2,False,uniform,0.0,0.0,individual_baseline,11,0.5245057294818782,0.35837075653899153,0.275,-0.021009879855325195,0.5142016036764372,0.34872954925319066,0.295,0.12640577360538022,0.5184957673021567,0.26245000000000007,0.6954999999999998,0.85455,0.1451,0.00035,0.10171486424217165,1.7684769644938514,1.0
0.2,False,uniform,0.0,0.0,individual_baseline,12,0.5092713362654364,0.3397313631707085,0.245,-0.056259081515495364,0.5000386116705117,0.32509828418263964,0.21,0.126073026494141,0.4995831408632057,0.26330000000000003,0.6969999999999998,0.85805,0.14135,0.0006,0.09542228812422632,1.7445512139911723,1.0
0.2,False,uniform,0.0,0.0,individual_baseline,13,0.525746492476239,0.3534556794955309,0.275,-0.07199348957661439,0.52392741189941,0.34358529175548214,0.26,0.12605932145550042,0.5272971031209781,0.2667,0.7029999999999998,0.85935,0.1401,0.00055,0.09394624043282207,1.831850181800451,1.0
0.2,False,uniform,0.0,0.0,individual_baseline,14,0.49961878918402114,0.3386953303072227,0.275,-0.04255863750358916,0.488490330028332,0.3244155412039163,0.255,0.12612452946605163,0.4886371828257354,0.26330000000000003,0.6969999999999998,0.86155,0.1381,0.00035,0.10636481896288102,1.632429285317457,1.0
0.2,False,uniform,0.0,0.0,individual_baseline,15,0.49128662390873923,0.316254323074324,0.23,0.09388513261074499,0.49480758117019746,0.315917805401726,0.24,0.1258308862278537,0.49913898925896844,0.26585000000000003,0.7014999999999999,0.85955,0.1396,0.00085,0.09793503938037987,1.6732805773279122,1.0
0.2,False,uniform,0.0,0.0,individual_baseline,16,0.5398227235682644,0.3702421072919897,0.31,-0.016902863364831634,0.4953980015280267,0.3249575426244931,0.26,0.1256910378327918,0.4933546965102443,0.27435000000000004,0.7164999999999999,0.873,0.12665,0.00035,0.09323955749273548,1.713964138531894,1.0
0.2,False,uniform,0.0,0.0,individual_baseline,17,0.501087792958863,0.3413591267974549,0.27,-0.01365931487520464,0.4967519666991143,0.336679247595454,0.26,0.12564616657940314,0.4967243650738981,0.2709500000000001,0.7104999999999998,0.87,0.12945,0.00055,0.09399068644305558,1.6565875046285183,1.0
0.2,False,uniform,0.0,0.0,individual_baseline,18,0.5282595433746189,0.35370567027395217,0.235,0.03833471437217129,0.531713246374872,0.36684396332740177,0.315,0.12610449501281681,0.5419378775619159,0.2667,0.7029999999999998,0.86115,0.13845,0.0004,0.10943454392927322,1.827834908595329,1.0
0.2,False,uniform,0.0,0.0,individual_baseline,19,0.4817971947725576,0.3108052988314432,0.225,-0.06052687908284672,0.48377495981015417,0.3173195004698798,0.255,0.1258453967722682,0.4900286438329565,0.2667,0.7029999999999998,0.86305,0.1363,0.00065,0.09603061010216159,1.6108337584437955,1.0
0.2,False,uniform,0.0,0.0,individual_baseline,20,0.527119700541352,0.355975303338751,0.305,-0.06098129399844456,0.5223117692091678,0.35558202675813083,0.295,0.12605639896701737,0.5257571526005144,0.26330000000000003,0.6969999999999998,0.86145,0.1381,0.00045,0.10182313386351574,1.7932001757142049,1.0
0.2,False,uniform,0.5,0.0,local_cf,1,0.5380338813570394,0.3679734474059962,0.3,-0.01970738029258341,0.521720501870352,0.34524067547516646,0.24,0.12508061686875732,0.5239646287077069,0.26925000000000004,0.7075,0.8801,0.1191,0.0008,0.09740852156307411,1.9262269508255652,1.0
0.2,False,uniform,0.5,0.0,local_cf,2,0.5039942537498406,0.3469175006679214,0.295,0.011071395616369606,0.4991905004547729,0.3372916579471618,0.265,0.12526654638659498,0.5001544064982201,0.265,0.6999999999999998,0.88,0.11945,0.00055,0.10199917474698245,1.665294995929568,1.0
0.2,False,uniform,0.5,0.0,local_cf,3,0.4890296296058673,0.31273966582764634,0.235,0.042559995688763806,0.49654228689407715,0.32679305814727927,0.255,0.12527091469518384,0.49586570543228,0.265,0.7,0.8749,0.1243,0.0008,0.10490088153049103,1.755661240950086,1.0
0.2,False,uniform,0.5,0.0,local_cf,4,0.5382270372131428,0.3694220037927441,0.31,0.026024742022232907,0.5462577496498371,0.3719610805964679,0.295,0.12546076197263298,0.5458052367225524,0.26415000000000005,0.6984999999999999,0.87685,0.1227,0.00045,0.0905506342991456,2.0131549883581075,1.0
0.2,False,uniform,0.5,0.0,local_cf,5,0.5029302632833011,0.3410800256896466,0.275,-0.013238154055185471,0.48268149158807133,0.3151830333684495,0.23,0.12574881642471172,0.48493922450828847,0.2599,0.691,0.86645,0.13295,0.0006,0.1018266663437227,1.6794909581496182,1.0
0.2,False,uniform,0.5,0.0,local_cf,6,0.5186356672752157,0.35372815558338894,0.29,0.0020987565523052478,0.540103770610362,0.37531480531595035,0.295,0.12551625252296525,0.5418581714047507,0.26245000000000007,0.6954999999999998,0.87825,0.12145,0.0003,0.07952532151948229,1.8685497457759837,1.0
0.2,False,uniform,0.5,0.0,local_cf,7,0.513637667411623,0.3427137796535877,0.275,-0.09377034097901359,0.4967003464334212,0.32271963133798265,0.25,0.1256768042078129,0.49605281324757367,0.2667,0.7029999999999998,0.87525,0.1245,0.00025,0.09520091151444042,1.7400293826637654,1.0
0.2,False,uniform,0.5,0.0,local_cf,8,0.5087707013838418,0.3332962700736829,0.245,0.026091638161603918,0.5075694163663976,0.3365111271091778,0.255,0.12589738790022942,0.5109929158069854,0.265,0.7,0.86845,0.13125,0.0003,0.08896624253153888,1.7786658168304799,1.0
0.2,False,uniform,0.5,0.0,local_cf,9,0.5037796340055101,0.3461605189866219,0.3,-0.036479917656898946,0.49685567243428297,0.333985085785992,0.275,0.12524026531890883,0.4986057757782363,0.27095,0.7104999999999998,0.88075,0.1187,0.00055,0.09250485866525554,1.6843973633125748,1.0
0.2,False,uniform,0.5,0.0,local_cf,10,0.4783554051954107,0.3144239996038137,0.21,-0.012841489378295363,0.4672743529962359,0.2953432660601697,0.195,0.1252250659098878,0.46848142331122955,0.2709500000000001,0.7104999999999998,0.88125,0.1182,0.00055,0.10996237366817808,1.6833714898643741,1.0
0.2,False,uniform,0.5,0.0,local_cf,11,0.5245057294818782,0.35837075653899153,0.275,-0.008863756229866406,0.5042602070222112,0.3321128903369218,0.225,0.12571583850214493,0.5032949902964953,0.26245000000000007,0.6954999999999998,0.87215,0.1275,0.00035,0.09717709850669685,1.8115593115935684,1.0
0.2,False,uniform,0.5,0.0,local_cf,12,0.5092713362654364,0.3397313631707085,0.245,-0.054094280118165916,0.5003307428750159,0.33016376182259677,0.27,0.12550182206139485,0.4945755370621667,0.26330000000000003,0.6969999999999998,0.8728,0.1266,0.0006,0.09252126766851643,1.7373040539595335,1.0
0.2,False,uniform,0.5,0.0,local_cf,13,0.525746492476239,0.3534556794955309,0.275,-0.0781215241004223,0.5189305966357082,0.34715720150111745,0.3,0.12537592563139796,0.5217820767898997,0.2667,0.7029999999999998,0.87725,0.1222,0.00055,0.09893269459625455,1.775181864427087,1.0
0.2,False,uniform,0.5,0.0,local_cf,14,0.49961878918402114,0.3386953303072227,0.275,-0.04423840371263474,0.48839885338227623,0.32750757885196946,0.245,0.12557471620727775,0.49200142767097743,0.26330000000000003,0.6969999999999998,0.871,0.1284,0.0006,0.09023531863133848,1.6045437028795284,1.0
0.2,False,uniform,0.5,0.0,local_cf,15,0.49128662390873923,0.316254323074324,0.23,0.06804522420569117,0.48488271745970724,0.3144132531837242,0.23,0.12555098526282535,0.48303221526808104,0.26585000000000003,0.7014999999999999,0.8735,0.126,0.0005,0.09496866835108599,1.6843446296703404,1.0
0.2,False,uniform,0.5,0.0,local_cf,16,0.5398227235682644,0.3702421072919897,0.31,-0.05940030071403418,0.5361742182880385,0.3647225370032244,0.305,0.12521818813713115,0.5361185815517707,0.27435000000000004,0.7164999999999999,0.8823,0.1172,0.0005,0.09169709467705055,1.831582821415731,1.0
0.2,False,uniform,0.5,0.0,local_cf,17,0.501087792958863,0.3413591267974549,0.27,0.00925427023620582,0.48392898581583027,0.3215745105926255,0.23,0.1250482245090825,0.48546141949309024,0.2709500000000001,0.7104999999999998,0.88555,0.1139,0.00055,0.08678631874324867,1.6328982351952566,1.0
0.2,False,uniform,0.5,0.0,local_cf,18,0.5282595433746189,0.35370567027395217,0.235,0.03980123764800707,0.5250634284608122,0.35324236617454696,0.295,0.12515491495230852,0.52572147231576,0.2667,0.7029999999999998,0.8809,0.11845,0.00065,0.10409313725642388,1.8802379131835876,1.0
0.2,False,uniform,0.5,0.0,local_cf,19,0.4817971947725576,0.3108052988314432,0.225,-0.04628355613496897,0.4636404971151908,0.2869189368347151,0.2,0.12568631650828055,0.4666519197401833,0.2667,0.7029999999999998,0.87385,0.12585,0.0003,0.10538791092099033,1.6396455284947131,1.0
0.2,False,uniform,0.5,0.0,local_cf,20,0.527119700541352,0.355975303338751,0.305,-0.08627293659773598,0.5357454455113805,0.36209484355379146,0.295,0.1255387817113565,0.5341626860453972,0.26330000000000003,0.6969999999999998,0.87275,0.1267,0.00055,0.1004483498953957,1.7775045414160777,1.0
0.5,False,uniform,0.0,0.5,global_trending,1,0.5380338813570394,0.3679734474059962,0.3,-0.024362646375120534,0.7231835327594776,0.6474070189143174,0.63,0.16096906535876584,0.6703028927528362,0.26925000000000004,0.7075,0.2897,0.52925,0.18105,0.43012082621409065,2.049839955940272,0.8554999999999999
0.5,False,uniform,0.0,0.5,global_trending,2,0.5039942537498406,0.3469175006679214,0.295,0.006227424610795207,0.6918825440766544,0.602280810655871,0.585,0.16257552364601702,0.6396104759887951,0.265,0.6999999999999998,0.30325,0.51975,0.177,0.41860500946997803,1.8916632474476163,0.8780000000000001
0.5,False,uniform,0.0,0.5,global_trending,3,0.4890296296058673,0.31273966582764634,0.235,0.02974723342370973,0.6686302243651445,0.571027021308616,0.53,0.16987143152214298,0.6181202535199303,0.265,0.7,0.31295,0.5205,0.16655,0.39212932201334544,1.8676950061201112,0.8845000000000001
0.5,False,uniform,0.0,0.5,global_trending,4,0.5382270372131428,0.3694220037927441,0.31,0.011442009359692563,0.7414364796023395,0.6682470832914934,0.65,0.15552500099728778,0.692964340341167,0.26415000000000005,0.6984999999999999,0.27675,0.5363,0.18695,0.4508747970909293,2.144647013434819,0.863
0.5,False,uniform,0.0,0.5,global_trending,5,0.5029302632833011,0.3410800256896466,0.275,-0.012634003864771693,0.6942893890307136,0.612194969592006,0.58,0.16227638127026825,0.648528165378446,0.2599,0.691,0.29905,0.51965,0.1813,0.42583516100068475,1.9244447381367293,0.8695
0.5,False,uniform,0.0,0.5,global_trending,6,0.5186356672752157,0.35372815558338894,0.29,0.010289895610436372,0.707580207360293,0.6321625081396599,0.605,0.15960694001655415,0.6626820953875319,0.26245000000000007,0.6954999999999998,0.28785,0.52275,0.1894,0.4207406120412917,1.9189721355163634,0.8575
0.5,False,uniform,0.0,0.5,global_trending,7,0.513637667411623,0.3427137796535877,0.275,-0.020048622360913326,0.6886889343385592,0.6014753041573253,0.57,0.17072476567999345,0.6444679113806037,0.2667,0.7029999999999998,0.31435,0.48135,0.2043,0.4148170324553322,1.870433181027032,0.8915000000000001
0.5,False,uniform,0.0,0.5,global_trending,8,0.5087707013838418,0.3332962700736829,0.245,-0.03462312269361832,0.695637182672362,0.6057456630400355,0.57,0.16199636791826846,0.6533863250631754,0.265,0.7,0.3009,0.5011,0.198,0.4040050607487921,1.989112651722704,0.845
0.5,False,uniform,0.0,0.5,global_trending,9,0.5037796340055101,0.3461605189866219,0.3,-0.03537300374567608,0.6673416493520251,0.5715949839677288,0.545,0.17310791864381808,0.6164464701351671,0.27095,0.7104999999999998,0.31855,0.51965,0.1618,0.3925963818780197,1.871431938323317,0.9005
0.5,False,uniform,0.0,0.5,global_trending,10,0.4783554051954107,0.3144239996038137,0.21,0.0609907235568707,0.6689436039831341,0.5823378541848132,0.57,0.16878492749403753,0.6191836446015355,0.2709500000000001,0.7104999999999998,0.31465,0.5156,0.16975,0.403154389063687,1.8037495822336014,0.8739999999999999
0.5,False,uniform,0.0,0.5,global_trending,11,0.5245057294818782,0.35837075653899153,0.275,0.010899439609298973,0.7092446439388789,0.6305573581121497,0.615,0.1599947092698835,0.6611796756701697,0.26245000000000007,0.6954999999999998,0.29475,0.52685,0.1784,0.4159631786994746,1.959657741624764,0.8765
0.5,False,uniform,0.0,0.5,global_trending,12,0.5092713362654364,0.3397313631707085,0.245,-0.010172207061858094,0.693884649594745,0.6009477501936229,0.57,0.16516253742082776,0.6452018861958834,0.26330000000000003,0.6969999999999998,0.3049,0.50045,0.19465,0.4235666350689556,1.8958049170930518,0.8544999999999999
0.5,False,uniform,0.0,0.5,global_trending,13,0.525746492476239,0.3534556794955309,0.275,-0.06307114639824571,0.7152707896411123,0.6263354361061341,0.59,0.16781868359478763,0.6676918028960468,0.2667,0.7029999999999998,0.30125,0.51335,0.1854,0.41603183292741575,2.0704912224586103,0.8935
0.5,False,uniform,0.0,0.5,global_trending,14,0.49961878918402114,0.3386953303072227,0.275,-0.0246252563017471,0.6774211324995647,0.5849939750269231,0.545,0.16833279481683186,0.6248635978163055,0.26330000000000003,0.6969999999999998,0.3048,0.5259,0.1693,0.39028255467779716,1.8672303096136336,0.9059999999999999
0.5,False,uniform,0.0,0.5,global_trending,15,0.49128662390873923,0.316254323074324,0.23,0.021979552015376217,0.6732648186873701,0.5760681453575419,0.525,0.17304252953301894,0.63210351669191,0.26585000000000003,0.7014999999999999,0.3231,0.48195,0.19495,0.39877399935590546,1.796979832555309,0.8905
0.5,False,uniform,0.0,0.5,global_trending,16,0.5398227235682644,0.3702421072919897,0.31,0.00211089414014082,0.7030022652907584,0.6113229494523255,0.58,0.1681130045593143,0.650613337984781,0.27435000000000004,0.7164999999999999,0.3102,0.50865,0.18115,0.39513958958685647,2.025463173227857,0.8959999999999999
0.5,False,uniform,0.0,0.5,global_trending,17,0.501087792958863,0.3413591267974549,0.27,-0.010494874558686277,0.6644056786566023,0.5734342454887027,0.55,0.17189045939617878,0.6095548143090012,0.2709500000000001,0.7104999999999998,0.3116,0.52645,0.16195,0.40538158375678784,1.8183474208175665,0.89
0.5,False,uniform,0.0,0.5,global_trending,18,0.5282595433746189,0.35370567027395217,0.235,0.007541509998912944,0.7053277967663206,0.6251165907723495,0.62,0.1623585992074438,0.6555230412372847,0.2667,0.7029999999999998,0.29755,0.51585,0.1866,0.4014856700481232,1.9757807578782574,0.87
0.5,False,uniform,0.0,0.5,global_trending,19,0.4817971947725576,0.3108052988314432,0.225,-0.05130124770130008,0.6691279506408303,0.5742283871452332,0.53,0.16907330943921528,0.6207441327484308,0.2667,0.7029999999999998,0.32375,0.50125,0.175,0.40226427899216893,1.820153289785028,0.905
0.5,False,uniform,0.0,0.5,global_trending,20,0.527119700541352,0.355975303338751,0.305,-0.014081012453072911,0.7021879379549708,0.6118405436730714,0.555,0.16814863702840227,0.6615516760235062,0.26330000000000003,0.6969999999999998,0.3052,0.48235,0.21245,0.40863968419490904,1.9333304247633474,0.8835
0.5,False,uniform,0.4,0.4,hybrid,1,0.5380338813570394,0.3679734474059962,0.3,0.012085814384625117,0.6456716927333304,0.5315743998569816,0.45,0.18542546790538908,0.5986576108384278,0.26925000000000004,0.7075,0.35295,0.4929,0.15415,0.36875654500740324,1.907601447496338,0.9279999999999999
0.5,False,uniform,0.4,0.4,hybrid,2,0.5039942537498406,0.3469175006679214,0.295,0.014590642981238987,0.6084536359971089,0.49420562888736114,0.42,0.18925201194633232,0.5687361707721869,0.265,0.6999999999999998,0.3693,0.48525,0.14545,0.34521281965651845,1.7171797989094804,0.9344999999999999
0.5,False,uniform,0.4,0.4,hybrid,3,0.4890296296058673,0.31273966582764634,0.235,0.012310142244701651,0.6185666401262416,0.5026674449210884,0.445,0.1866225104547157,0.5747532999294637,0.265,0.7,0.36535,0.48215,0.1525,0.3565516648952343,1.7839673728590635,0.9385000000000001
0.5,False,uniform,0.4,0.4,hybrid,4,0.5382270372131428,0.3694220037927441,0.31,0.04039086220296348,0.6855273075417423,0.5852914178161659,0.53,0.17542494556407143,0.6442035290918853,0.26415000000000005,0.6984999999999999,0.3431,0.4815,0.1754,0.3695006514526669,2.006949979177549,0.9225
0.5,False,uniform,0.4,0.4,hybrid,5,0.5029302632833011,0.3410800256896466,0.275,-0.008939127151208055,0.6328193301287096,0.5265123700099845,0.465,0.17972592291824868,0.5968866515645707,0.2599,0.691,0.3553,0.47875,0.16595,0.3599906846818331,1.7553550053995959,0.9475
0.5,False,uniform,0.4,0.4,hybrid,6,0.5186356672752157,0.35372815558338894,0.29,0.011441924944960635,0.6317040815895585,0.5243584802879475,0.465,0.1844621572525912,0.5900978208236249,0.26245000000000007,0.6954999999999998,0.35745,0.49685,0.1457,0.33558816707695355,1.7726007589892512,0.945
0.5,False,uniform,0.4,0.4,hybrid,7,0.513637667411623,0.3427137796535877,0.275,-0.019209838821393144,0.6236672395680384,0.5050293976741217,0.425,0.19112032134374377,0.5820969692843081,0.2667,0.7029999999999998,0.38135,0.457,0.16165,0.3426807661706117,1.8247295402316825,0.934
0.5,False,uniform,0.4,0.4,hybrid,8,0.5087707013838418,0.3332962700736829,0.245,0.014633267701950912,0.6393046917422098,0.5225045571866689,0.45,0.18913285071998667,0.6017679602985448,0.265,0.7,0.3662,0.4733,0.1605,0.35644823552696253,1.885004714882565,0.924
0.5,False,uniform,0.4,0.4,hybrid,9,0.5037796340055101,0.3461605189866219,0.3,-0.03918756444497386,0.5933254339637475,0.4751687559775391,0.42,0.1971689425224678,0.5478315228147107,0.27095,0.7104999999999998,0.3811,0.48345,0.13545,0.3423468760318146,1.6925445303702191,0.9345
0.5,False,uniform,0.4,0.4,hybrid,10,0.4783554051954107,0.3144239996038137,0.21,0.038317240986456405,0.6064896085676156,0.4936372971859659,0.445,0.19133204035723023,0.563378108583265,0.2709500000000001,0.7104999999999998,0.3772,0.47145,0.15135,0.35626781458544843,1.6741597946241122,0.9465
0.5,False,uniform,0.4,0.4,hybrid,11,0.5245057294818782,0.35837075653899153,0.275,0.02046648644971008,0.6311890661497951,0.5252344370390518,0.445,0.1852598671285031,0.5883571340963054,0.26245000000000007,0.6954999999999998,0.3555,0.4901,0.1544,0.3543602804368396,1.7662878687024546,0.9415
0.5,False,uniform,0.4,0.4,hybrid,12,0.5092713362654364,0.3397313631707085,0.245,-0.04192558599020691,0.6211754738569729,0.5074685422852585,0.445,0.18915154236271361,0.5818680412588461,0.26330000000000003,0.6969999999999998,0.3733,0.4741,0.1526,0.3650957226531579,1.6741721349982603,0.9259999999999999
0.5,False,uniform,0.4,0.4,hybrid,13,0.525746492476239,0.3534556794955309,0.275,-0.051614112325542714,0.6511822270294318,0.5370877956023288,0.475,0.18467605903461476,0.6024507530808996,0.2667,0.7029999999999998,0.35735,0.48225,0.1604,0.35562474098950503,1.844174699150015,0.9420000000000001
0.5,False,uniform,0.4,0.4,hybrid,14,0.49961878918402114,0.3386953303072227,0.275,-0.05140432868235984,0.6200656156780339,0.5058647589885755,0.45,0.18412310760723222,0.5736446629781539,0.26330000000000003,0.6969999999999998,0.36755,0.48385,0.1486,0.3477856144965251,1.7319620021046152,0.9405
0.5,False,uniform,0.4,0.4,hybrid,15,0.49128662390873923,0.316254323074324,0.23,0.06394020713550659,0.6467492664050097,0.5253590761552351,0.43,0.18856751642898606,0.6050179885295647,0.26585000000000003,0.7014999999999999,0.37355,0.4638,0.16265,0.3554297283722597,1.7413879652648703,0.9335
0.5,False,uniform,0.4,0.4,hybrid,16,0.5398227235682644,0.3702421072919897,0.31,0.002553626714846997,0.6582804481497431,0.5470741104483899,0.495,0.18650864906212086,0.6076342713649321,0.27435000000000004,0.7164999999999999,0.3584,0.48515,0.15645,0.3698475360871538,1.888459019896666,0.9434999999999999
0.5,False,uniform,0.4,0.4,hybrid,17,0.501087792958863,0.3413591267974549,0.27,-0.012184052203737679,0.5807203109463399,0.46653762559289286,0.4,0.19682294867378478,0.5369741301713722,0.2709500000000001,0.7104999999999998,0.3835,0.4782,0.1383,0.35057872225185827,1.614348337345721,0.9455000000000001
0.5,False,uniform,0.4,0.4,hybrid,18,0.5282595433746189,0.35370567027395217,0.235,0.02484604608904738,0.6441717399571522,0.535227600569761,0.475,0.18391947433419834,0.6016533982380081,0.2667,0.7029999999999998,0.3588,0.48705,0.15415,0.3640039836724196,1.8538010084822667,0.927
0.5,False,uniform,0.4,0.4,hybrid,19,0.4817971947725576,0.3108052988314432,0.225,-0.05532951260551476,0.6337935129782251,0.5223424381648412,0.48,0.1855639131961468,0.588833373391433,0.2667,0.7029999999999998,0.36615,0.47665,0.1572,0.3600743719067008,1.7620778743346874,0.945
0.5,False,uniform,0.4,0.4,hybrid,20,0.527119700541352,0.355975303338751,0.305,-0.0030015550436110774,0.6708347697759891,0.5731719018610295,0.525,0.18101866831800478,0.6263678736098978,0.26330000000000003,0.6969999999999998,0.3567,0.45915,0.18415,0.371447407038643,1.8848085686034521,0.9094999999999999
0.5,False,uniform,0.0,0.0,individual_baseline,1,0.5380338813570394,0.3679734474059962,0.3,-0.006371864149404458,0.6709561726014619,0.549320294286649,0.575,0.26204787846622246,0.6701327159354227,0.26925000000000004,0.7075,0.6417,0.31425,0.04405,0.17959543033084727,2.11466842161993,1.0
0.5,False,uniform,0.0,0.0,individual_baseline,2,0.5039942537498406,0.3469175006679214,0.295,0.038117607833556395,0.6186656006311518,0.4871741729386552,0.5,0.26520548651934633,0.6162462817498658,0.265,0.6999999999999998,0.63085,0.32645,0.0427,0.16820239082051708,1.8896631751304918,1.0
0.5,False,uniform,0.0,0.0,individual_baseline,3,0.4890296296058673,0.31273966582764634,0.235,0.04710124298613041,0.6054165488953965,0.46274500397553353,0.435,0.26421474019381913,0.6005032252661978,0.265,0.7,0.61975,0.33635,0.0439,0.20146730938370966,1.9215524825418075,1.0
0.5,False,uniform,0.0,0.0,individual_baseline,4,0.5382270372131428,0.3694220037927441,0.31,0.05195932728261365,0.6609900137265197,0.5306764921508486,0.545,0.26277134028578464,0.6585820723817227,0.26415000000000005,0.6984999999999999,0.6356,0.3206,0.0438,0.16934273863380017,2.154141143685829,1.0
0.5,False,uniform,0.0,0.0,individual_baseline,5,0.5029302632833011,0.3410800256896466,0.275,-0.022162707551520434,0.6174813271574702,0.4803845627969302,0.46,0.26451228857330256,0.6198498465431499,0.2599,0.691,0.618,0.3384,0.0436,0.18702995894445423,1.9550777162390676,1.0
0.5,False,uniform,0.0,0.0,individual_baseline,6,0.5186356672752157,0.35372815558338894,0.29,-0.006598464193289863,0.6382510395969144,0.5162864080815625,0.53,0.26241910974541005,0.630619654347793,0.26245000000000007,0.6954999999999998,0.6343,0.3215,0.0442,0.16920303575024845,1.935308165363741,1.0
0.5,False,uniform,0.0,0.0,individual_baseline,7,0.513637667411623,0.3427137796535877,0.275,-0.1184911838225309,0.6286315961972258,0.49177842540345634,0.52,0.26297900225701737,0.6267696174540475,0.2667,0.7029999999999998,0.6411,0.31535,0.04355,0.1607224389794224,1.9196077159167138,1.0
0.5,False,uniform,0.0,0.0,individual_baseline,8,0.5087707013838418,0.3332962700736829,0.245,0.07414539117730212,0.6272823129835154,0.4935556262802791,0.505,0.2665589931288871,0.6200430705979291,0.265,0.7,0.63005,0.32815,0.0418,0.1914892410128433,1.9417640382003276,1.0
0.5,False,uniform,0.0,0.0,individual_baseline,9,0.5037796340055101,0.3461605189866219,0.3,-0.02546268862027957,0.6080768253055169,0.48080952559490725,0.51,0.2676115107426014,0.606828775261554,0.27095,0.7104999999999998,0.6327,0.3263,0.041,0.17608353190963272,1.8216418574247315,1.0
0.5,False,uniform,0.0,0.0,individual_baseline,10,0.4783554051954107,0.3144239996038137,0.21,-0.006628485422329872,0.5902790473372354,0.4557822115837681,0.475,0.2655545425406446,0.5884540363278947,0.2709500000000001,0.7104999999999998,0.6283,0.3292,0.0425,0.18640422817345242,1.7835505333058703,1.0
0.5,False,uniform,0.0,0.0,individual_baseline,11,0.5245057294818782,0.35837075653899153,0.275,-0.005931600478097363,0.6480652415043516,0.5234681527021436,0.555,0.2599412576464447,0.6471152156480755,0.26245000000000007,0.6954999999999998,0.6346,0.3196,0.0458,0.16929231690444824,2.014260962632913,1.0
0.5,False,uniform,0.0,0.0,individual_baseline,12,0.5092713362654364,0.3397313631707085,0.245,-0.06923048992886044,0.6316064106541311,0.4999310234708041,0.525,0.2606181590140769,0.6340722011431559,0.26330000000000003,0.6969999999999998,0.6344,0.32015,0.04545,0.19093646657765728,1.940704598022666,1.0
0.5,False,uniform,0.0,0.0,individual_baseline,13,0.525746492476239,0.3534556794955309,0.275,-0.09432701668440752,0.6445752981325793,0.5079670320935402,0.53,0.2625744305234544,0.6365918278033353,0.2667,0.7029999999999998,0.6407,0.31555,0.04375,0.20258008133690997,2.018561963078423,1.0
0.5,False,uniform,0.0,0.0,individual_baseline,14,0.49961878918402114,0.3386953303072227,0.275,-0.04782106186995664,0.6069087271284273,0.47340788108220644,0.47,0.2617820947878398,0.6044845012957903,0.26330000000000003,0.6969999999999998,0.63,0.325,0.045,0.17812453161593367,1.8273444948208297,1.0
0.5,False,uniform,0.0,0.0,individual_baseline,15,0.49128662390873923,0.316254323074324,0.23,0.10571206911994509,0.6228705575089585,0.4807127446086132,0.48,0.26385304934654724,0.6208862308895998,0.26585000000000003,0.7014999999999999,0.625,0.3313,0.0437,0.17981358165045816,1.992759775549709,1.0
0.5,False,uniform,0.0,0.0,individual_baseline,16,0.5398227235682644,0.3702421072919897,0.31,-0.03669053933842062,0.6561303514723139,0.5174234977112965,0.53,0.2700615129742824,0.6523343761683111,0.27435000000000004,0.7164999999999999,0.63115,0.3292,0.03965,0.17962706257945527,2.1474135034819954,1.0
0.5,False,uniform,0.0,0.0,individual_baseline,17,0.501087792958863,0.3413591267974549,0.27,0.015617242131657128,0.617891059001876,0.48888448212607527,0.51,0.2658714440719598,0.618518736734567,0.2709500000000001,0.7104999999999998,0.6367,0.3215,0.0418,0.18112910798001272,1.8827888725402684,1.0
0.5,False,uniform,0.0,0.0,individual_baseline,18,0.5282595433746189,0.35370567027395217,0.235,0.031354605620208954,0.6575469581423357,0.5279094434766171,0.555,0.26701056792036887,0.652170191095489,0.2667,0.7029999999999998,0.6397,0.31935,0.04095,0.1609684839894517,2.100918425443537,1.0
0.5,False,uniform,0.0,0.0,individual_baseline,19,0.4817971947725576,0.3108052988314432,0.225,-0.06562324727340632,0.5823706415057236,0.4519330795814635,0.47,0.2660659621179585,0.579208831827637,0.2667,0.7029999999999998,0.6152,0.342,0.0428,0.2104340618223651,1.7122525476191612,1.0
0.5,False,uniform,0.0,0.0,individual_baseline,20,0.527119700541352,0.355975303338751,0.305,-0.09708461540157451,0.6316919580139014,0.49690363581452,0.53,0.2619201872583264,0.6241425172786121,0.26330000000000003,0.6969999999999998,0.6383,0.31735,0.04435,0.17629809986914333,1.9287182622016326,1.0
0.5,False,uniform,0.5,0.0,local_cf,1,0.5380338813570394,0.3679734474059962,0.3,0.008038719305264827,0.6445195415989008,0.5169986221075537,0.525,0.2736954234358217,0.6414475095855212,0.26925000000000004,0.7075,0.63895,0.32455,0.0365,0.1906989518635119,2.0168768973542712,1.0
0.5,False,uniform,0.5,0.0,local_cf,2,0.5039942537498406,0.3469175006679214,0.295,0.040102794761251434,0.6013117166980891,0.47497341932450754,0.5,0.26931236958843224,0.6004530597168758,0.265,0.6999999999999998,0.63495,0.3254,0.03965,0.1658362250563172,1.759690980173684,1.0
0.5,False,uniform,0.5,0.0,local_cf,3,0.4890296296058673,0.31273966582764634,0.235,0.050013231411661814,0.5997291009603586,0.46288483807511227,0.47,0.26890943757633357,0.5952991663790665,0.265,0.7,0.6314,0.32835,0.04025,0.1697729341891128,1.830142868370312,1.0
0.5,False,uniform,0.5,0.0,local_cf,4,0.5382270372131428,0.3694220037927441,0.31,0.04971491301306331,0.6411599982125651,0.5111626393411102,0.52,0.26944277300209846,0.6357904669136084,0.26415000000000005,0.6984999999999999,0.6462,0.315,0.0388,0.1699178015614238,2.010933633622496,1.0
0.5,False,uniform,0.5,0.0,local_cf,5,0.5029302632833011,0.3410800256896466,0.275,-0.02928282684672997,0.593337275643838,0.456023484658736,0.435,0.269093083075244,0.5925469193462252,0.2599,0.691,0.62085,0.3386,0.04055,0.18084109375547566,1.8295682572971599,1.0
0.5,False,uniform,0.5,0.0,local_cf,6,0.5186356672752157,0.35372815558338894,0.29,-0.01001532139087721,0.6320510422200604,0.5141753472708835,0.55,0.2671109027664284,0.6301565516608101,0.26245000000000007,0.6954999999999998,0.65125,0.30845,0.0403,0.16270624213532225,1.8588199059815635,1.0
0.5,False,uniform,0.5,0.0,local_cf,7,0.513637667411623,0.3427137796535877,0.275,-0.12277659887320092,0.6236503193017685,0.48459038433799245,0.54,0.26672857577769893,0.616750647351772,0.2667,0.7029999999999998,0.65305,0.30675,0.0402,0.17340100517211338,1.9002078793568278,1.0
0.5,False,uniform,0.5,0.0,local_cf,8,0.5087707013838418,0.3332962700736829,0.245,0.052898679574426205,0.6311369108690793,0.4925755981397154,0.495,0.26757628882994355,0.6296153146723816,0.265,0.7,0.6399,0.3195,0.0406,0.1690183517957846,2.0251259287035004,1.0
0.5,False,uniform,0.5,0.0,local_cf,9,0.5037796340055101,0.3461605189866219,0.3,-0.03359018304672658,0.6049119172749058,0.47540405587425744,0.475,0.27183917752221753,0.6062472692531367,0.27095,0.7104999999999998,0.64675,0.3159,0.03735,0.1783271525511382,1.827500344455926,1.0
0.5,False,uniform,0.5,0.0,local_cf,10,0.4783554051954107,0.3144239996038137,0.21,-0.026245339248583955,0.575528584030661,0.4356291233693983,0.45,0.27037192505136515,0.5762157339332649,0.2709500000000001,0.7104999999999998,0.63545,0.32535,0.0392,0.15896189226272306,1.7742544385943364,1.0
0.5,False,uniform,0.5,0.0,local_cf,11,0.5245057294818782,0.35837075653899153,0.275,-0.002477165550143963,0.6341693834311212,0.5063876667301065,0.54,0.2676999867347661,0.6338224027766514,0.26245000000000007,0.6954999999999998,0.64295,0.3169,0.04015,0.16233105870562997,1.964754186870336,1.0
0.5,False,uniform,0.5,0.0,local_cf,12,0.5092713362654364,0.3397313631707085,0.245,-0.06436377860013621,0.6090466106090193,0.4722684316507978,0.47,0.2685986314676282,0.6046928783296345,0.26330000000000003,0.6969999999999998,0.62685,0.3324,0.04075,0.18754489977695343,1.8381311902309851,1.0
0.5,False,uniform,0.5,0.0,local_cf,13,0.525746492476239,0.3534556794955309,0.275,-0.101700679122902,0.6294834431488499,0.489508916855991,0.5,0.2712974727064278,0.6298914589638532,0.2667,0.7029999999999998,0.63915,0.3228,0.03805,0.1614185975321845,1.93465038964326,1.0
0.5,False,uniform,0.5,0.0,local_cf,14,0.49961878918402114,0.3386953303072227,0.275,-0.06137161694118328,0.6044929275855929,0.46484601897782407,0.47,0.2650139824330256,0.6020875016707333,0.26330000000000003,0.6969999999999998,0.64265,0.31535,0.042,0.19088865770027916,1.8850481619440294,1.0
0.5,False,uniform,0.5,0.0,local_cf,15,0.49128662390873923,0.316254323074324,0.23,0.12105570413982722,0.6192797843359594,0.4629278152394317,0.44,0.2688320929943403,0.6213560289119895,0.26585000000000003,0.7014999999999999,0.63205,0.32775,0.0402,0.19530474681364346,1.9676787774195805,1.0
0.5,False,uniform,0.5,0.0,local_cf,16,0.5398227235682644,0.3702421072919897,0.31,-0.0574896294351527,0.655985253253213,0.516174048874966,0.55,0.2701143294010422,0.6552897765368911,0.27435000000000004,0.7164999999999999,0.6552,0.30685,0.03795,0.19700939654032937,2.0415464804682135,1.0
0.5,False,uniform,0.5,0.0,local_cf,17,0.501087792958863,0.3413591267974549,0.27,0.0059411638403460065,0.6226663606054613,0.4930368093069168,0.515,0.2680814456175613,0.6208440446080793,0.2709500000000001,0.7104999999999998,0.6561,0.3046,0.0393,0.17067405795789958,1.9102099207945669,1.0
0.5,False,uniform,0.5,0.0,local_cf,18,0.5282595433746189,0.35370567027395217,0.235,0.034784297128092494,0.6552876862656163,0.521808005389224,0.55,0.27137325296225845,0.6534114110123082,0.2667,0.7029999999999998,0.6482,0.3141,0.0377,0.16072268281650004,2.0589869116001718,1.0
0.5,False,uniform,0.5,0.0,local_cf,19,0.4817971947725576,0.3108052988314432,0.225,-0.08110831601910756,0.6076350814530432,0.45999896374613686,0.43,0.26810865773731435,0.609704557933486,0.2667,0.7029999999999998,0.6307,0.3286,0.0407,0.19661920804186062,1.8967903077709973,1.0
0.5,False,uniform,0.5,0.0,local_cf,20,0.527119700541352,0.355975303338751,0.305,-0.07825432157589189,0.6328553245017235,0.4974073051812144,0.525,0.2676855198885529,0.6249391167914665,0.26330000000000003,0.6969999999999998,0.64285,0.31685,0.0403,0.17941878585106685,1.873356777490929,1.0
1.0,False,uniform,0.0,0.5,global_trending,1,0.5380338813570394,0.3679734474059962,0.3,-0.014545143484904672,0.9187392266790883,0.8767453146536869,0.895,0.16952014780575286,0.8528773883956771,0.26925000000000004,0.7075,0.23655,0.48605,0.2774,0.46803395804715636,5.149835624916829,0.9584999999999999
1.0,False,uniform,0.0,0.5,global_trending,2,0.5039942537498406,0.3469175006679214,0.295,0.05031389240026973,0.8879256796494728,0.8378898553658479,0.86,0.17156933178304104,0.828020259577795,0.265,0.6999999999999998,0.2457,0.47475,0.27955,0.4821162631947631,3.661175180429553,0.9684999999999999
1.0,False,uniform,0.0,0.5,global_trending,3,0.4890296296058673,0.31273966582764634,0.235,0.05746380374352349,0.9103928773548741,0.8645488570146793,0.9,0.16998450338948123,0.849961257652059,0.265,0.7,0.23905,0.48005,0.2809,0.486893616082883,3.8464049782019436,0.9605000000000001
1.0,False,uniform,0.0,0.5,global_trending,4,0.5382270372131428,0.3694220037927441,0.31,0.01466575001541989,0.9375199696906833,0.903452304783865,0.935,0.16169641397621995,0.880416612634652,0.26415000000000005,0.6984999999999999,0.2341,0.4712,0.2947,0.5163420193628113,5.488404321163931,0.9444999999999999
1.0,False,uniform,0.0,0.5,global_trending,5,0.5029302632833011,0.3410800256896466,0.275,0.0004290866453517106,0.9112507000406712,0.8712183379989348,0.89,0.1616195790039852,0.8533221856134864,0.2599,0.691,0.23245,0.4791,0.28845,0.49655936762431907,4.492349709759873,0.9505
1.0,False,uniform,0.0,0.5,global_trending,6,0.5186356672752157,0.35372815558338894,0.29,0.021454742945579183,0.910739119091774,0.8721375544119669,0.885,0.16661023515613713,0.8544667654493029,0.26245000000000007,0.6954999999999998,0.2335,0.4879,0.2786,0.5207815097706706,3.976177859818581,0.9660000000000001
1.0,False,uniform,0.0,0.5,global_trending,7,0.513637667411623,0.3427137796535877,0.275,-0.03311246893728861,0.9189552644040391,0.8802578743854528,0.915,0.1713271497429518,0.8631638809089458,0.2667,0.7029999999999998,0.24285,0.4544,0.30275,0.4932379388940462,4.19542312484324,0.9420000000000001
1.0,False,uniform,0.0,0.5,global_trending,8,0.5087707013838418,0.3332962700736829,0.245,-0.013067024591842422,0.9132064966545776,0.880368255819815,0.91,0.16602521362781547,0.8554846640556478,0.265,0.7,0.23585,0.47375,0.2904,0.4799660134703466,4.203086984507923,0.935
1.0,False,uniform,0.0,0.5,global_trending,9,0.5037796340055101,0.3461605189866219,0.3,0.00302915034879518,0.9145056523524192,0.8695782970631427,0.9,0.172324120161164,0.8458808762644172,0.27095,0.7104999999999998,0.2412,0.4867,0.2721,0.49881637102358395,5.006384178181683,0.978
1.0,False,uniform,0.0,0.5,global_trending,10,0.4783554051954107,0.3144239996038137,0.21,0.01903935258430061,0.9216193249270381,0.8859630839492888,0.925,0.16940819008122546,0.8572731917738262,0.2709500000000001,0.7104999999999998,0.23565,0.48685,0.2775,0.5094161414669497,4.7441756225922616,0.956
1.0,False,uniform,0.0,0.5,global_trending,11,0.5245057294818782,0.35837075653899153,0.275,0.029694557771846274,0.9094432455040007,0.8668885833062216,0.9,0.16618907906288544,0.8476658075772047,0.26245000000000007,0.6954999999999998,0.23625,0.47915,0.2846,0.4945082357970933,4.359338829382729,0.9460000000000001
1.0,False,uniform,0.0,0.5,global_trending,12,0.5092713362654364,0.3397313631707085,0.245,-0.04087451193448896,0.937445008356979,0.8969239807568195,0.925,0.16286922421355154,0.8792011101551723,0.26330000000000003,0.6969999999999998,0.22835,0.4699,0.30175,0.5064810335207758,4.038202534713808,0.9465
1.0,False,uniform,0.0,0.5,global_trending,13,0.525746492476239,0.3534556794955309,0.275,-0.05550706882508777,0.9266991217929802,0.8872038652692487,0.91,0.16538950564477056,0.869179302373728,0.2667,0.7029999999999998,0.2394,0.4629,0.2977,0.47880667481107975,4.082373049069102,0.953
1.0,False,uniform,0.0,0.5,global_trending,14,0.49961878918402114,0.3386953303072227,0.275,-0.06918350298317563,0.8989690181208365,0.8512297107597553,0.895,0.17004354576748199,0.8390669296249196,0.26330000000000003,0.6969999999999998,0.24005,0.47045,0.2895,0.48614832692835086,3.753582698606419,0.96
1.0,False,uniform,0.0,0.5,global_trending,15,0.49128662390873923,0.316254323074324,0.23,0.053269459498260584,0.8882603821924739,0.8367379221836859,0.865,0.17850535981363108,0.8332083974206981,0.26585000000000003,0.7014999999999999,0.25765,0.4541,0.28825,0.48208858554683104,3.648940024020851,0.9565
1.0,False,uniform,0.0,0.5,global_trending,16,0.5398227235682644,0.3702421072919897,0.31,-0.016888579943758114,0.909815646768733,0.871302960314623,0.9,0.17180556049445958,0.8430517210780664,0.27435000000000004,0.7164999999999999,0.2492,0.4702,0.2806,0.4936910744438876,4.39636103944458,0.955
1.0,False,uniform,0.0,0.5,global_trending,17,0.501087792958863,0.3413591267974549,0.27,-0.02208632488993069,0.8903949497684397,0.8441458042042818,0.88,0.17798407717694914,0.829602605905128,0.2709500000000001,0.7104999999999998,0.2469,0.4824,0.2707,0.4981018022917354,3.7279461195125223,0.9525
1.0,False,uniform,0.0,0.5,global_trending,18,0.5282595433746189,0.35370567027395217,0.235,0.03852201203687097,0.9316954955779891,0.8927799834408279,0.92,0.16340949694733592,0.8700811193695432,0.2667,0.7029999999999998,0.23605,0.4774,0.28655,0.48374495389869876,4.869380630934831,0.9695
1.0,False,uniform,0.0,0.5,global_trending,19,0.4817971947725576,0.3108052988314432,0.225,-0.04583507059823456,0.8851535185325503,0.8359879061775665,0.86,0.17428121521217432,0.8274591830371594,0.2667,0.7029999999999998,0.2495,0.46545,0.28505,0.47734306241883756,3.563706195349016,0.9520000000000001
1.0,False,uniform,0.0,0.5,global_trending,20,0.527119700541352,0.355975303338751,0.305,-0.05450148520084185,0.9252000167369374,0.8850096482700242,0.92,0.164617931671022,0.8675711538102121,0.26330000000000003,0.6969999999999998,0.24325,0.4502,0.30655,0.5066699128385332,3.9370578490192822,0.9534999999999999
1.0,False,uniform,0.4,0.4,hybrid,1,0.5380338813570394,0.3679734474059962,0.3,-0.024319677152707574,0.8996409481981399,0.8460585276338128,0.885,0.20058519303699293,0.8352100335175732,0.26925000000000004,0.7075,0.29365,0.4611,0.24525,0.47647919011132617,4.464298814186402,0.9744999999999999
1.0,False,uniform,0.4,0.4,hybrid,2,0.5039942537498406,0.3469175006679214,0.295,0.04585735826115609,0.8593153440052004,0.7981083517615454,0.84,0.2029578180545667,0.8012404197499822,0.265,0.6999999999999998,0.3009,0.446,0.2531,0.43238677299192035,2.91963941699009,0.9705000000000001
1.0,False,uniform,0.4,0.4,hybrid,3,0.4890296296058673,0.31273966582764634,0.235,0.04041028022502448,0.8601153312633698,0.7933897508693633,0.82,0.20472845097594722,0.7962854557269213,0.265,0.7,0.29765,0.45615,0.2462,0.4565641690820151,3.607662091926413,0.9795
1.0,False,uniform,0.4,0.4,hybrid,4,0.5382270372131428,0.3694220037927441,0.31,0.02143455246580471,0.9019989150377148,0.8484152818904542,0.885,0.19389361360000265,0.8390679541227535,0.26415000000000005,0.6984999999999999,0.2872,0.44875,0.26405,0.4384340575003057,4.664163734147886,0.961
1.0,False,uniform,0.4,0.4,hybrid,5,0.5029302632833011,0.3410800256896466,0.275,-0.007869551877185134,0.874826652081517,0.8102844596019574,0.84,0.20187694117404584,0.8139267628633258,0.2599,0.691,0.29575,0.4553,0.24895,0.44982804319248787,3.993698480064868,0.9775
1.0,False,uniform,0.4,0.4,hybrid,6,0.5186356672752157,0.35372815558338894,0.29,-0.01324747078762957,0.8824943570135986,0.8213232990929913,0.86,0.2023173968430303,0.8199231301102522,0.26245000000000007,0.6954999999999998,0.29165,0.4678,0.24055,0.4423398225671273,3.9852458947681986,0.9839999999999999
1.0,False,uniform,0.4,0.4,hybrid,7,0.513637667411623,0.3427137796535877,0.275,0.0011015120665537558,0.8851229442379511,0.8283585291867639,0.865,0.20277321161185247,0.8251039946767087,0.2667,0.7029999999999998,0.2951,0.4437,0.2612,0.4328038955819696,4.190116102647227,0.955
1.0,False,uniform,0.4,0.4,hybrid,8,0.5087707013838418,0.3332962700736829,0.245,0.0023552693780967892,0.8635233508381873,0.7992048602592905,0.845,0.2059738133867882,0.8035487493076274,0.265,0.7,0.3001,0.452,0.2479,0.41201560464086695,3.658816448787879,0.9715
1.0,False,uniform,0.4,0.4,hybrid,9,0.5037796340055101,0.3461605189866219,0.3,0.012650317464983461,0.8349150116850237,0.7693428812787073,0.83,0.2130383846349784,0.766051662368499,0.27095,0.7104999999999998,0.31115,0.4502,0.23865,0.43730784854295346,3.118915751332897,0.976
1.0,False,uniform,0.4,0.4,hybrid,10,0.4783554051954107,0.3144239996038137,0.21,0.05529401077010796,0.8769092820195659,0.808965298191055,0.86,0.20824323938515732,0.8122079114841944,0.2709500000000001,0.7104999999999998,0.29475,0.45925,0.246,0.45505453522860845,3.5558885083978833,0.9675
1.0,False,uniform,0.4,0.4,hybrid,11,0.5245057294818782,0.35837075653899153,0.275,-0.002288985990218446,0.8620164864048958,0.799997215383049,0.825,0.20623116937195732,0.8033342003741865,0.26245000000000007,0.6954999999999998,0.3,0.46145,0.23855,0.43655168235689173,3.6218889976193784,0.9795
1.0,False,uniform,0.4,0.4,hybrid,12,0.5092713362654364,0.3397313631707085,0.245,-0.061747363843342826,0.8903078226351576,0.8249900474510102,0.845,0.2013442037340532,0.8285746845683103,0.26330000000000003,0.6969999999999998,0.2963,0.45215,0.25155,0.4531739698488754,3.417627572951972,0.978
1.0,False,uniform,0.4,0.4,hybrid,13,0.525746492476239,0.3534556794955309,0.275,-0.05242300003089369,0.874125899032871,0.8122151921273951,0.855,0.20313438461738687,0.8106389446562734,0.2667,0.7029999999999998,0.2996,0.4473,0.2531,0.43922795426694544,3.713559215584541,0.9615
1.0,False,uniform,0.4,0.4,hybrid,14,0.49961878918402114,0.3386953303072227,0.275,-0.042686873690547245,0.8459118664168886,0.7719754654455415,0.81,0.20648885521705318,0.7823269548414238,0.26330000000000003,0.6969999999999998,0.299,0.4554,0.2456,0.4045414347824466,3.329726290884683,0.9705000000000001
1.0,False,uniform,0.4,0.4,hybrid,15,0.49128662390873923,0.316254323074324,0.23,0.07415326123814452,0.8945490770065931,0.8276471252257918,0.89,0.20411238783940064,0.8276066261486592,0.26585000000000003,0.7014999999999999,0.2967,0.4467,0.2566,0.449906577580609,3.34769407773801,0.9505
1.0,False,uniform,0.4,0.4,hybrid,16,0.5398227235682644,0.3702421072919897,0.31,-0.08334235633004675,0.89561781461306,0.8256680283097854,0.88,0.20596897300334022,0.8295884782500249,0.27435000000000004,0.7164999999999999,0.3099,0.44595,0.24415,0.4318966710610809,3.077628687521876,0.9614999999999999
1.0,False,uniform,0.4,0.4,hybrid,17,0.501087792958863,0.3413591267974549,0.27,-0.012201922420274675,0.8481206425702242,0.7838225380126937,0.815,0.21072716590963125,0.7810121682985185,0.2709500000000001,0.7104999999999998,0.3036,0.45865,0.23775,0.43880568708935314,3.2647736842208483,0.9830000000000001
1.0,False,uniform,0.4,0.4,hybrid,18,0.5282595433746189,0.35370567027395217,0.235,0.03468061953224973,0.9105824007572006,0.8582074860373602,0.91,0.1963314002251535,0.8486350605185572,0.2667,0.7029999999999998,0.2869,0.45315,0.25995,0.4603389660340323,4.284147253935058,0.9584999999999999
1.0,False,uniform,0.4,0.4,hybrid,19,0.4817971947725576,0.3108052988314432,0.225,-0.055635892206118386,0.8773143488602377,0.8123457714316757,0.86,0.20613320092821638,0.8170834036522305,0.2667,0.7029999999999998,0.30325,0.4445,0.25225,0.4228027094521852,3.871251721758886,0.9615
1.0,False,uniform,0.4,0.4,hybrid,20,0.527119700541352,0.355975303338751,0.305,-0.03667327614097334,0.8680953140544665,0.8045972775754988,0.855,0.20383113298113645,0.8102385659577734,0.26330000000000003,0.6969999999999998,0.29785,0.4436,0.25855,0.4121118319952521,3.8550526578852837,0.96
1.0,False,uniform,0.0,0.0,individual_baseline,1,0.5380338813570394,0.3679734474059962,0.3,-0.014630204708749166,0.8380602149996039,0.7697309599701191,0.825,0.34666257291079733,0.8206222636064127,0.26925000000000004,0.7075,0.5883,0.2943,0.1174,0.20499790670624513,3.153467056115081,1.0
1.0,False,uniform,0.0,0.0,individual_baseline,2,0.5039942537498406,0.3469175006679214,0.295,0.0586312138757561,0.7889053768227003,0.7099742575886373,0.765,0.3443867753391342,0.7768806746831651,0.265,0.6999999999999998,0.57635,0.30415,0.1195,0.19740440679967663,2.673531628334733,1.0
1.0,False,uniform,0.0,0.0,individual_baseline,3,0.4890296296058673,0.31273966582764634,0.235,0.06006958334000993,0.8270586161136623,0.7468900341143335,0.79,0.34628665421705646,0.8133732389803413,0.265,0.7,0.5704,0.31085,0.11875,0.1900688923710502,3.1618071605592424,1.0
1.0,False,uniform,0.0,0.0,individual_baseline,4,0.5382270372131428,0.3694220037927441,0.31,0.0539914223657923,0.842587157078176,0.7724616587351646,0.82,0.34394678264315887,0.8295322911940076,0.26415000000000005,0.6984999999999999,0.5887,0.2925,0.1188,0.17032224254060047,3.247202009524991,1.0
1.0,False,uniform,0.0,0.0,individual_baseline,5,0.5029302632833011,0.3410800256896466,0.275,-0.012263626598868614,0.8008381417284776,0.7262002745811766,0.77,0.3368344805383546,0.7871455686327145,0.2599,0.691,0.5727,0.30425,0.12305,0.17297269970880919,2.7491783697701035,1.0
1.0,False,uniform,0.0,0.0,individual_baseline,6,0.5186356672752157,0.35372815558338894,0.29,0.021251591084154562,0.8421985463401113,0.7704829328594723,0.82,0.3400003707918004,0.8313217708872119,0.26245000000000007,0.6954999999999998,0.5902,0.28925,0.12055,0.18724791166595153,3.2469943500941034,1.0
1.0,False,uniform,0.0,0.0,individual_baseline,7,0.513637667411623,0.3427137796535877,0.275,-0.13266215688613217,0.7736272171654737,0.6801095966282673,0.745,0.3395395893972395,0.758915921349934,0.2667,0.7029999999999998,0.58055,0.29785,0.1216,0.20179051050553062,2.569445449015542,1.0
1.0,False,uniform,0.0,0.0,individual_baseline,8,0.5087707013838418,0.3332962700736829,0.245,0.04313278634587976,0.8517321773420633,0.7850611406018735,0.855,0.34218216916824856,0.8374471156676312,0.265,0.7,0.59075,0.28995,0.1193,0.19511995357283152,3.4211789473295338,1.0
1.0,False,uniform,0.0,0.0,individual_baseline,9,0.5037796340055101,0.3461605189866219,0.3,-0.004135493280324805,0.8157665916379498,0.740161022810625,0.77,0.34530115140506523,0.7986881916395311,0.27095,0.7104999999999998,0.5724,0.3084,0.1192,0.19042067233739368,2.9528372771500924,1.0
1.0,False,uniform,0.0,0.0,individual_baseline,10,0.4783554051954107,0.3144239996038137,0.21,0.002556727036657285,0.8092839168766207,0.7280585726070862,0.76,0.342832318865723,0.7958884982113087,0.2709500000000001,0.7104999999999998,0.5689,0.31025,0.12085,0.19817376646134466,2.975222561688613,1.0
1.0,False,uniform,0.0,0.0,individual_baseline,11,0.5245057294818782,0.35837075653899153,0.275,-0.00533089735146687,0.8394705680317865,0.7719582074654937,0.81,0.3413814006640987,0.823884635795462,0.26245000000000007,0.6954999999999998,0.5872,0.293,0.1198,0.19467236987953418,3.237715265549784,1.0
1.0,False,uniform,0.0,0.0,individual_baseline,12,0.5092713362654364,0.3397313631707085,0.245,-0.10183863906322438,0.830884391183391,0.7548331794036531,0.82,0.3381755389811056,0.8133904482937669,0.26330000000000003,0.6969999999999998,0.58535,0.29275,0.1219,0.1777744548967409,3.2991127071179824,1.0
1.0,False,uniform,0.0,0.0,individual_baseline,13,0.525746492476239,0.3534556794955309,0.275,-0.11869577334700261,0.8249156159912941,0.7397097369261313,0.82,0.3416425908080929,0.8127049358456462,0.2667,0.7029999999999998,0.5876,0.29225,0.12015,0.1752595654895319,3.124787505506176,1.0
1.0,False,uniform,0.0,0.0,individual_baseline,14,0.49961878918402114,0.3386953303072227,0.275,-0.10691301231073286,0.7923940978565451,0.7046372730438296,0.76,0.3346391145556514,0.7792900061689931,0.26330000000000003,0.6969999999999998,0.5753,0.3006,0.1241,0.20223443585783157,2.5306658600682015,1.0
1.0,False,uniform,0.0,0.0,individual_baseline,15,0.49128662390873923,0.316254323074324,0.23,0.1198715629817244,0.8075096425696833,0.7164911093875977,0.78,0.34340118005491815,0.7916668958552501,0.26585000000000003,0.7014999999999999,0.58465,0.29635,0.119,0.1802071237501093,2.594501813012474,1.0
1.0,False,uniform,0.0,0.0,individual_baseline,16,0.5398227235682644,0.3702421072919897,0.31,-0.07026395700274757,0.8397202634255669,0.7610285513886244,0.83,0.3503174749568605,0.8225593429575898,0.27435000000000004,0.7164999999999999,0.5995,0.28515,0.11535,0.2011275949727518,3.1730905320282696,1.0
1.0,False,uniform,0.0,0.0,individual_baseline,17,0.501087792958863,0.3413591267974549,0.27,0.0011765105110053665,0.7913814249184697,0.7064621956673147,0.75,0.3418960392398938,0.7783990499544384,0.2709500000000001,0.7104999999999998,0.583,0.29715,0.11985,0.19940886076046369,2.7615533984106926,1.0
1.0,False,uniform,0.0,0.0,individual_baseline,18,0.5282595433746189,0.35370567027395217,0.235,0.023194704159974266,0.8447138004116828,0.7721427197038764,0.825,0.3459314433314239,0.8307050516526391,0.2667,0.7029999999999998,0.58875,0.29355,0.1177,0.20426684494656683,3.2994451385242765,1.0
1.0,False,uniform,0.0,0.0,individual_baseline,19,0.4817971947725576,0.3108052988314432,0.225,-0.08873241217286992,0.8151402289323972,0.7330799001916236,0.795,0.34458877309880664,0.8004087079802771,0.2667,0.7029999999999998,0.5758,0.30495,0.11925,0.19050895458853082,2.808856084123895,1.0
1.0,False,uniform,0.0,0.0,individual_baseline,20,0.527119700541352,0.355975303338751,0.305,-0.11336352350214962,0.8168950507725239,0.7353227813404815,0.795,0.33601473587611613,0.8047216958617827,0.26330000000000003,0.6969999999999998,0.58845,0.28885,0.1227,0.1665688824390743,2.7285453929976407,1.0
1.0,False,uniform,0.5,0.0,local_cf,1,0.5380338813570394,0.3679734474059962,0.3,-0.02458048538141842,0.8471037627742259,0.7785595561718509,0.845,0.3531251112275193,0.8305446381611241,0.26925000000000004,0.7075,0.60675,0.2802,0.11305,0.18344635679300098,3.3898143280839,1.0
1.0,False,uniform,0.5,0.0,local_cf,2,0.5039942537498406,0.3469175006679214,0.295,0.09553294154812832,0.7994239549676682,0.7114045407618361,0.765,0.35169643524976785,0.7903622061053853,0.265,0.6999999999999998,0.5867,0.29825,0.11505,0.19773819291148265,2.790218562193241,1.0
1.0,False,uniform,0.5,0.0,local_cf,3,0.4890296296058673,0.31273966582764634,0.235,0.06735758145338189,0.8294020312271622,0.7516080873664435,0.82,0.3463893104978797,0.8137604445581281,0.265,0.7,0.58825,0.29385,0.1179,0.19153111131331768,3.3012523325740424,1.0
1.0,False,uniform,0.5,0.0,local_cf,4,0.5382270372131428,0.3694220037927441,0.31,0.06328428424933386,0.8187925489825176,0.7450589191571936,0.805,0.34740902986819433,0.8052056860381893,0.26415000000000005,0.6984999999999999,0.5962,0.2874,0.1164,0.20534155840216312,2.8109577889274475,1.0
1.0,False,uniform,0.5,0.0,local_cf,5,0.5029302632833011,0.3410800256896466,0.275,-0.06147437540614484,0.8220012349589948,0.7406393245652868,0.795,0.34863406275534087,0.8084149568506968,0.2599,0.691,0.5819,0.30105,0.11705,0.19416112941743754,2.9721542479933256,1.0
1.0,False,uniform,0.5,0.0,local_cf,6,0.5186356672752157,0.35372815558338894,0.29,-0.0037730847765053265,0.7842837242724857,0.7060622542537551,0.76,0.3478703519525992,0.7663117535878458,0.26245000000000007,0.6954999999999998,0.5826,0.30025,0.11715,0.17501732459560101,2.5909955440075647,1.0
1.0,False,uniform,0.5,0.0,local_cf,7,0.513637667411623,0.3427137796535877,0.275,-0.09137190185178659,0.8086817496318308,0.7266891790041831,0.795,0.34409465471901657,0.7935032182550787,0.2667,0.7029999999999998,0.59085,0.2907,0.11845,0.18372233728180404,2.9089017066605782,1.0
1.0,False,uniform,0.5,0.0,local_cf,8,0.5087707013838418,0.3332962700736829,0.245,0.04391757669790433,0.847575521594421,0.7697998400699418,0.81,0.3483818769743974,0.8322558150363133,0.265,0.7,0.58875,0.2949,0.11635,0.19005523693358614,3.7789268684809154,1.0
1.0,False,uniform,0.5,0.0,local_cf,9,0.5037796340055101,0.3461605189866219,0.3,-0.009631190737198253,0.8110525420401159,0.7307599015019655,0.78,0.3476993204520818,0.7950424028408188,0.27095,0.7104999999999998,0.58785,0.29505,0.1171,0.17453847132507394,3.0004216041480976,1.0
1.0,False,uniform,0.5,0.0,local_cf,10,0.4783554051954107,0.3144239996038137,0.21,0.028008141448851564,0.8166675388559659,0.7284719883307502,0.77,0.3482012906342061,0.800244640502853,0.2709500000000001,0.7104999999999998,0.5735,0.3092,0.1173,0.17982345478449802,3.1033364422764698,1.0
1.0,False,uniform,0.5,0.0,local_cf,11,0.5245057294818782,0.35837075653899153,0.275,-0.015452532858906513,0.8257367363456651,0.7535845638278754,0.805,0.3528376308549619,0.8113957556277035,0.26245000000000007,0.6954999999999998,0.59,0.29565,0.11435,0.1819791836275482,3.083634421884128,1.0
1.0,False,uniform,0.5,0.0,local_cf,12,0.5092713362654364,0.3397313631707085,0.245,-0.08730681783059888,0.8065573847991375,0.7199115608162725,0.78,0.34972425892447107,0.7899744445440254,0.26330000000000003,0.6969999999999998,0.59305,0.291,0.11595,0.20014966565228837,2.763770062576379,1.0
1.0,False,uniform,0.5,0.0,local_cf,13,0.525746492476239,0.3534556794955309,0.275,-0.12257913555139659,0.8020311279174394,0.7112722592312661,0.77,0.3508957116064917,0.7891937302874982,0.2667,0.7029999999999998,0.5895,0.2951,0.1154,0.1833131230560482,2.7511900719142677,1.0
1.0,False,uniform,0.5,0.0,local_cf,14,0.49961878918402114,0.3386953303072227,0.275,-0.07375496536418029,0.7839422710505951,0.6981704191536333,0.755,0.3466804059766012,0.7728761557336683,0.26330000000000003,0.6969999999999998,0.58605,0.2957,0.11825,0.1559377105670167,2.6184319715526017,1.0
1.0,False,uniform,0.5,0.0,local_cf,15,0.49128662390873923,0.316254323074324,0.23,0.13711722810273197,0.810205770027891,0.7120634121440054,0.775,0.3469824803413185,0.7945781513543415,0.26585000000000003,0.7014999999999999,0.5866,0.2962,0.1172,0.18601642494617732,2.725678851794737,1.0
1.0,False,uniform,0.5,0.0,local_cf,16,0.5398227235682644,0.3702421072919897,0.31,-0.08543070914127539,0.8411432568844917,0.7599763712919595,0.835,0.35438600071431436,0.8249537175888182,0.27435000000000004,0.7164999999999999,0.59715,0.2894,0.11345,0.205916152669675,3.120013618702186,1.0
1.0,False,uniform,0.5,0.0,local_cf,17,0.501087792958863,0.3413591267974549,0.27,0.002724073030408194,0.8236202551502507,0.7495608939906785,0.82,0.3516729775267708,0.8119934717536903,0.2709500000000001,0.7104999999999998,0.6013,0.28435,0.11435,0.1708297175515036,3.076885650862127,1.0
1.0,False,uniform,0.5,0.0,local_cf,18,0.5282595433746189,0.35370567027395217,0.235,0.04196174158804873,0.8407574395864927,0.7669849995807099,0.825,0.3541525428840954,0.8251356772942587,0.2667,0.7029999999999998,0.6006,0.28595,0.11345,0.1975628897736388,3.0748166360181606,1.0
1.0,False,uniform,0.5,0.0,local_cf,19,0.4817971947725576,0.3108052988314432,0.225,-0.04888021252520253,0.8176222297461553,0.7414351369538056,0.805,0.3455342491291973,0.8025521301381511,0.2667,0.7029999999999998,0.5893,0.293,0.1177,0.16918624693637013,3.038945602992049,1.0
1.0,False,uniform,0.5,0.0,local_cf,20,0.527119700541352,0.355975303338751,0.305,-0.0922285618735096,0.8231764470059518,0.7499481405761776,0.825,0.34841242119898114,0.8081817814917504,0.26330000000000003,0.6969999999999998,0.6022,0.28185,0.11595,0.16250045752444972,3.0220512810028803,1.0
0.2,True,uniform,0.0,0.5,global_trending,1,0.5380338813570394,0.3679734474059962,0.3,-0.01846317574385466,0.27672587453283265,0.24592987436421276,0.245,0.10714553857140272,0.2839848623410882,0.4579349999999999,0.9105499999999997,0.6524,0.17925,0.16835,0.19970596611680322,0.6677655808406983,0.8415
0.2,True,uniform,0.0,0.5,global_trending,2,0.5039942537498406,0.3469175006679214,0.295,-0.07410418025319981,0.2813544968122002,0.22747239095396588,0.225,0.10913152982961388,0.28851597719862765,0.4660799999999999,0.9150199999999998,0.6579,0.18265,0.15945,0.18875617308246082,0.6604868265642653,0.841
0.2,True,uniform,0.0,0.5,global_trending,3,0.4890296296058673,0.31273966582764634,0.235,0.02946804990576126,0.2407488381674583,0.19735621796723313,0.195,0.11056476586155757,0.2448263118737644,0.486365,0.9457599999999998,0.71325,0.1509,0.13585,0.18499134765289513,0.5952987275714561,0.8734999999999999
0.2,True,uniform,0.0,0.5,global_trending,4,0.5382270372131428,0.3694220037927441,0.31,0.05135464357236655,0.2851697217566581,0.2470648545422659,0.24,0.10702268975324733,0.28380815938977727,0.45012,0.8933499999999998,0.6291,0.19235,0.17855,0.1935544034727953,0.699706151741806,0.8205000000000001
0.2,True,uniform,0.0,0.5,global_trending,5,0.5029302632833011,0.3410800256896466,0.275,-0.013346626422441266,0.2609960759748066,0.2245250891025698,0.215,0.10982928369156443,0.2653202732955555,0.46606499999999995,0.9097699999999997,0.65655,0.18935,0.1541,0.20483171225646393,0.6573046511952276,0.8414999999999999
0.2,True,uniform,0.0,0.5,global_trending,6,0.5186356672752157,0.35372815558338894,0.29,-0.07465821158381053,0.31470413399631814,0.2751389949422515,0.275,0.1040495210590799,0.31491657064472717,0.44048499999999996,0.8807549999999997,0.63625,0.15645,0.2073,0.21767437792263983,0.7489714986327268,0.7979999999999999
0.2,True,uniform,0.0,0.5,global_trending,7,0.513637667411623,0.3427137796535877,0.275,0.04668947125317731,0.2669373631461667,0.22373881353490474,0.225,0.11035687653793026,0.26597463360733536,0.472005,0.926485,0.6703,0.18215,0.14755,0.20531689361138214,0.6797454356063984,0.8390000000000001
0.2,True,uniform,0.0,0.5,global_trending,8,0.5087707013838418,0.3332962700736829,0.245,0.017118069378463597,0.3023789570849779,0.2623965251859832,0.255,0.10621960268961769,0.3026739871283576,0.4485549999999999,0.8936999999999999,0.644,0.17265,0.18335,0.21534901585838448,0.7052452256635313,0.8219999999999998
0.2,True,uniform,0.0,0.5,global_trending,9,0.5037796340055101,0.3461605189866219,0.3,-0.07539945556004594,0.2714427540692108,0.2116000795637467,0.21,0.10942285340178859,0.2711681559143723,0.47950999999999994,0.9415949999999998,0.6925,0.1533,0.1542,0.1883003531414374,0.6269594384248547,0.8419999999999999
0.2,True,uniform,0.0,0.5,global_trending,10,0.4783554051954107,0.3144239996038137,0.21,-0.0007934776515035801,0.24165661843204553,0.20109118810570387,0.19,0.11126840021722532,0.24524542533604687,0.4846249999999999,0.9480099999999999,0.70045,0.16425,0.1353,0.181482355798435,0.6248094309799388,0.8715
0.2,True,uniform,0.0,0.5,global_trending,11,0.5245057294818782,0.35837075653899153,0.275,0.03596858883847303,0.2823730999263935,0.24933399023031302,0.25,0.10659567940230756,0.2848965267155203,0.4546249999999999,0.8980649999999999,0.6535,0.1597,0.1868,0.20623866120278997,0.6787352751926102,0.8234999999999999
0.2,True,uniform,0.0,0.5,global_trending,12,0.5092713362654364,0.3397313631707085,0.245,0.028434590019069974,0.3195642223129397,0.25489559382383503,0.24,0.10730088674688494,0.31021614372849193,0.45998999999999995,0.9057999999999998,0.66705,0.15925,0.1737,0.2074632446792122,0.7122716102984306,0.82
0.2,True,uniform,0.0,0.5,global_trending,13,0.525746492476239,0.3534556794955309,0.275,-0.06757367489696281,0.2943229447341857,0.22371718592283085,0.22,0.10939617277510828,0.2893144626041071,0.47117999999999993,0.9261449999999999,0.6715,0.17745,0.15105,0.193183141318024,0.6419365054020177,0.85
0.2,True,uniform,0.0,0.5,global_trending,14,0.49961878918402114,0.3386953303072227,0.275,0.020116267674518396,0.23598855832540644,0.19997031003967025,0.19,0.11124614926915105,0.24103688494675446,0.4871599999999999,0.9419,0.69905,0.16365,0.1373,0.18909851839225097,0.6198233503747184,0.8595
0.2,True,uniform,0.0,0.5,global_trending,15,0.49128662390873923,0.316254323074324,0.23,0.038182787892070975,0.29867650989488864,0.23382943548974494,0.225,0.10850737882607467,0.2957968447155333,0.46630999999999995,0.9206149999999999,0.6779,0.1677,0.1544,0.19873269722848444,0.6705431247042106,0.8440000000000001
0.2,True,uniform,0.0,0.5,global_trending,16,0.5398227235682644,0.3702421072919897,0.31,0.07982070299677006,0.26106044974391357,0.21430287042659527,0.22,0.11090321593277284,0.26041956000963884,0.47073499999999996,0.9362849999999999,0.65545,0.2057,0.13885,0.2011287030471744,0.6818857437946382,0.855
0.2,True,uniform,0.0,0.5,global_trending,17,0.501087792958863,0.3413591267974549,0.27,-0.01599024612366422,0.2666502779214849,0.23282203325510295,0.225,0.10833281934139917,0.2710661415144766,0.46740499999999996,0.9236749999999998,0.6709,0.1645,0.1646,0.20790288349827882,0.6560786158745757,0.84
0.2,True,uniform,0.0,0.5,global_trending,18,0.5282595433746189,0.35370567027395217,0.235,0.030999937748564542,0.3271263613766742,0.28303580627500974,0.275,0.10442247673794032,0.32592202859074254,0.43753999999999993,0.88362,0.63195,0.1691,0.19895,0.22063173107963885,0.7324749554005209,0.8085
0.2,True,uniform,0.0,0.5,global_trending,19,0.4817971947725576,0.3108052988314432,0.225,-0.009413297741171302,0.2613318639668709,0.20872607439688423,0.195,0.11015003924625208,0.2607776168034228,0.4786599999999999,0.9384049999999999,0.69445,0.1609,0.14465,0.19124144172832447,0.6389785298417852,0.8604999999999999
0.2,True,uniform,0.0,0.5,global_trending,20,0.527119700541352,0.355975303338751,0.305,-0.026055475035842147,0.2981707948655103,0.24850989783048139,0.245,0.10700013043607388,0.29650030342460043,0.456695,0.9022799999999997,0.6537,0.175,0.1713,0.21412482329414773,0.6649138757192369,0.835
0.2,True,uniform,0.4,0.4,hybrid,1,0.5380338813570394,0.3679734474059962,0.3,0.024855709319826037,0.22268962480925567,0.17972903827164388,0.17,0.11143117043531504,0.2289553701147541,0.48906999999999995,0.9554699999999999,0.72465,0.15855,0.1168,0.16762854497816485,0.6053714647376338,0.8919999999999999
0.2,True,uniform,0.4,0.4,hybrid,2,0.5039942537498406,0.3469175006679214,0.295,-0.031329658920477586,0.23002034790347298,0.1869551522746891,0.18,0.11053719169350858,0.23931954708521475,0.4883449999999999,0.9507049999999999,0.72815,0.15425,0.1176,0.17177446033357172,0.5971977423970853,0.889
0.2,True,uniform,0.4,0.4,hybrid,3,0.4890296296058673,0.31273966582764634,0.235,0.018608885651488518,0.19647893996280807,0.14554129905671298,0.14,0.11433443547613503,0.19702729759975654,0.5127099999999999,0.98241,0.7649,0.14495,0.09015,0.14786481070474913,0.5418566268231974,0.9105
0.2,True,uniform,0.4,0.4,hybrid,4,0.5382270372131428,0.3694220037927441,0.31,0.051396634913439716,0.24213248768275847,0.1903048118612273,0.185,0.11099493766742702,0.2471326623003015,0.48467999999999994,0.9449999999999998,0.7102,0.1771,0.1127,0.17877161169389372,0.5869211250279287,0.8829999999999998
0.2,True,uniform,0.4,0.4,hybrid,5,0.5029302632833011,0.3410800256896466,0.275,-0.060084568872307884,0.21782500910946212,0.16979277241758928,0.17,0.11206412874048699,0.22185556792531866,0.49883999999999995,0.9555800000000001,0.7374,0.15055,0.11205,0.16985037528644562,0.5772962131594107,0.8865000000000001
0.2,True,uniform,0.4,0.4,hybrid,6,0.5186356672752157,0.35372815558338894,0.29,-0.0716846418219501,0.2492588258305719,0.20668875689037464,0.205,0.10885920001571496,0.2555827611077959,0.4733099999999999,0.928255,0.70715,0.1573,0.13555,0.17915484029418038,0.6614982274321373,0.858
0.2,True,uniform,0.4,0.4,hybrid,7,0.513637667411623,0.3427137796535877,0.275,-0.0678341753371811,0.2554737435920941,0.1648118136575178,0.15,0.11387047902316993,0.25382104231938163,0.503895,0.9776649999999998,0.74565,0.1689,0.08545,0.15918583870979644,0.5747812488318143,0.9205000000000001
0.2,True,uniform,0.4,0.4,hybrid,8,0.5087707013838418,0.3332962700736829,0.245,0.04001228112905921,0.26543798204362673,0.19092251094780818,0.18,0.11132345920577663,0.258867583232514,0.4893799999999999,0.9531000000000001,0.7287,0.15775,0.11355,0.18074366837875808,0.5986825294816271,0.892
0.2,True,uniform,0.4,0.4,hybrid,9,0.5037796340055101,0.3461605189866219,0.3,-0.12997605623330238,0.3099760562333024,0.17787048481075984,0.165,0.11185931522582171,0.3126794868694866,0.4985199999999999,0.97559,0.7403,0.16275,0.09695,0.16710280108977862,0.5751170485828084,0.885
0.2,True,uniform,0.4,0.4,hybrid,10,0.4783554051954107,0.3144239996038137,0.21,-0.035544063054945924,0.1738487897067975,0.1338765019797559,0.13,0.11422786231451561,0.18322799192694103,0.5164399999999999,0.9951149999999999,0.77985,0.13405,0.0861,0.14841907366419366,0.5298869344655656,0.919
0.2,True,uniform,0.4,0.4,hybrid,11,0.5245057294818782,0.35837075653899153,0.275,0.021364722790310653,0.21296153629697975,0.17491233413126142,0.17,0.11159380388283133,0.2122947318977567,0.49285499999999993,0.95359,0.7328,0.15655,0.11065,0.17869452681985432,0.5842690546653706,0.8885
0.2,True,uniform,0.4,0.4,hybrid,12,0.5092713362654364,0.3397313631707085,0.245,-0.00991307868427609,0.29000141405903784,0.211166875235246,0.2,0.11016790022212732,0.28442924363419253,0.48536,0.9455549999999999,0.72475,0.1539,0.12135,0.16969871781750043,0.6454621553015433,0.8694999999999999
0.2,True,uniform,0.4,0.4,hybrid,13,0.525746492476239,0.3534556794955309,0.275,-0.09613156246744074,0.26391486804136727,0.16439010067138196,0.16,0.11349204775147037,0.2642489554176931,0.50287,0.9743600000000001,0.7426,0.17095,0.08645,0.16359416966803977,0.5707028585450599,0.9059999999999999
0.2,True,uniform,0.4,0.4,hybrid,14,0.49961878918402114,0.3386953303072227,0.275,-0.012365393439121464,0.20280037449432559,0.15872463975819107,0.15,0.11298003754412882,0.20465041678320528,0.505915,0.9720249999999999,0.749,0.1519,0.0991,0.15066837462949859,0.5687608642678917,0.8965000000000001
0.2,True,uniform,0.4,0.4,hybrid,15,0.49128662390873923,0.316254323074324,0.23,0.0140034465977564,0.25648947617659096,0.1812935773603013,0.165,0.11254041891601543,0.25274108407550133,0.49832499999999996,0.96422,0.7462,0.14705,0.10675,0.16729300394990268,0.627607265381948,0.9005000000000001
0.2,True,uniform,0.4,0.4,hybrid,16,0.5398227235682644,0.3702421072919897,0.31,0.01680393545296374,0.20555717648905766,0.15516811387672885,0.15,0.11357619317857903,0.2081187751011342,0.5088799999999999,0.989585,0.75425,0.15065,0.0951,0.15756965861537123,0.5790543238234874,0.909
0.2,True,uniform,0.4,0.4,hybrid,17,0.501087792958863,0.3413591267974549,0.27,0.006662046043049048,0.21863078724180057,0.1798361019653418,0.175,0.11127044358554912,0.22199002521071354,0.49680499999999994,0.9690899999999999,0.74715,0.1447,0.10815,0.16440350963619182,0.5845564234114627,0.895
0.2,True,uniform,0.4,0.4,hybrid,18,0.5282595433746189,0.35370567027395217,0.235,0.008931513464517033,0.26517143968349055,0.2133200996608504,0.205,0.10895317231338994,0.26755258334679516,0.47335499999999997,0.9312799999999999,0.70495,0.1661,0.12895,0.18644110450546578,0.660065311808854,0.8815000000000001
0.2,True,uniform,0.4,0.4,hybrid,19,0.4817971947725576,0.3108052988314432,0.225,-0.032047162022864895,0.22909628934450665,0.15546500774674027,0.145,0.11300303166890142,0.22875771489327412,0.5082899999999999,0.97988,0.76575,0.1335,0.10075,0.15902600784053533,0.5541176667041491,0.905
0.2,True,uniform,0.4,0.4,hybrid,20,0.527119700541352,0.355975303338751,0.305,-0.08464807833777281,0.29350060847396064,0.19141127115874862,0.18,0.11200648630304948,0.29068848748234444,0.4909549999999999,0.9570050000000001,0.72805,0.16605,0.1059,0.16995889228544836,0.6059615555553867,0.887
0.2,True,uniform,0.0,0.0,individual_baseline,1,0.5380338813570394,0.3679734474059962,0.3,0.022140232386932884,0.4892616084418095,0.3024856656173071,0.225,0.12264542465446208,0.49026771228115607,0.5998249999999998,1.10997,0.9577,0.0422,0.0001,0.10560148400783181,1.930295187319545,1.0
0.2,True,uniform,0.0,0.0,individual_baseline,2,0.5039942537498406,0.3469175006679214,0.295,0.023849831722592738,0.5087424802013715,0.3280817769259957,0.24,0.12227699870956178,0.5097359844485514,0.5999349999999999,1.107605,0.96175,0.03785,0.0004,0.1000612560909532,1.9057471222858473,1.0
0.2,True,uniform,0.0,0.0,individual_baseline,3,0.4890296296058673,0.31273966582764634,0.235,0.048229050187281325,0.47875053083203667,0.30117271017919295,0.22,0.12246125560925054,0.4783023769871512,0.5999599999999998,1.10754,0.96065,0.03915,0.0002,0.10282939402259438,1.7418470596946285,1.0
0.2,True,uniform,0.0,0.0,individual_baseline,4,0.5382270372131428,0.3694220037927441,0.31,0.042823513322498244,0.4997487072260451,0.31953805384140277,0.235,0.12230933472274133,0.49914004114659677,0.5999749999999999,1.1068799999999999,0.96095,0.03865,0.0004,0.1062936879627566,1.8675140113453268,1.0
0.2,True,uniform,0.0,0.0,individual_baseline,5,0.5029302632833011,0.3410800256896466,0.275,-0.03476270979691326,0.4848699333951152,0.308017384866272,0.225,0.12257857480386777,0.48913157298510335,0.5999349999999999,1.1012899999999999,0.9575,0.0423,0.0002,0.10746422080464174,1.7774286151665752,1.0
0.2,True,uniform,0.0,0.0,individual_baseline,6,0.5186356672752157,0.35372815558338894,0.29,0.0006239539989853027,0.4918863342736809,0.3100009183096287,0.205,0.12256036508016996,0.4942575655419458,0.5999499999999999,1.1049449999999998,0.95995,0.03995,0.0001,0.10671565003789818,1.8862136675051724,1.0
0.2,True,uniform,0.0,0.0,individual_baseline,7,0.513637667411623,0.3427137796535877,0.275,-0.058293463345533564,0.4813038135305139,0.29481041221021687,0.21,0.12239973074390441,0.48678233549493166,0.5999999999999999,1.10846,0.9604,0.0393,0.0003,0.09991195573612516,1.7554182185578602,1.0
0.2,True,uniform,0.0,0.0,individual_baseline,8,0.5087707013838418,0.3332962700736829,0.245,0.02648609032249359,0.49095809911887417,0.30856293759298414,0.2,0.12255523318319032,0.4916463058211714,0.5999749999999999,1.10707,0.9601,0.0398,0.0001,0.10923766079829378,1.8509859350344833,1.0
0.2,True,uniform,0.0,0.0,individual_baseline,9,0.5037796340055101,0.3461605189866219,0.3,-0.019501227157534894,0.5029397869330434,0.33428084844340833,0.28,0.12236578378778475,0.5026814295533703,0.5999499999999999,1.1138249999999998,0.9623,0.03745,0.00025,0.10245478216132589,1.7596886821742115,1.0
0.2,True,uniform,0.0,0.0,individual_baseline,10,0.4783554051954107,0.3144239996038137,0.21,-0.016610659724092605,0.45892908564774826,0.28516080090991613,0.19,0.12233840941227747,0.4574054809871917,0.5999499999999999,1.114615,0.96405,0.03575,0.0002,0.10616172847826082,1.6794019365001214,1.0
0.2,True,uniform,0.0,0.0,individual_baseline,11,0.5245057294818782,0.35837075653899153,0.275,0.013851423312204299,0.5181802067633106,0.3428357384345577,0.235,0.12254655787955368,0.5196806660410358,0.5998999999999998,1.10459,0.95835,0.04145,0.0002,0.0987099016916439,1.8968220861560507,1.0
0.2,True,uniform,0.0,0.0,individual_baseline,12,0.5092713362654364,0.3397313631707085,0.245,-0.011895194254435993,0.47175399337975293,0.29544453675583227,0.2,0.12253474040510454,0.4765683535834269,0.5999749999999999,1.106055,0.95965,0.0402,0.00015,0.11962762043755194,1.7219513836245317,1.0
0.2,True,uniform,0.0,0.0,individual_baseline,13,0.525746492476239,0.3534556794955309,0.275,-0.07022880070090293,0.5101170238584258,0.32143912431431654,0.25,0.12248663564793044,0.5064491218553223,0.5999999999999999,1.109005,0.96095,0.0389,0.00015,0.11043445005142473,1.8493179263546284,1.0
0.2,True,uniform,0.0,0.0,individual_baseline,14,0.49961878918402114,0.3386953303072227,0.275,-0.04448424424767708,0.4795636400901921,0.30338055657344215,0.19,0.1224362505561302,0.48118870871855945,0.5999499999999999,1.105385,0.9594,0.0403,0.0003,0.10782482505880651,1.7491591989189372,1.0
0.2,True,uniform,0.0,0.0,individual_baseline,15,0.49128662390873923,0.316254323074324,0.23,0.043303942781645,0.5004027431560685,0.3173841881919061,0.225,0.12243313174978471,0.4978327605077974,0.5998749999999998,1.1061649999999998,0.95665,0.0429,0.00045,0.09349522185765771,1.8680412117569098,1.0
0.2,True,uniform,0.0,0.0,individual_baseline,16,0.5398227235682644,0.3702421072919897,0.31,-0.06205851326948825,0.5117888788110179,0.3285983178831333,0.265,0.1223528406672239,0.5086980647765098,0.5999999999999999,1.118545,0.96555,0.03435,0.0001,0.10992449600227626,1.818938164977955,1.0
0.2,True,uniform,0.0,0.0,individual_baseline,17,0.501087792958863,0.3413591267974549,0.27,-0.0013046457423283365,0.5036469272799955,0.32483383933649584,0.23,0.12235304011668884,0.5074842989736712,0.5999499999999999,1.112695,0.9607,0.03895,0.00035,0.1030432905862529,1.853682514766619,1.0
0.2,True,uniform,0.0,0.0,individual_baseline,18,0.5282595433746189,0.35370567027395217,0.235,0.03949563636468017,0.47388337748269693,0.2958279943622701,0.16,0.12229314661812857,0.47510246972713843,0.5999499999999999,1.1090799999999998,0.9613,0.0383,0.0004,0.1026357473791569,1.748416163237825,1.0
0.2,True,uniform,0.0,0.0,individual_baseline,19,0.4817971947725576,0.3108052988314432,0.225,-0.04382749471498647,0.49013745466306957,0.30927961834467765,0.195,0.12260866286651244,0.49367158045273013,0.5999999999999999,1.10896,0.9596,0.04035,5e-05,0.09620334246129347,1.7831159665499008,1.0
0.2,True,uniform,0.0,0.0,individual_baseline,20,0.527119700541352,0.355975303338751,0.305,-0.05007609386025586,0.5252452576093056,0.33834242421375743,0.24,0.12227509834262235,0.5269753961114386,0.5999599999999998,1.10574,0.96085,0.0387,0.00045,0.10300083927958878,2.0177471690455326,1.0
0.2,True,uniform,0.5,0.0,local_cf,1,0.5380338813570394,0.3679734474059962,0.3,0.0019382201442375657,0.5093710331657089,0.33114408830781245,0.245,0.12231938797985853,0.5100261621165307,0.5999999999999999,1.1120849999999998,0.9626,0.0371,0.0003,0.09984099517177715,1.903858232759239,1.0
0.2,True,uniform,0.5,0.0,local_cf,2,0.5039942537498406,0.3469175006679214,0.295,-0.014044990107069086,0.4894905694340558,0.3055244873858808,0.215,0.12238551342145942,0.48441638421177585,0.5999999999999999,1.1089699999999998,0.96465,0.03525,0.0001,0.09511782460944967,1.9093854364899865,1.0
0.2,True,uniform,0.5,0.0,local_cf,3,0.4890296296058673,0.31273966582764634,0.235,0.03284701264202254,0.47961429268238576,0.3025659217861491,0.22,0.12231074200414956,0.4845293536818783,0.5999999999999999,1.1080699999999999,0.96185,0.0378,0.00035,0.0936460638892325,1.7824093871300477,1.0
0.2,True,uniform,0.5,0.0,local_cf,4,0.5382270372131428,0.3694220037927441,0.31,0.04880465206924603,0.5233200692045392,0.34185876054185343,0.285,0.12219722608139821,0.5222722409736409,0.5999999999999999,1.1079049999999997,0.9639,0.0357,0.0004,0.0940747887751903,1.9582989105514472,1.0
0.2,True,uniform,0.5,0.0,local_cf,5,0.5029302632833011,0.3410800256896466,0.275,-0.01782384382385344,0.5011482524058788,0.3244936321133211,0.2,0.12240096190913931,0.5082827629270197,0.5999999999999999,1.1028,0.96125,0.0385,0.00025,0.10663539672109827,1.848905137591818,1.0
0.2,True,uniform,0.5,0.0,local_cf,6,0.5186356672752157,0.35372815558338894,0.29,-0.03914413586338195,0.5135420409217036,0.335830121964126,0.225,0.12241855192426965,0.5179191147819815,0.5999999999999999,1.107195,0.96375,0.03615,0.0001,0.10098713800341014,1.9129832397291415,1.0
0.2,True,uniform,0.5,0.0,local_cf,7,0.513637667411623,0.3427137796535877,0.275,-0.07390436868459604,0.4870913484394168,0.29981039731323583,0.165,0.1223656406747891,0.49031662288421063,0.5999999999999999,1.1104399999999999,0.9632,0.0366,0.0002,0.09593819613330395,1.8906072708673243,1.0
0.2,True,uniform,0.5,0.0,local_cf,8,0.5087707013838418,0.3332962700736829,0.245,0.0615455150338332,0.49335118478075346,0.30585987058506975,0.225,0.12235763790946699,0.49173371008740063,0.5999999999999999,1.10879,0.96345,0.03635,0.0002,0.09927720559591827,1.8779555502333156,1.0
0.2,True,uniform,0.5,0.0,local_cf,9,0.5037796340055101,0.3461605189866219,0.3,-0.042691158103019065,0.48604672179049807,0.30714764526774874,0.215,0.12227942830751036,0.48989545026084014,0.5999749999999999,1.1144999999999998,0.9646,0.03515,0.00025,0.09335992722373078,1.818252820465537,1.0
0.2,True,uniform,0.5,0.0,local_cf,10,0.4783554051954107,0.3144239996038137,0.21,-0.02437833545205488,0.4671240577942832,0.28736170333944044,0.185,0.12219914684939073,0.47028837338237733,0.5999999999999999,1.1150349999999998,0.9648,0.03485,0.00035,0.09684739839993206,1.7191476777894465,1.0
0.2,True,uniform,0.5,0.0,local_cf,11,0.5245057294818782,0.35837075653899153,0.275,-0.005617630613028879,0.5161866052748783,0.34133759424083515,0.25,0.12235839730487698,0.519441713921361,0.5998449999999999,1.1059999999999999,0.9625,0.03725,0.00025,0.09437117935694544,1.8741913087952415,1.0
0.2,True,uniform,0.5,0.0,local_cf,12,0.5092713362654364,0.3397313631707085,0.245,-0.04349686375186591,0.4703667711663189,0.29299517550805726,0.2,0.12226665513254822,0.470981025719016,0.5999999999999999,1.10697,0.963,0.03665,0.00035,0.10197529383758296,1.758844968730653,1.0
0.2,True,uniform,0.5,0.0,local_cf,13,0.525746492476239,0.3534556794955309,0.275,-0.07522446863589453,0.45540351112607297,0.27590599858224063,0.19,0.12238298761184939,0.4548615202767576,0.5999999999999999,1.1106299999999998,0.96375,0.0361,0.00015,0.10414265519231383,1.7009888154554957,1.0
0.2,True,uniform,0.5,0.0,local_cf,14,0.49961878918402114,0.3386953303072227,0.275,-0.07350453006483432,0.4769092024080778,0.2950200633268192,0.2,0.12240687342922413,0.47726189569382965,0.5999999999999999,1.1077199999999998,0.96405,0.03585,0.0001,0.09777510326908923,1.772451320724757,1.0
0.2,True,uniform,0.5,0.0,local_cf,15,0.49128662390873923,0.316254323074324,0.23,0.08520406813135571,0.4789327754732902,0.29379599241295046,0.195,0.1222130157425267,0.4812738903932805,0.5999999999999999,1.1099199999999998,0.96445,0.0352,0.00035,0.09360140940658977,1.824952533058971,1.0
0.2,True,uniform,0.5,0.0,local_cf,16,0.5398227235682644,0.3702421072919897,0.31,-0.0368761817938574,0.4956109349764127,0.31704058973813043,0.255,0.1223590724956937,0.4972159528355978,0.5999999999999999,1.1179049999999997,0.9644,0.03545,0.00015,0.09235310536258477,1.7915685997092738,1.0
0.2,True,uniform,0.5,0.0,local_cf,17,0.501087792958863,0.3413591267974549,0.27,-0.0073955092517286845,0.4605386222030276,0.27946699347963233,0.175,0.12211251525344613,0.46398956780141576,0.5999999999999999,1.1152549999999999,0.9662,0.0334,0.0004,0.09752294624733668,1.7679811256784932,1.0
0.2,True,uniform,0.5,0.0,local_cf,18,0.5282595433746189,0.35370567027395217,0.235,0.04082711378790806,0.5175364217615654,0.3355621192961257,0.225,0.12222262613235355,0.5183755685497841,0.5999999999999999,1.109665,0.9622,0.03735,0.00045,0.09259054277832396,1.9794748637885986,1.0
0.2,True,uniform,0.5,0.0,local_cf,19,0.4817971947725576,0.3108052988314432,0.225,-0.031632540938059985,0.4683927255955699,0.2896166399316548,0.205,0.12236179723084596,0.4664693097701765,0.5999999999999999,1.11143,0.9643,0.03555,0.00015,0.09452785956067668,1.700159787335376,1.0
0.2,True,uniform,0.5,0.0,local_cf,20,0.527119700541352,0.355975303338751,0.305,-0.03763151814230279,0.5150930842423022,0.33798722338321413,0.255,0.12227741468325583,0.5199356446554204,0.5999999999999999,1.105565,0.96075,0.0388,0.00045,0.10123394954117362,1.8916692794831738,1.0
0.5,True,uniform,0.0,0.5,global_trending,1,0.5380338813570394,0.3679734474059962,0.3,-0.004578399402680793,0.6358094794788718,0.5763408796439449,0.555,0.16124158558548574,0.6008444748155312,0.315955,0.7128499999999997,0.34535,0.3169,0.33775,0.40176760776350556,1.5307852636907457,0.7994999999999999
0.5,True,uniform,0.0,0.5,global_trending,2,0.5039942537498406,0.3469175006679214,0.295,-0.0015286654568970204,0.6005686620622054,0.5401537234564338,0.53,0.16462787718594232,0.5734315001408048,0.32116,0.7170199999999997,0.36365,0.31445,0.3219,0.3703224986291913,1.40846869967362,0.84
0.5,True,uniform,0.0,0.5,global_trending,3,0.4890296296058673,0.31273966582764634,0.235,0.06116393166096909,0.5607528118102828,0.48169769196888723,0.455,0.1731839157561345,0.5264805873272913,0.33787000000000006,0.7399999999999994,0.38865,0.3153,0.29605,0.36739167262788613,1.3473837961285067,0.846
0.5,True,uniform,0.0,0.5,global_trending,4,0.5382270372131428,0.3694220037927441,0.31,-0.022197805543720875,0.6631149416012133,0.5942753534672268,0.57,0.15466594370322467,0.626082749749722,0.30086499999999994,0.6856949999999995,0.32365,0.32275,0.3536,0.40433379293030824,1.6814930286023544,0.8059999999999999
0.5,True,uniform,0.0,0.5,global_trending,5,0.5029302632833011,0.3410800256896466,0.275,-0.033324227513392424,0.6059407790188323,0.5364264331000609,0.525,0.1606746536653722,0.5737062760791538,0.310595,0.6987349999999997,0.35495,0.314,0.33105,0.3875013622100769,1.4612231481255529,0.83
0.5,True,uniform,0.0,0.5,global_trending,6,0.5186356672752157,0.35372815558338894,0.29,-0.026398711377372243,0.5992345505589279,0.5417822982999971,0.535,0.16119262268356654,0.5784426294523216,0.319225,0.7072149999999995,0.36605,0.2836,0.35035,0.3761251227196517,1.3931204761177503,0.796
0.5,True,uniform,0.0,0.5,global_trending,7,0.513637667411623,0.3427137796535877,0.275,0.06396908462904691,0.5703789663920454,0.4857817192937091,0.465,0.17214703630384093,0.5368235292948758,0.33918,0.7480799999999994,0.39435,0.3193,0.28635,0.3866914963140617,1.3929693317489935,0.8375
0.5,True,uniform,0.0,0.5,global_trending,8,0.5087707013838418,0.3332962700736829,0.245,-0.023924467269934784,0.6127422105030144,0.5484567810720749,0.545,0.1601997260635862,0.5803049641962446,0.316025,0.7076249999999995,0.3624,0.30015,0.33745,0.37873650673641124,1.459483844948199,0.8234999999999999
0.5,True,uniform,0.0,0.5,global_trending,9,0.5037796340055101,0.3461605189866219,0.3,-0.022307374962435178,0.5402648586203992,0.4650151009526172,0.435,0.17899500342504593,0.5126878858676598,0.351685,0.7663399999999996,0.4009,0.31975,0.27935,0.3570609911507481,1.2822662240673335,0.8375
0.5,True,uniform,0.0,0.5,global_trending,10,0.4783554051954107,0.3144239996038137,0.21,0.017875177255185472,0.562606235507631,0.49530032076270375,0.475,0.1755305955537268,0.5377506342743236,0.343515,0.7551949999999996,0.3929,0.31675,0.29035,0.3797797053887588,1.3200990284084304,0.845
0.5,True,uniform,0.0,0.5,global_trending,11,0.5245057294818782,0.35837075653899153,0.275,0.03828428025922496,0.6291209972228125,0.5542088278021943,0.545,0.16291099007457305,0.5937100563634522,0.309545,0.7020449999999994,0.34695,0.331,0.32205,0.3954641328445206,1.579937537002108,0.8505000000000001
0.5,True,uniform,0.0,0.5,global_trending,12,0.5092713362654364,0.3397313631707085,0.245,0.021717877257446803,0.5962483819054191,0.5261270703539206,0.5,0.1665792808970389,0.5679257139742866,0.319745,0.7166599999999995,0.37025,0.3101,0.31965,0.37841004464814204,1.4238233019329656,0.8375
0.5,True,uniform,0.0,0.5,global_trending,13,0.525746492476239,0.3534556794955309,0.275,-0.040288244841437365,0.6180671465590819,0.5437412569117227,0.515,0.164199924083533,0.5855179194459041,0.321395,0.7193749999999994,0.35835,0.33045,0.3112,0.40008017756902364,1.4473470123193117,0.8225
0.5,True,uniform,0.0,0.5,global_trending,14,0.49961878918402114,0.3386953303072227,0.275,-0.03472239239077925,0.5815766241370324,0.5039566292519707,0.475,0.1682018058118789,0.5493478719892626,0.32700500000000005,0.7217999999999997,0.3701,0.31715,0.31275,0.3747612783932152,1.4043161298365687,0.8275
0.5,True,uniform,0.0,0.5,global_trending,15,0.49128662390873923,0.316254323074324,0.23,-0.007089898546532358,0.6139542651194977,0.5282482365423518,0.49,0.16599080455271875,0.5946892346274432,0.32478999999999997,0.7308999999999993,0.38155,0.325,0.29345,0.36727536843296116,1.4414665965516524,0.8365
0.5,True,uniform,0.0,0.5,global_trending,16,0.5398227235682644,0.3702421072919897,0.31,0.07000631850820611,0.5975182941229269,0.5290547595807028,0.52,0.16978026781443084,0.560375873694885,0.33464999999999995,0.7437149999999995,0.3728,0.31915,0.30805,0.382720903987618,1.4342165826413453,0.8375
0.5,True,uniform,0.0,0.5,global_trending,17,0.501087792958863,0.3413591267974549,0.27,-0.026977075267912536,0.541396590940625,0.4655844006539146,0.445,0.17932510539178861,0.5090178327485502,0.354125,0.7651049999999995,0.40195,0.31325,0.2848,0.36867056590237424,1.2989419525408528,0.8615
0.5,True,uniform,0.0,0.5,global_trending,18,0.5282595433746189,0.35370567027395217,0.235,-0.03016815474955944,0.5992908428654942,0.5327191914663142,0.515,0.16238907073501918,0.5706210777897286,0.320955,0.7171699999999993,0.36355,0.2981,0.33835,0.3875869553683916,1.4208061713882263,0.8125
0.5,True,uniform,0.0,0.5,global_trending,19,0.4817971947725576,0.3108052988314432,0.225,-0.025750875143352895,0.5321402599701337,0.4558054498062101,0.43,0.17892409416913224,0.5011336798613311,0.348005,0.7578899999999993,0.4084,0.3082,0.2834,0.3536237287936412,1.260017956070695,0.8615
0.5,True,uniform,0.0,0.5,global_trending,20,0.527119700541352,0.355975303338751,0.305,0.023421905666879496,0.6154874030933446,0.5446200945011657,0.525,0.16228551232881003,0.5821047638567328,0.31676499999999996,0.7108549999999996,0.3613,0.31345,0.32525,0.3648379165683528,1.455340847984505,0.8155
0.5,True,uniform,0.4,0.4,hybrid,1,0.5380338813570394,0.3679734474059962,0.3,-0.01579121168583541,0.5166172731421814,0.43570555138123324,0.395,0.18136734400197832,0.4931598625773973,0.36254500000000006,0.7739749999999994,0.441,0.2935,0.2655,0.35660423912672373,1.2564327624238463,0.898
0.5,True,uniform,0.4,0.4,hybrid,2,0.5039942537498406,0.3469175006679214,0.295,0.022770203587497637,0.480168435667175,0.3882072865261733,0.35,0.18818645579549964,0.45186966907421905,0.37221000000000004,0.7874799999999993,0.46205,0.27465,0.2633,0.32286040293039947,1.1705284683138797,0.8805000000000001
0.5,True,uniform,0.4,0.4,hybrid,3,0.4890296296058673,0.31273966582764634,0.235,0.03143787028480991,0.45989069415131056,0.37241104601546127,0.345,0.18873062329349094,0.4338383390486112,0.378575,0.7949699999999993,0.4751,0.28425,0.24065,0.3044785203086245,1.1401178842721549,0.9109999999999999
0.5,True,uniform,0.4,0.4,hybrid,4,0.5382270372131428,0.3694220037927441,0.31,0.011485389893279319,0.5251765407176009,0.4347859855819655,0.39,0.1792567794899008,0.5024738153595769,0.35625500000000004,0.7638599999999994,0.437,0.29615,0.26685,0.34012618709263415,1.309037747503297,0.88
0.5,True,uniform,0.4,0.4,hybrid,5,0.5029302632833011,0.3410800256896466,0.275,-0.028279226375391327,0.5148409056124337,0.43142347175069096,0.39,0.17817513083877107,0.48707941194426696,0.35134,0.7529449999999994,0.4363,0.2824,0.2813,0.33555424702428754,1.2379025568689275,0.8755
0.5,True,uniform,0.4,0.4,hybrid,6,0.5186356672752157,0.35372815558338894,0.29,0.006138642507646064,0.5121159840696184,0.431614638305297,0.395,0.1799483016821272,0.4918910422147191,0.35672,0.7633549999999993,0.4466,0.27145,0.28195,0.34102524083302277,1.2329777236444674,0.8614999999999999
0.5,True,uniform,0.4,0.4,hybrid,7,0.513637667411623,0.3427137796535877,0.275,0.0304158226819062,0.534163030947118,0.44190103454541413,0.41,0.1868177291560189,0.507682353987443,0.36577,0.7944999999999993,0.4538,0.31225,0.23395,0.3533292479470553,1.270473482294847,0.887
0.5,True,uniform,0.4,0.4,hybrid,8,0.5087707013838418,0.3332962700736829,0.245,-0.02393143931322312,0.5147482828154025,0.4332963053803431,0.395,0.18044651859661864,0.49881738170523815,0.35552,0.7643899999999993,0.44395,0.2783,0.27775,0.34640209023126245,1.2544734502283805,0.8809999999999999
0.5,True,uniform,0.4,0.4,hybrid,9,0.5037796340055101,0.3461605189866219,0.3,-0.034682469209229794,0.4579776777579079,0.36566677614147025,0.335,0.194677869278706,0.42899627020659126,0.38873500000000005,0.8193549999999992,0.48025,0.30995,0.2098,0.3058183170215163,1.1381141735874103,0.921
0.5,True,uniform,0.4,0.4,hybrid,10,0.4783554051954107,0.3144239996038137,0.21,0.04455807814868327,0.45272362204755673,0.3587844170240674,0.31,0.19600283495456008,0.43005278022959453,0.388995,0.8183099999999993,0.4839,0.2864,0.2297,0.3106887877443104,1.1481815518091525,0.9055
0.5,True,uniform,0.4,0.4,hybrid,11,0.5245057294818782,0.35837075653899153,0.275,0.016540775290294053,0.5023703093647149,0.42118413346193817,0.39,0.17965213265606608,0.48124881404395664,0.359215,0.7639049999999992,0.44165,0.2904,0.26795,0.32605986800042347,1.2205268121882513,0.889
0.5,True,uniform,0.4,0.4,hybrid,12,0.5092713362654364,0.3397313631707085,0.245,-0.03541178793590142,0.5156450288956074,0.42277568149999,0.38,0.18787129773593542,0.49054166056018345,0.36438499999999996,0.7846049999999994,0.4565,0.29785,0.24565,0.3264807958429058,1.2264854508176293,0.8855
0.5,True,uniform,0.4,0.4,hybrid,13,0.525746492476239,0.3534556794955309,0.275,-0.06632308222021935,0.5120677547595026,0.4111864948582204,0.37,0.18626884230939084,0.48525166758768895,0.371355,0.7917949999999994,0.4522,0.31035,0.23745,0.3587151100604592,1.2463933452823428,0.8965000000000001
0.5,True,uniform,0.4,0.4,hybrid,14,0.49961878918402114,0.3386953303072227,0.275,-0.0354557862818609,0.48859240812615035,0.39458128622430133,0.355,0.18509323791279797,0.45860549448068366,0.367815,0.7768649999999994,0.4497,0.2998,0.2505,0.3037581568234032,1.2299075784070455,0.9015000000000001
0.5,True,uniform,0.4,0.4,hybrid,15,0.49128662390873923,0.316254323074324,0.23,0.06937821324912678,0.5293593220316999,0.4268580837757812,0.39,0.18694199731978778,0.507543397645746,0.36373999999999995,0.7855699999999993,0.4495,0.3113,0.2392,0.32994410888075093,1.207728052402474,0.8985
0.5,True,uniform,0.4,0.4,hybrid,16,0.5398227235682644,0.3702421072919897,0.31,0.03904456438968596,0.49178066910698,0.39680136222452866,0.355,0.190647771696959,0.45756436331253725,0.3806149999999999,0.8071299999999992,0.456,0.2984,0.2456,0.34725065079405304,1.2479225846903346,0.8819999999999999
0.5,True,uniform,0.4,0.4,hybrid,17,0.501087792958863,0.3413591267974549,0.27,-0.05601417146215904,0.4681479686921465,0.377666764835018,0.345,0.18915103399030528,0.44409207864554495,0.38043,0.8019099999999991,0.46405,0.2894,0.24655,0.31039845024967583,1.1579532809095172,0.8845000000000001
0.5,True,uniform,0.4,0.4,hybrid,18,0.5282595433746189,0.35370567027395217,0.235,0.030219307087296015,0.5087555646447895,0.42518422998200534,0.395,0.18517793745047434,0.48619712514653324,0.364605,0.7785699999999994,0.4497,0.28805,0.26225,0.3060586974889553,1.2104535782853398,0.8825
0.5,True,uniform,0.4,0.4,hybrid,19,0.4817971947725576,0.3108052988314432,0.225,-0.03382673164315687,0.4953042700171929,0.4082477976052282,0.375,0.18602849171225025,0.47043013285854984,0.36932000000000004,0.7859199999999993,0.4593,0.29615,0.24455,0.33842495789311144,1.2023307366051559,0.9189999999999999
0.5,True,uniform,0.4,0.4,hybrid,20,0.527119700541352,0.355975303338751,0.305,-0.017375447823312306,0.5347602234993866,0.44537498263332437,0.405,0.18089751362555107,0.5095547269948689,0.35339999999999994,0.7671999999999994,0.4378,0.3132,0.249,0.35371352934831146,1.2963766993149863,0.9080000000000001
0.5,True,uniform,0.0,0.0,individual_baseline,1,0.5380338813570394,0.3679734474059962,0.3,-0.013807647687290732,0.567702815616545,0.39519069878472346,0.365,0.2698504316684577,0.5489569188790147,0.5391750000000001,1.02942,0.76475,0.2025,0.03275,0.2234778500960797,2.0998532977991973,1.0
0.5,True,uniform,0.0,0.0,individual_baseline,2,0.5039942537498406,0.3469175006679214,0.295,0.015063634467163385,0.5716704941119248,0.4011340173748772,0.38,0.27016582448469784,0.5702223388232595,0.5360250000000001,1.0209899999999998,0.75845,0.20895,0.0326,0.19700025474779456,2.083403027160719,1.0
0.5,True,uniform,0.0,0.0,individual_baseline,3,0.4890296296058673,0.31273966582764634,0.235,0.059478689614280066,0.5358362418999237,0.35734608192171646,0.28,0.26987398136236324,0.5251484665209608,0.5294500000000001,1.0144449999999998,0.7469,0.2193,0.0338,0.19047676427823504,1.9801049888541538,1.0
0.5,True,uniform,0.0,0.0,individual_baseline,4,0.5382270372131428,0.3694220037927441,0.31,0.06444153883809839,0.5646576540717053,0.3876862477709595,0.37,0.27182505105219223,0.5549014822393148,0.5359950000000001,1.019815,0.75665,0.21165,0.0317,0.20552092630402283,2.121149200103238,1.0
0.5,True,uniform,0.0,0.0,individual_baseline,5,0.5029302632833011,0.3410800256896466,0.275,-0.015486839115499645,0.5478589945557395,0.3753732148175829,0.345,0.2670115667198108,0.5466139589283793,0.5256350000000001,1.002935,0.73345,0.23035,0.0362,0.21558059335732285,1.994732624846447,1.0
0.5,True,uniform,0.0,0.0,individual_baseline,6,0.5186356672752157,0.35372815558338894,0.29,-0.005695748729789752,0.5581029811900939,0.38431640416326646,0.31,0.2710038427844116,0.5489885902608755,0.5384850000000001,1.0195349999999999,0.75665,0.2113,0.03205,0.19718188028776204,2.0700550405299416,1.0
0.5,True,uniform,0.0,0.0,individual_baseline,7,0.513637667411623,0.3427137796535877,0.275,-0.07128313048566223,0.5383949948139866,0.35951581392914833,0.305,0.2717594939585848,0.536021062295778,0.53669,1.02386,0.75735,0.2107,0.03195,0.2073851490731949,1.931257072733553,1.0
0.5,True,uniform,0.0,0.0,individual_baseline,8,0.5087707013838418,0.3332962700736829,0.245,0.0598490247027685,0.5543786119707255,0.3784874829144671,0.32,0.2720153912451597,0.5481602645702369,0.53837,1.023005,0.75265,0.21535,0.032,0.20421675799616565,2.0639360755302576,1.0
0.5,True,uniform,0.0,0.0,individual_baseline,9,0.5037796340055101,0.3461605189866219,0.3,-0.040696587968267715,0.5342577937990878,0.3623435366021265,0.305,0.2716701896011808,0.5299283649755528,0.53995,1.033075,0.7586,0.2094,0.032,0.21519779374208817,1.8828546402922968,1.0
0.5,True,uniform,0.0,0.0,individual_baseline,10,0.4783554051954107,0.3144239996038137,0.21,0.021919011041926534,0.5181323467171483,0.3381852155994842,0.235,0.2713165156654343,0.5199879175985929,0.5347700000000001,1.0275,0.7511,0.2164,0.0325,0.23045120326804805,1.9648460396117493,1.0
0.5,True,uniform,0.0,0.0,individual_baseline,11,0.5245057294818782,0.35837075653899153,0.275,0.001096292181991061,0.5598642749213295,0.3908223577496003,0.365,0.26949442001077245,0.5601225149541542,0.5306400000000001,1.0117749999999999,0.74965,0.21665,0.0337,0.181348093843856,2.0107168630052596,1.0
0.5,True,uniform,0.0,0.0,individual_baseline,12,0.5092713362654364,0.3397313631707085,0.245,-0.05598990134386141,0.5624646655533186,0.3857142897179963,0.345,0.27114174274305414,0.5525960792953278,0.531545,1.01402,0.7425,0.2246,0.0329,0.21370802236441602,2.0128870372417853,1.0
0.5,True,uniform,0.0,0.0,individual_baseline,13,0.525746492476239,0.3534556794955309,0.275,-0.1193998550014814,0.5577218618570331,0.37658911101576154,0.345,0.26992973724231206,0.5536472103107369,0.531065,1.01819,0.75165,0.2151,0.03325,0.1988452763012973,1.9954087280778903,1.0
0.5,True,uniform,0.0,0.0,individual_baseline,14,0.49961878918402114,0.3386953303072227,0.275,-0.05243052880267057,0.5318321075461483,0.3629208548489605,0.32,0.2682952671699055,0.5333842643795126,0.531085,1.013685,0.74905,0.21645,0.0345,0.20584163047357193,1.8576440562337702,1.0
0.5,True,uniform,0.0,0.0,individual_baseline,15,0.49128662390873923,0.316254323074324,0.23,0.10662235333449488,0.5421425516658789,0.36134122854911566,0.335,0.2705639519349987,0.536462398487814,0.535935,1.0220449999999999,0.75095,0.21635,0.0327,0.2107628410557954,1.900900532164753,1.0
0.5,True,uniform,0.0,0.0,individual_baseline,16,0.5398227235682644,0.3702421072919897,0.31,-0.034302230036472044,0.568499119917394,0.3905173839296897,0.34,0.2753002192734258,0.5536181559052669,0.5402950000000001,1.03778,0.7601,0.21055,0.02935,0.20795419124256193,2.1124944750919594,1.0
0.5,True,uniform,0.0,0.0,individual_baseline,17,0.501087792958863,0.3413591267974549,0.27,0.027041415377737684,0.5484844162469124,0.3748051695468234,0.315,0.2731814182395681,0.546107246407426,0.5374500000000001,1.030125,0.75035,0.21825,0.0314,0.21668645093265582,1.983528249090904,1.0
0.5,True,uniform,0.0,0.0,individual_baseline,18,0.5282595433746189,0.35370567027395217,0.235,0.005882476548507234,0.5915140154806702,0.41191019610724,0.33,0.27339146438610906,0.584482329705095,0.5415100000000002,1.02867,0.75745,0.21195,0.0306,0.19963027718256948,2.3172615953359217,1.0
0.5,True,uniform,0.0,0.0,individual_baseline,19,0.4817971947725576,0.3108052988314432,0.225,-0.047400417606518266,0.5400560618882906,0.358335329060247,0.285,0.27061537313390177,0.5316674133468416,0.5324550000000001,1.0195549999999998,0.74255,0.2241,0.03335,0.20576744425619892,2.082019049283554,1.0
0.5,True,uniform,0.0,0.0,individual_baseline,20,0.527119700541352,0.355975303338751,0.305,-0.07748058910486137,0.5360379096838968,0.365949675595797,0.33,0.2710018022553909,0.5254405922300451,0.5399700000000001,1.022465,0.76385,0.20435,0.0318,0.20505801881280317,1.8691764941833156,1.0
0.5,True,uniform,0.5,0.0,local_cf,1,0.5380338813570394,0.3679734474059962,0.3,0.009583003718766105,0.5522519817794711,0.3674907242982995,0.28,0.2758808247556565,0.5459796150536457,0.5426150000000001,1.033115,0.76705,0.2044,0.02855,0.19420277239659678,2.2000836782148956,1.0
0.5,True,uniform,0.5,0.0,local_cf,2,0.5039942537498406,0.3469175006679214,0.295,0.04328698876191103,0.5218622064410462,0.35314008411492565,0.265,0.27039213982060306,0.5124975391679817,0.538935,1.02396,0.76485,0.203,0.03215,0.19460365596550058,1.822952271890528,1.0
0.5,True,uniform,0.5,0.0,local_cf,3,0.4890296296058673,0.31273966582764634,0.235,0.045595717676037456,0.5356370632251215,0.3559211396850222,0.28,0.27487947596298107,0.5321404624782673,0.534215,1.019405,0.7559,0.2142,0.0299,0.19411784947042293,2.01481523326666,1.0
0.5,True,uniform,0.5,0.0,local_cf,4,0.5382270372131428,0.3694220037927441,0.31,0.029960655971019122,0.5707208850528158,0.39399357049660083,0.34,0.2725227498708822,0.5650630930468081,0.544845,1.0287600000000001,0.7783,0.19165,0.03005,0.21525223377726418,2.1843697973564784,1.0
0.5,True,uniform,0.5,0.0,local_cf,5,0.5029302632833011,0.3410800256896466,0.275,-0.01692280074695031,0.5274899572207289,0.3562382002643754,0.315,0.2714983462991476,0.5256534743086817,0.5299400000000001,1.007905,0.74635,0.2211,0.03255,0.20093142708124945,1.8876037985174279,1.0
0.5,True,uniform,0.5,0.0,local_cf,6,0.5186356672752157,0.35372815558338894,0.29,0.004217153878457343,0.5414935255204735,0.3724585680160554,0.32,0.27414849574937056,0.532619226802309,0.540255,1.02171,0.7627,0.20755,0.02975,0.1972884796993997,1.8987204145214178,1.0
0.5,True,uniform,0.5,0.0,local_cf,7,0.513637667411623,0.3427137796535877,0.275,-0.06493593523137388,0.5375688926989585,0.3564074468174532,0.285,0.2744084862330243,0.5334343986134512,0.53618,1.023455,0.7581,0.21175,0.03015,0.18513261950812784,1.991160903119668,1.0
0.5,True,uniform,0.5,0.0,local_cf,8,0.5087707013838418,0.3332962700736829,0.245,0.03859211909798782,0.5742551177124685,0.38693057526244345,0.33,0.2740264902708607,0.5659091820751747,0.54179,1.0268799999999998,0.76655,0.2039,0.02955,0.18326468087830883,2.3953552085860403,1.0
0.5,True,uniform,0.5,0.0,local_cf,9,0.5037796340055101,0.3461605189866219,0.3,-0.029719448680766033,0.527711175927867,0.35801767908110294,0.3,0.2741493765094352,0.5252245464631544,0.5431950000000001,1.0363,0.77245,0.198,0.02955,0.1972311375570836,1.8438835225912564,1.0
0.5,True,uniform,0.5,0.0,local_cf,10,0.4783554051954107,0.3144239996038137,0.21,0.0031344948767578484,0.5377990340917262,0.35255142853537164,0.23,0.275423031377854,0.5361965471762686,0.5435450000000001,1.0368050000000002,0.76395,0.20715,0.0289,0.19719005896426467,2.1297481455755314,1.0
0.5,True,uniform,0.5,0.0,local_cf,11,0.5245057294818782,0.35837075653899153,0.275,0.015132113852520935,0.5800323547174464,0.4055817127404485,0.335,0.27479553202755197,0.5800152097274579,0.53673,1.0185300000000002,0.76305,0.20745,0.0295,0.21385071387977417,2.1983394302019224,1.0
0.5,True,uniform,0.5,0.0,local_cf,12,0.5092713362654364,0.3397313631707085,0.245,-0.06728566186472759,0.5464635280248545,0.3673173659769119,0.33,0.27329309474761426,0.5386261914981655,0.540645,1.02336,0.7644,0.2053,0.0303,0.21637619200999392,1.9605802799672503,1.0
0.5,True,uniform,0.5,0.0,local_cf,13,0.525746492476239,0.3534556794955309,0.275,-0.08355543667560816,0.5706597538373278,0.37918434087977787,0.315,0.2724787464977264,0.5670081052160638,0.53924,1.02658,0.76785,0.20145,0.0307,0.1906910350134492,2.116080319446933,1.0
0.5,True,uniform,0.5,0.0,local_cf,14,0.49961878918402114,0.3386953303072227,0.275,-0.009778619133384035,0.5289389286600666,0.35148978819200494,0.26,0.27052764288785996,0.522052207403959,0.534995,1.017845,0.7586,0.20895,0.03245,0.1890513682233059,1.9704233060542609,1.0
0.5,True,uniform,0.5,0.0,local_cf,15,0.49128662390873923,0.316254323074324,0.23,0.10849880226572477,0.5269170039236084,0.3450958665798327,0.26,0.27441684588996423,0.5146798752150703,0.53863,1.024825,0.7615,0.2087,0.0298,0.20128651030550135,1.8598537202278849,1.0
0.5,True,uniform,0.5,0.0,local_cf,16,0.5398227235682644,0.3702421072919897,0.31,-0.013416212861014007,0.5603932107816693,0.3869767690419593,0.315,0.2744866260672915,0.5586582511003741,0.54317,1.04048,0.77145,0.1993,0.02925,0.19115704244368537,2.0125624678214815,1.0
0.5,True,uniform,0.5,0.0,local_cf,17,0.501087792958863,0.3413591267974549,0.27,0.0023006125531818866,0.5292406012518742,0.35857690381849816,0.29,0.27498483884291525,0.5226476672095886,0.54413,1.0369249999999999,0.76845,0.2021,0.02945,0.18702018500211318,1.871665773590332,1.0
0.5,True,uniform,0.5,0.0,local_cf,18,0.5282595433746189,0.35370567027395217,0.235,0.03240134373406691,0.586308369473914,0.4131824297742985,0.38,0.2747270663663974,0.5846724340415191,0.543035,1.0302649999999998,0.77105,0.1999,0.02905,0.20391840063486252,2.1783748637215496,1.0
0.5,True,uniform,0.5,0.0,local_cf,19,0.4817971947725576,0.3108052988314432,0.225,-0.048412907537924495,0.5408499949548583,0.363470912815485,0.285,0.2719048217909282,0.543227280446576,0.537795,1.025005,0.7584,0.21,0.0316,0.19980897919233662,2.0167619932771257,1.0
0.5,True,uniform,0.5,0.0,local_cf,20,0.527119700541352,0.355975303338751,0.305,-0.0715795886207774,0.5629704736390974,0.380109948108307,0.315,0.27456457443326565,0.5575442593968163,0.5432150000000001,1.02614,0.7734,0.19745,0.02915,0.19556217092535227,2.1549510600304087,1.0
1.0,True,uniform,0.0,0.5,global_trending,1,0.5380338813570394,0.3679734474059962,0.3,-0.02351278177806065,0.9245138785354109,0.8896590301480778,0.91,0.15384809158623017,0.87191126140543,0.21629500000000002,0.5769749999999999,0.21455,0.3388,0.44665,0.49908001248159495,4.525034055738083,0.851
1.0,True,uniform,0.0,0.5,global_trending,2,0.5039942537498406,0.3469175006679214,0.295,0.015881686608328626,0.8924643638466183,0.8505462344152918,0.855,0.15332399539074598,0.843847181447776,0.21037499999999998,0.568985,0.21295,0.34215,0.4449,0.482461198773434,3.902453881755873,0.838
1.0,True,uniform,0.0,0.5,global_trending,3,0.4890296296058673,0.31273966582764634,0.235,0.018288235052306714,0.9353672420421765,0.8987010288087329,0.915,0.14547708246336852,0.8816545527531633,0.19996,0.55634,0.20055,0.3559,0.44355,0.49543660145882557,4.998584557069388,0.8590000000000001
1.0,True,uniform,0.0,0.5,global_trending,4,0.5382270372131428,0.3694220037927441,0.31,-0.0343931732452926,0.9149116453514723,0.8751212848308032,0.89,0.14841212914733018,0.8649359559866759,0.20459499999999997,0.5589649999999999,0.21215,0.3422,0.44565,0.49325377539742393,4.65306189304441,0.8604999999999999
1.0,True,uniform,0.0,0.5,global_trending,5,0.5029302632833011,0.3410800256896466,0.275,0.0601277081626795,0.9331416420898112,0.8945401514059569,0.9,0.13936063496507295,0.8879501866430392,0.19105999999999998,0.5363749999999999,0.1939,0.3307,0.4754,0.49887377912299435,5.006507779799683,0.835
1.0,True,uniform,0.0,0.5,global_trending,6,0.5186356672752157,0.35372815558338894,0.29,0.03252369624217791,0.9153817265194357,0.8772618323789652,0.885,0.1490959827950968,0.8653937814611926,0.205485,0.5566499999999999,0.20625,0.3328,0.46095,0.4835023786670355,4.361453708925496,0.8184999999999999
1.0,True,uniform,0.0,0.5,global_trending,7,0.513637667411623,0.3427137796535877,0.275,0.020262891720263906,0.8895031555627678,0.8298280869019101,0.825,0.1559246163178946,0.8425146088133921,0.215135,0.576575,0.2315,0.3401,0.4284,0.4678282873542096,3.6904531803867577,0.8680000000000001
1.0,True,uniform,0.0,0.5,global_trending,8,0.5087707013838418,0.3332962700736829,0.245,-0.04509130355673185,0.9224748240248596,0.8802997182356986,0.9,0.15080929290430017,0.8748392395025106,0.20738,0.5617749999999999,0.2071,0.3396,0.4533,0.48791575566960205,5.006212211193154,0.8295
1.0,True,uniform,0.0,0.5,global_trending,9,0.5037796340055101,0.3461605189866219,0.3,0.008293765224869807,0.910926306491292,0.8757437457980403,0.895,0.15604697115826752,0.8542667019325657,0.21147499999999997,0.5815899999999999,0.21225,0.372,0.41575,0.501876064716831,4.154331584199738,0.882
1.0,True,uniform,0.0,0.5,global_trending,10,0.4783554051954107,0.3144239996038137,0.21,0.0419137965815171,0.9070773456447041,0.861704914751654,0.885,0.15727195428104998,0.8526600516238997,0.21967999999999996,0.5865649999999999,0.21855,0.35465,0.4268,0.4884222222414366,3.679278706762186,0.8595
1.0,True,uniform,0.0,0.5,global_trending,11,0.5245057294818782,0.35837075653899153,0.275,0.016690542326476838,0.9204095840081569,0.8783107015199918,0.885,0.1472701465519076,0.8683268904862247,0.20410999999999999,0.5553299999999999,0.2071,0.3365,0.4564,0.5021775892383834,5.132054729861336,0.8455000000000001
1.0,True,uniform,0.0,0.5,global_trending,12,0.5092713362654364,0.3397313631707085,0.245,-0.009285458972354199,0.8969133345792302,0.8520867775269878,0.875,0.15166866614104102,0.8470715160854493,0.208635,0.5645749999999999,0.21985,0.3456,0.43455,0.47238473690184163,3.9996546902105763,0.86
1.0,True,uniform,0.0,0.5,global_trending,13,0.525746492476239,0.3534556794955309,0.275,-0.055398957018027294,0.8986674187158278,0.8494152512482921,0.86,0.15396834672899423,0.8491608160670024,0.21352000000000002,0.5757249999999999,0.22425,0.3478,0.42795,0.4893679449554004,3.189594421860786,0.8830000000000001
1.0,True,uniform,0.0,0.5,global_trending,14,0.49961878918402114,0.3386953303072227,0.275,-0.03847861892183607,0.9140416178832479,0.8746893906067674,0.875,0.14712749138151643,0.8699754401929498,0.20206999999999997,0.5562999999999999,0.20375,0.3472,0.44905,0.48225583671782823,3.5828151709006724,0.85
1.0,True,uniform,0.0,0.5,global_trending,15,0.49128662390873923,0.316254323074324,0.23,0.01619905469558096,0.8817689563834225,0.8215503257056208,0.81,0.15678960551576615,0.8376027884236226,0.21257499999999996,0.5780599999999998,0.23255,0.349,0.41845,0.4795465638592168,3.1436692785638516,0.8684999999999999
1.0,True,uniform,0.0,0.5,global_trending,16,0.5398227235682644,0.3702421072919897,0.31,-0.02403760848302666,0.921164954654505,0.8791390378229482,0.925,0.1564042197539344,0.8661687426553775,0.22217499999999993,0.5932,0.2231,0.3547,0.4222,0.48422114883342515,4.506519995577648,0.855
1.0,True,uniform,0.0,0.5,global_trending,17,0.501087792958863,0.3413591267974549,0.27,-0.04791147972933573,0.8850199256822674,0.8389067165258501,0.845,0.15901537994575893,0.8285647863510042,0.22024499999999997,0.59092,0.2259,0.3586,0.4155,0.4865789549041714,3.555960384168298,0.882
1.0,True,uniform,0.0,0.5,global_trending,18,0.5282595433746189,0.35370567027395217,0.235,-0.012094217813566571,0.9342304939760614,0.9018315123792546,0.92,0.1483796505427336,0.888659973549683,0.20317,0.5629249999999999,0.20825,0.3558,0.43595,0.5254920097768258,5.33844264863372,0.882
1.0,True,uniform,0.0,0.5,global_trending,19,0.4817971947725576,0.3108052988314432,0.225,-0.007199367041203111,0.9060430044718316,0.8686737025325221,0.87,0.14866001680876173,0.8623640837452814,0.20445499999999994,0.564905,0.20845,0.35515,0.4364,0.47348825265273903,4.0780741472193816,0.8544999999999999
1.0,True,uniform,0.0,0.5,global_trending,20,0.527119700541352,0.355975303338751,0.305,-0.029574259031199136,0.8930307759657733,0.8445686432072993,0.83,0.14753754922114204,0.856127603799291,0.20613,0.5607449999999999,0.22305,0.33285,0.4441,0.48491334407846326,3.453722200001848,0.8345
1.0,True,uniform,0.4,0.4,hybrid,1,0.5380338813570394,0.3679734474059962,0.3,-0.010893327182088942,0.8581943899611997,0.7789244950727777,0.795,0.18285797432244347,0.7917444882422897,0.257695,0.6240449999999998,0.2792,0.3506,0.3702,0.4056024759463188,3.9819505529746997,0.9055000000000001
1.0,True,uniform,0.4,0.4,hybrid,2,0.5039942537498406,0.3469175006679214,0.295,0.022945988180495737,0.8309390287280869,0.7485834067342643,0.73,0.18500145294804768,0.767391909691801,0.254925,0.6184149999999999,0.27925,0.35025,0.3705,0.44111339826507107,3.2259096767160402,0.899
1.0,True,uniform,0.4,0.4,hybrid,3,0.4890296296058673,0.31273966582764634,0.235,0.00017875654699358811,0.852923894997318,0.7768295423742946,0.75,0.1821960626744377,0.7961078216515088,0.24802,0.6143649999999998,0.27195,0.3578,0.37025,0.43178482057865464,3.550112253972644,0.8889999999999999
1.0,True,uniform,0.4,0.4,hybrid,4,0.5382270372131428,0.3694220037927441,0.31,-0.001141802279671138,0.8512391683621041,0.7761800455818844,0.755,0.1767729869915457,0.7907033911407165,0.24703000000000003,0.6122699999999999,0.27515,0.34295,0.3819,0.4499665054322585,3.6686391377886096,0.8895000000000001
1.0,True,uniform,0.4,0.4,hybrid,5,0.5029302632833011,0.3410800256896466,0.275,-0.003763549794069521,0.85689436322792,0.7903732315803338,0.795,0.17025457500187863,0.801496643998093,0.23681999999999997,0.5905949999999999,0.26325,0.3398,0.39695,0.4361505190970294,3.5957927303999178,0.895
1.0,True,uniform,0.4,0.4,hybrid,6,0.5186356672752157,0.35372815558338894,0.29,0.02841095435600983,0.8650780022695713,0.7923089504671864,0.805,0.17243354594582866,0.8061537892286441,0.24258000000000002,0.5987249999999998,0.2703,0.34085,0.38885,0.44617627056870574,3.6410998599389703,0.899
1.0,True,uniform,0.4,0.4,hybrid,7,0.513637667411623,0.3427137796535877,0.275,0.005216331742916474,0.8342971190047277,0.7536873007695556,0.72,0.19109858170766117,0.7780626563211793,0.26562,0.6387199999999997,0.2945,0.3418,0.3637,0.43769243686862785,3.456891545987378,0.8835
1.0,True,uniform,0.4,0.4,hybrid,8,0.5087707013838418,0.3332962700736829,0.245,-0.00991543853476534,0.8587219652024639,0.784940309560132,0.8,0.176591466264863,0.8034610586786198,0.24438499999999996,0.6074149999999999,0.27065,0.347,0.38235,0.43797353252446497,3.9464375438920922,0.9
1.0,True,uniform,0.4,0.4,hybrid,9,0.5037796340055101,0.3461605189866219,0.3,-0.019230256054736935,0.8514085820542009,0.7705611786708778,0.78,0.19036564153867946,0.7880148323531941,0.26315,0.6418749999999999,0.28885,0.3574,0.35375,0.4533357387668984,3.9485984641585268,0.9194999999999999
1.0,True,uniform,0.4,0.4,hybrid,10,0.4783554051954107,0.3144239996038137,0.21,0.0782728768875613,0.8447924027742916,0.7563157239770584,0.765,0.18747632983000023,0.7769675564159393,0.263455,0.6376049999999999,0.28575,0.35835,0.3559,0.4500137736295946,3.5026071752958927,0.9035
1.0,True,uniform,0.4,0.4,hybrid,11,0.5245057294818782,0.35837075653899153,0.275,-0.0006073882958489163,0.8672308319054096,0.7940643216406664,0.8,0.1740423704788212,0.8082050709536571,0.24173499999999998,0.5995399999999999,0.2655,0.3442,0.3903,0.43984844884714475,4.24301758242904,0.8805
1.0,True,uniform,0.4,0.4,hybrid,12,0.5092713362654364,0.3397313631707085,0.245,-0.030301378439326277,0.8510612034495711,0.768854471946888,0.74,0.1845903444495649,0.7887957145552852,0.254825,0.6183299999999998,0.28345,0.3426,0.37395,0.44161549295981195,3.086144365957141,0.9009999999999999
1.0,True,uniform,0.4,0.4,hybrid,13,0.525746492476239,0.3534556794955309,0.275,-0.0410907678086318,0.8523153891509315,0.7774474390645753,0.77,0.18608650539323868,0.7947804130540789,0.25809000000000004,0.6293099999999998,0.2883,0.3477,0.364,0.4610181168313032,3.1441025568900836,0.887
1.0,True,uniform,0.4,0.4,hybrid,14,0.49961878918402114,0.3386953303072227,0.275,-0.026135409393478738,0.8432841105507849,0.76557506545924,0.775,0.18192256455546676,0.7840891396194917,0.24656999999999996,0.6101449999999998,0.2698,0.3516,0.3786,0.43793933514813405,3.1281007756507866,0.89
1.0,True,uniform,0.4,0.4,hybrid,15,0.49128662390873923,0.316254323074324,0.23,0.024027701575783964,0.830279204726998,0.7545715194582647,0.745,0.19089778197609103,0.776455652634821,0.260115,0.6345699999999997,0.29005,0.35525,0.3547,0.44113439481273065,2.806751715472621,0.9094999999999999
1.0,True,uniform,0.4,0.4,hybrid,16,0.5398227235682644,0.3702421072919897,0.31,-0.04545555093198882,0.8688574845956633,0.7924710588152847,0.78,0.1867815781236834,0.80741268402287,0.26625,0.6434349999999998,0.28635,0.34205,0.3716,0.4408452682035218,2.991554353888587,0.8869999999999999
1.0,True,uniform,0.4,0.4,hybrid,17,0.501087792958863,0.3413591267974549,0.27,-0.026592107488585662,0.8297412201891511,0.7573460104521322,0.785,0.1888948943668217,0.7632419568315895,0.261635,0.6376349999999998,0.2843,0.35875,0.35695,0.458768630615851,3.1263539289639635,0.909
1.0,True,uniform,0.4,0.4,hybrid,18,0.5282595433746189,0.35370567027395217,0.235,0.0013020074855185693,0.8831894819182494,0.8112890062500193,0.82,0.17370262352974863,0.8195563572242132,0.243565,0.60868,0.2664,0.3536,0.38,0.44776264202655425,4.4413087257255315,0.909
1.0,True,uniform,0.4,0.4,hybrid,19,0.4817971947725576,0.3108052988314432,0.225,-0.015135246128223735,0.8380972688270611,0.7631757753472942,0.735,0.1853539235848698,0.7772500088682199,0.25548000000000004,0.6207249999999999,0.2764,0.34175,0.38185,0.4464238144070237,3.0686694929130214,0.8865000000000001
1.0,True,uniform,0.4,0.4,hybrid,20,0.527119700541352,0.355975303338751,0.305,-0.021116267077115065,0.8464918676867751,0.7756342417411147,0.765,0.1864390502358889,0.7924543178740646,0.25236000000000003,0.6230649999999998,0.28215,0.35955,0.3583,0.43788120972314376,3.134891508333389,0.904
1.0,True,uniform,0.0,0.0,individual_baseline,1,0.5380338813570394,0.3679734474059962,0.3,0.007496111962649876,0.7607759730922041,0.6337962129705587,0.725,0.36658922895626245,0.7321188251382648,0.46869500000000003,0.9330099999999988,0.6254,0.267,0.1076,0.19533627816501403,3.235284154688746,1.0
1.0,True,uniform,0.0,0.0,individual_baseline,2,0.5039942537498406,0.3469175006679214,0.295,0.06395247622290227,0.7366122908306226,0.6023350489805477,0.695,0.3529419915891111,0.7127891701653826,0.4463700000000001,0.9031849999999989,0.595,0.28895,0.11605,0.2110784501353717,2.8721684647210277,1.0
1.0,True,uniform,0.0,0.0,individual_baseline,3,0.4890296296058673,0.31273966582764634,0.235,0.06217375652026427,0.7450046854841099,0.6150274503109421,0.705,0.34787024355986085,0.7145807037397622,0.4475,0.9044249999999988,0.60035,0.28125,0.1184,0.22334070615597335,3.024241822132036,0.9990000000000001
1.0,True,uniform,0.0,0.0,individual_baseline,4,0.5382270372131428,0.3694220037927441,0.31,0.06078324742027395,0.7709281044231935,0.6468727196404909,0.745,0.3529937782448528,0.7446726646073719,0.45513500000000007,0.9129799999999989,0.61405,0.27165,0.1143,0.21970457973609464,3.242452979088414,0.9990000000000001
1.0,True,uniform,0.0,0.0,individual_baseline,5,0.5029302632833011,0.3410800256896466,0.275,-0.00046331985668000895,0.7383258502676279,0.6154927943502165,0.685,0.34383841749011196,0.715480600737016,0.43435500000000005,0.8833399999999989,0.58065,0.29815,0.1212,0.1976427840485181,2.787337102057225,0.9990000000000001
1.0,True,uniform,0.0,0.0,individual_baseline,6,0.5186356672752157,0.35372815558338894,0.29,0.008436525190771203,0.7307448433350285,0.6035811185916786,0.675,0.349501983058974,0.7023516821440015,0.45068,0.9038749999999989,0.6057,0.2768,0.1175,0.2054120391172418,2.698049876553315,0.9984999999999999
1.0,True,uniform,0.0,0.0,individual_baseline,7,0.513637667411623,0.3427137796535877,0.275,-0.13849745082834775,0.721258340336972,0.5710194106626729,0.655,0.3517369880835771,0.6920851200126192,0.4479350000000001,0.9070199999999988,0.598,0.2852,0.1168,0.2106245490815052,2.464340091007391,1.0
1.0,True,uniform,0.0,0.0,individual_baseline,8,0.5087707013838418,0.3332962700736829,0.245,0.0680124622765444,0.7604751117226983,0.6287224500960832,0.72,0.3525248530472935,0.7345296168786578,0.45596500000000006,0.9127549999999988,0.61135,0.27395,0.1147,0.20351131620070365,3.16600765980348,1.0
1.0,True,uniform,0.0,0.0,individual_baseline,9,0.5037796340055101,0.3461605189866219,0.3,-0.013438286234301681,0.7270256444252703,0.589368331922834,0.62,0.35270237245817165,0.6898819100099893,0.4553150000000001,0.9194199999999987,0.6045,0.2797,0.1158,0.24293947879946587,2.949582322532498,1.0
1.0,True,uniform,0.0,0.0,individual_baseline,10,0.4783554051954107,0.3144239996038137,0.21,0.04196936235427022,0.7253108490296778,0.5904933194347717,0.655,0.3572701627474006,0.6952229224485458,0.45233000000000007,0.9139949999999988,0.5914,0.29455,0.11405,0.2340913058064428,2.7303653619740826,1.0
1.0,True,uniform,0.0,0.0,individual_baseline,11,0.5245057294818782,0.35837075653899153,0.275,0.023316134988967976,0.7606955621901035,0.6414155079978117,0.735,0.35446525639440224,0.7390617187855106,0.45494500000000004,0.9116199999999989,0.61635,0.27005,0.1136,0.22541225413081883,3.041353862140862,1.0
1.0,True,uniform,0.0,0.0,individual_baseline,12,0.5092713362654364,0.3397313631707085,0.245,-0.08215338144466033,0.7610676864937231,0.6269899963899271,0.755,0.35728269777306865,0.73284283106542,0.45305000000000006,0.9090349999999988,0.60595,0.28105,0.113,0.2092628008854534,2.9952691726476606,0.9984999999999999
1.0,True,uniform,0.0,0.0,individual_baseline,13,0.525746492476239,0.3534556794955309,0.275,-0.09821449915520639,0.7245479023856828,0.5814666620566763,0.63,0.3563070196803497,0.6914653846548907,0.452255,0.912789999999999,0.60485,0.28125,0.1139,0.20908247945052605,2.734151347729417,0.9990000000000001
1.0,True,uniform,0.0,0.0,individual_baseline,14,0.49961878918402114,0.3386953303072227,0.275,-0.0673372694167856,0.699651667224079,0.5623375939289745,0.65,0.3506187663243284,0.6798945686677453,0.43881,0.8986149999999989,0.59585,0.28625,0.1179,0.24726606442251636,2.5503333161010118,0.9990000000000001
1.0,True,uniform,0.0,0.0,individual_baseline,15,0.49128662390873923,0.316254323074324,0.23,0.1276864722292984,0.7487979020088424,0.6086029972910687,0.69,0.355810129992188,0.720008794281459,0.45066500000000004,0.9071899999999988,0.5951,0.2904,0.1145,0.2571541381204103,2.67605656210361,0.9995
1.0,True,uniform,0.0,0.0,individual_baseline,16,0.5398227235682644,0.3702421072919897,0.31,-0.10098232187057142,0.7770138628777882,0.6394328083298361,0.735,0.36767279409662634,0.7471969388473114,0.47301000000000004,0.9449099999999986,0.63015,0.2633,0.10655,0.2323332818465821,3.186491779757297,1.0
1.0,True,uniform,0.0,0.0,individual_baseline,17,0.501087792958863,0.3413591267974549,0.27,-0.0372850624294525,0.7072335976636366,0.5715609121242798,0.625,0.3575431290133471,0.6744164304438772,0.46023000000000003,0.9242899999999987,0.6093,0.27775,0.11295,0.2126775574616085,2.553603816945632,1.0
1.0,True,uniform,0.0,0.0,individual_baseline,18,0.5282595433746189,0.35370567027395217,0.235,0.03940634874646259,0.7659207412600014,0.6389317728355007,0.735,0.3573824407254549,0.733437336494316,0.46803000000000006,0.9296299999999986,0.632,0.2569,0.1111,0.19763145283247993,3.312406035542802,1.0
1.0,True,uniform,0.0,0.0,individual_baseline,19,0.4817971947725576,0.3108052988314432,0.225,-0.04694008852854022,0.7365675301988296,0.6111429290213543,0.7,0.35100390823705524,0.7102894734194293,0.452255,0.9098449999999988,0.6008,0.28285,0.11635,0.20914178058670932,2.7629280088027723,1.0
1.0,True,uniform,0.0,0.0,individual_baseline,20,0.527119700541352,0.355975303338751,0.305,-0.11855875535260103,0.7480535820765628,0.6100585892051883,0.695,0.3499796077889083,0.7173275021357108,0.44954000000000005,0.9061899999999988,0.607,0.2765,0.1165,0.19635586630740265,2.715705938394721,1.0
1.0,True,uniform,0.5,0.0,local_cf,1,0.5380338813570394,0.3679734474059962,0.3,-0.034509930415863345,0.7615887865910415,0.6331937122539033,0.72,0.36574377915363343,0.7285165535398295,0.47307000000000005,0.9360199999999986,0.63225,0.25655,0.1112,0.22069183045894541,3.3113558472636035,0.9940000000000001
1.0,True,uniform,0.5,0.0,local_cf,2,0.5039942537498406,0.3469175006679214,0.295,0.06488108530033802,0.7317146644412855,0.598614932911405,0.665,0.35748782113757666,0.7057444242803668,0.4516400000000001,0.9095949999999988,0.6051,0.27895,0.11595,0.22956141207770464,2.721434117456454,0.996
1.0,True,uniform,0.5,0.0,local_cf,3,0.4890296296058673,0.31273966582764634,0.235,0.03924077261763878,0.7408195651688595,0.6048887583658249,0.66,0.35420751284031143,0.7172405196465205,0.44865,0.9073299999999989,0.6037,0.27915,0.11715,0.19724330674018858,3.1819376453742225,0.998
1.0,True,uniform,0.5,0.0,local_cf,4,0.5382270372131428,0.3694220037927441,0.31,0.024927721794580058,0.765428030906451,0.6418530304529461,0.735,0.3603405384096439,0.7346563829797499,0.4565950000000001,0.917389999999999,0.6195,0.26955,0.11095,0.21815633421372954,3.257738641567305,1.0
1.0,True,uniform,0.5,0.0,local_cf,5,0.5029302632833011,0.3410800256896466,0.275,-0.042220837504054,0.7356375349983242,0.6016330734061368,0.675,0.35837177277869237,0.7090810442630032,0.44304000000000004,0.8966449999999989,0.59645,0.28955,0.114,0.20773721031445525,2.714031886126542,1.0
1.0,True,uniform,0.5,0.0,local_cf,6,0.5186356672752157,0.35372815558338894,0.29,0.0047688161041105894,0.7467758197238552,0.6181898216674,0.715,0.35702087764385737,0.721015992730581,0.45393,0.909689999999999,0.6144,0.2686,0.117,0.23755314723896453,2.9755836212790636,0.993
1.0,True,uniform,0.5,0.0,local_cf,7,0.513637667411623,0.3427137796535877,0.275,-0.1023466228403279,0.7351494092708353,0.5959851705628559,0.685,0.3552203228118475,0.7088451986205152,0.44641500000000006,0.9074249999999989,0.59785,0.28565,0.1165,0.22132266247700424,2.7005030705725006,0.9940000000000001
1.0,True,uniform,0.5,0.0,local_cf,8,0.5087707013838418,0.3332962700736829,0.245,0.05048027323284922,0.7412742513696742,0.6061265170110617,0.675,0.35894651120355753,0.7109681688057199,0.4554600000000001,0.913259999999999,0.61015,0.27695,0.1129,0.2030582744916151,3.160554445966154,0.996
1.0,True,uniform,0.5,0.0,local_cf,9,0.5037796340055101,0.3461605189866219,0.3,-0.028661522686850648,0.7332611768352926,0.5931006564760611,0.675,0.3662067002798942,0.7008344783889927,0.46043999999999996,0.9259099999999987,0.60995,0.2789,0.11115,0.2334508057210941,3.103872478299579,0.996
1.0,True,uniform,0.5,0.0,local_cf,10,0.4783554051954107,0.3144239996038137,0.21,0.016839571503247705,0.7578924320722765,0.6222209407675144,0.7,0.3515835317870534,0.7320679878446458,0.44897500000000007,0.9087149999999987,0.59055,0.2857,0.12375,0.2261617199006806,3.161389302914458,0.9915
1.0,True,uniform,0.5,0.0,local_cf,11,0.5245057294818782,0.35837075653899153,0.275,-0.011449188994121885,0.7405740375535683,0.6089687269973397,0.695,0.3562530974277557,0.7166628614129007,0.44946,0.907909999999999,0.6095,0.27655,0.11395,0.20803648644965303,3.0057759731735345,0.996
1.0,True,uniform,0.5,0.0,local_cf,12,0.5092713362654364,0.3397313631707085,0.245,-0.08618951308729281,0.7626921886970445,0.6326244839729097,0.715,0.3590055369632231,0.7401463544138969,0.45445500000000005,0.9127299999999989,0.61495,0.2707,0.11435,0.22039302647328768,3.092615699297227,0.998
1.0,True,uniform,0.5,0.0,local_cf,13,0.525746492476239,0.3534556794955309,0.275,-0.10122237004805851,0.7622799986823741,0.6221362365429772,0.72,0.3643286191704243,0.7371423387860392,0.4581950000000001,0.9223249999999988,0.61995,0.2663,0.11375,0.21452061850278029,3.1270602172050976,0.9925
1.0,True,uniform,0.5,0.0,local_cf,14,0.49961878918402114,0.3386953303072227,0.275,-0.0913348616199514,0.7091118734704358,0.5652361059355532,0.645,0.35278684374663993,0.6778488293491048,0.44134500000000004,0.899784999999999,0.5977,0.2849,0.1174,0.20968090875821574,2.602443459671384,0.9965
1.0,True,uniform,0.5,0.0,local_cf,15,0.49128662390873923,0.316254323074324,0.23,0.14843988663349125,0.7512872447988221,0.6056438859865939,0.73,0.3574888741148474,0.7276833860157051,0.45080500000000007,0.9072399999999989,0.59725,0.2872,0.11555,0.21781448297189154,2.4603695600762565,0.995
1.0,True,uniform,0.5,0.0,local_cf,16,0.5398227235682644,0.3702421072919897,0.31,-0.04734987758780173,0.7627728047462848,0.6328280746911724,0.74,0.36747493728187064,0.7350563082982328,0.47085,0.9427949999999986,0.6297,0.26075,0.10955,0.23316534390585214,3.4201947666097134,0.995
1.0,True,uniform,0.5,0.0,local_cf,17,0.501087792958863,0.3413591267974549,0.27,0.012931878314551897,0.7254122813385966,0.589386045032403,0.645,0.36745287396119125,0.7008958648505795,0.46094999999999997,0.9276399999999987,0.61225,0.27735,0.1104,0.21233344781293367,2.887300337436174,0.997
1.0,True,uniform,0.5,0.0,local_cf,18,0.5282595433746189,0.35370567027395217,0.235,0.03366684623288804,0.756724878134965,0.6199826061001537,0.72,0.36775508092225245,0.7305378410475205,0.470895,0.9325249999999987,0.63195,0.2612,0.10685,0.20895609969899112,3.3734763676316324,1.0
1.0,True,uniform,0.5,0.0,local_cf,19,0.4817971947725576,0.3108052988314432,0.225,-0.07696429839351121,0.7356613730649569,0.5983180722656252,0.645,0.3638441753109553,0.7056233983525789,0.45641000000000004,0.9166849999999989,0.60795,0.2813,0.11075,0.24036292834645565,2.7443306936495766,0.9995
1.0,True,uniform,0.5,0.0,local_cf,20,0.527119700541352,0.355975303338751,0.305,-0.1150663138996688,0.7484803729353185,0.6021491859218691,0.645,0.357814028140932,0.7229345540279652,0.45216,0.909684999999999,0.61245,0.2711,0.11645,0.2374597381872224,2.6809798676393006,0.992
