initial_preference_width,adaptive_tolerance,initial_distribution,seed,initial_mean_extremity,initial_opinion_variance,initial_extreme_share,final_mean_opinion,final_mean_extremity,final_opinion_variance,final_extreme_share,final_preference_width,final_preference_extremity,final_acceptance_threshold,final_rejection_threshold,final_acceptance_rate,final_ignore_rate,final_backfire_rate,final_avg_exposure_distance
0.1,False,moderate,1,0.1738261891795971,0.04727174744947938,0.0,-0.001978288177078146,0.24486586669991955,0.0922541593206193,0.02,0.0608863491859009,0.24982836615463083,0.26585000000000003,0.7014999999999999,0.98315,0.01685,0.0,0.054821332381012444
0.1,False,moderate,2,0.18485706652298872,0.054586487409109805,0.0,0.014058448756684543,0.2332263014132407,0.08473281840819866,0.005,0.06092785371370445,0.23812727400935935,0.26330000000000003,0.6969999999999998,0.9809,0.0191,0.0,0.051516044736852715
0.1,False,moderate,3,0.19937881386156242,0.0629795752830603,0.0,0.0012725264653120228,0.24541276521834846,0.09509915607416518,0.0,0.060905739813316304,0.2483379133184755,0.26160000000000005,0.694,0.9821,0.0179,0.0,0.05020751338341782
0.1,False,moderate,4,0.21520482524982681,0.06666870384237632,0.0,0.027469732791444167,0.24948035904073973,0.0945520223297513,0.015,0.06088269331829899,0.25217105738941586,0.2667,0.7029999999999998,0.98335,0.01665,0.0,0.055361669895489796
0.1,False,moderate,5,0.2010894991821081,0.06500304193556382,0.01,-0.013784121333867146,0.25380492893669493,0.09658553133116873,0.01,0.06091474695987457,0.25646432166061545,0.2573500000000001,0.6864999999999999,0.9816,0.0184,0.0,0.04904397992097305
0.1,False,moderate,6,0.20968598124770615,0.06772181691859638,0.005,-0.017797587580857775,0.24121098396378152,0.09128844380659838,0.015,0.060947364393251754,0.24318352677166546,0.265,0.7,0.97985,0.02015,0.0,0.05398544446673233
0.1,False,moderate,7,0.21098579844659437,0.07760170563576373,0.005,0.022764109191642432,0.25250501360752303,0.10095331462678267,0.02,0.0608569518812226,0.25489658415070915,0.2735000000000001,0.715,0.98475,0.01525,0.0,0.054769054262533964
0.1,False,moderate,8,0.2037889234715372,0.06440739772481939,0.0,-0.014857770805967136,0.24307217258882446,0.09585443333546681,0.015,0.060875360027676774,0.2456836099171539,0.2709500000000001,0.7104999999999998,0.98375,0.01625,0.0,0.05114715863480329
0.1,False,moderate,9,0.1915866610382019,0.05671787419389826,0.0,-0.0029456654597282595,0.22158738557369392,0.07444601858944738,0.005,0.060879171420097355,0.22452083020707747,0.26925000000000004,0.7075,0.98355,0.01645,0.0,0.05630396865394794
0.1,False,moderate,10,0.20913238836571846,0.06529231524829816,0.005,-0.0032579558539981,0.23996469508197393,0.08981949241426927,0.015,0.06088540554302453,0.24221053143788546,0.26585000000000003,0.7014999999999999,0.9832,0.0168,0.0,0.05320142194265043
0.1,False,moderate,11,0.19085608736686865,0.05657801750887309,0.005,0.02975106768868379,0.22446912865877355,0.07717460393787268,0.005,0.06089836234299753,0.2305277551373925,0.26415000000000005,0.6984999999999999,0.9825,0.0175,0.0,0.052418334590168786
0.1,False,moderate,12,0.19404368269643554,0.057239136981005745,0.0,-0.03696351487263206,0.2291374349172009,0.08050452447666681,0.005,0.06085780976840608,0.2341429720397551,0.2684,0.706,0.9847,0.0153,0.0,0.05589219071008453
0.1,False,moderate,13,0.1931462300298193,0.056955822939484514,0.0,0.009296089923337714,0.2358058723092796,0.0825127530481461,0.005,0.06086898443091401,0.2417466235338346,0.27435000000000004,0.7164999999999998,0.9841,0.0159,0.0,0.05362220625839979
0.1,False,moderate,14,0.2082291838487677,0.06831165209716694,0.01,0.004141162765266919,0.24539575972269895,0.098623199035434,0.02,0.06091320898080179,0.24792952103279783,0.26925000000000004,0.7075,0.9817,0.0183,0.0,0.05012279217576172
0.1,False,moderate,15,0.19404713493791229,0.056766302825457686,0.0,0.022867443887250424,0.2212735677475844,0.07791001395603772,0.0,0.06088819206486699,0.22710948551576604,0.265,0.7,0.98305,0.01695,0.0,0.05489304972884632
0.1,False,moderate,16,0.18354015899111772,0.052035127745261416,0.0,-0.005505966342609889,0.23473094986793513,0.08878561883378248,0.015,0.060852411070922444,0.24016567980547165,0.2735,0.715,0.985,0.015,0.0,0.05205079628834799
0.1,False,moderate,17,0.1971598894129996,0.060755041611930426,0.005,-0.015182545302090497,0.23177658704244752,0.0888235833766337,0.03,0.060947223137761714,0.23329539458366202,0.25905,0.6894999999999999,0.97985,0.02015,0.0,0.04963073279983936
0.1,False,moderate,18,0.19849958642125387,0.06011216297753087,0.0,0.009911339604996832,0.23432073503356732,0.08227607881896055,0.0,0.060916695730908986,0.23791434082179244,0.26160000000000005,0.694,0.9815,0.0185,0.0,0.0524733742366107
0.1,False,moderate,19,0.2117030568370219,0.06749811549828187,0.0,0.0046449178840763765,0.2442349197606357,0.09329607727777382,0.01,0.06088289335875919,0.24857270553149338,0.27435000000000004,0.7164999999999999,0.98335,0.01665,0.0,0.05499504459687699
0.1,False,moderate,20,0.2028813235464254,0.06711819484453323,0.005,-0.0158274264234288,0.22854693173471116,0.08295656848738384,0.005,0.060856094203068735,0.2321608933687026,0.27265000000000006,0.7134999999999999,0.9848,0.0152,0.0,0.05411648419235729
0.2,False,moderate,1,0.21785177732920646,0.07136292113513035,0.0,-0.04374161726673826,0.27042966233311505,0.10483571585449557,0.015,0.1263475560992645,0.27734422543561577,0.26585000000000003,0.7014999999999999,0.841,0.1579,0.0011,0.10796945489043377
0.2,False,moderate,2,0.20728408629761477,0.06478798464890945,0.0,0.009088844582808717,0.23540050225600498,0.08936368749759772,0.015,0.1264862441701962,0.25129531132054944,0.26330000000000003,0.6969999999999998,0.8414,0.1577,0.0009,0.10234524630927297
0.2,False,moderate,3,0.18716152160945282,0.052659397561306526,0.0,-0.0016174271343628022,0.2157091091228879,0.07060259861494327,0.01,0.12667314360227241,0.22202611852159876,0.26160000000000005,0.694,0.84225,0.15715,0.0006,0.10571922588119911
0.2,False,moderate,4,0.18227891348738423,0.05283684699622,0.0,0.0074047180635542454,0.23291372263268298,0.08652813775019866,0.01,0.12670679007508948,0.23997125312842926,0.2667,0.7029999999999998,0.84155,0.15785,0.0006,0.11360443019814533
0.2,False,moderate,5,0.18590072976239166,0.053832401194738526,0.0,-0.000803335630945139,0.2375751721207329,0.09123372011175525,0.02,0.12679841089035584,0.24900504532836923,0.2573500000000001,0.6864999999999999,0.83395,0.1652,0.00085,0.11175669542017472
0.2,False,moderate,6,0.2172440884942146,0.06859957534532164,0.0,-0.0218460160112462,0.24884931069693653,0.0968108528842272,0.015,0.12650523993274634,0.2553237108141091,0.265,0.7,0.8437,0.15555,0.00075,0.10882774841906113
0.2,False,moderate,7,0.1913694774878259,0.05657091923577656,0.005,0.009813471705051292,0.23278000621396697,0.09053257919156939,0.03,0.12589629468591848,0.24101848603745668,0.2735000000000001,0.715,0.8548,0.1442,0.001,0.10907881540436402
0.2,False,moderate,8,0.20083323230796754,0.06077633781413157,0.0,0.015838702914513617,0.2582509240813429,0.1057810681900565,0.015,0.12615995838818994,0.2634177153154656,0.2709500000000001,0.7104999999999998,0.8481,0.1509,0.001,0.1033381004970116
0.2,False,moderate,9,0.2096049904774857,0.06923997943579778,0.0,0.05623854267341335,0.2648646879178611,0.10303100111833471,0.015,0.12629409561803784,0.2742223924343494,0.26925000000000004,0.7075,0.84735,0.1518,0.00085,0.1100670588054431
0.2,False,moderate,10,0.20034704667719858,0.06132159198470455,0.0,-0.008694260231637201,0.2553108805620398,0.10110047784350286,0.005,0.1264331903333721,0.2603951276461464,0.26585000000000003,0.7014999999999999,0.84865,0.15075,0.0006,0.1012679493789498
0.2,False,moderate,11,0.19014280514352377,0.053473046081709955,0.0,-0.006609482440446802,0.24510068116314812,0.09698343124950125,0.015,0.1264247980711289,0.2548662744634343,0.26415000000000005,0.6984999999999999,0.841,0.158,0.001,0.10686496517212085
0.2,False,moderate,12,0.2028980523995724,0.06382115969533952,0.0,-0.005147810082205889,0.22563760927166612,0.08319820784942976,0.015,0.12644323990329234,0.2301220465759014,0.2684,0.706,0.84535,0.1539,0.00075,0.09492234681176015
0.2,False,moderate,13,0.19075205952482946,0.057161780025120165,0.0,0.010655286209988466,0.23763911199288976,0.0948058597918757,0.025,0.12604497803856965,0.24697657858619695,0.27435000000000004,0.7164999999999998,0.8586,0.1408,0.0006,0.11594996908107143
0.2,False,moderate,14,0.2119523586974536,0.06825909456636507,0.0,0.011919445959271285,0.2448875030029431,0.09264473261887737,0.02,0.1265119674202624,0.2556865767212518,0.26925000000000004,0.7075,0.84575,0.1536,0.00065,0.10415736093682998
0.2,False,moderate,15,0.1984613268938957,0.06576821913901539,0.0,-0.011396914446998065,0.2565840262355068,0.10731403103370539,0.04,0.12649422626735482,0.26299680676866705,0.265,0.7,0.84115,0.15795,0.0009,0.10393782395738181
0.2,False,moderate,16,0.18168681167013642,0.052433309670042165,0.0,0.02025148761246032,0.25100294691364317,0.09792002673462784,0.03,0.12622526108532076,0.26324087261649354,0.2735,0.715,0.85805,0.14155,0.0004,0.10980989245972285
0.2,False,moderate,17,0.18294517132258215,0.05161079028252076,0.0,0.011366899669470925,0.22507973884213786,0.08547270573496346,0.01,0.1270628903055686,0.23259959021873747,0.25905,0.6894999999999999,0.8303,0.169,0.0007,0.10697691706440214
0.2,False,moderate,18,0.19855301910035947,0.06304418652601688,0.005,-0.032452918255105594,0.2281563229062089,0.08977435204829932,0.03,0.12690202947863535,0.23632892100747827,0.26160000000000005,0.694,0.8395,0.16005,0.00045,0.10894559335825361
0.2,False,moderate,19,0.17923406656255078,0.05161533895496953,0.01,0.020470125732560688,0.22683063574345788,0.08419064229734076,0.025,0.12635625201845418,0.23073974766404323,0.27435000000000004,0.7164999999999999,0.8527,0.1468,0.0005,0.10416645504874701
0.2,False,moderate,20,0.21391301178933897,0.06671316718327558,0.0,-0.004154813537822766,0.2682664714904904,0.10932290949663727,0.01,0.1262075227988489,0.2751628425505919,0.27265000000000006,0.7134999999999999,0.85545,0.144,0.00055,0.1117085245311707
0.3,False,moderate,1,0.19125879841649546,0.058589918928632335,0.0,-0.021798483044856532,0.23917969326375782,0.0889972662425754,0.02,0.1850249181555647,0.25075318474775926,0.26585000000000003,0.7014999999999999,0.7115,0.2767,0.0118,0.15766732210514886
0.3,False,moderate,2,0.20945598806121324,0.06504507872162382,0.0,0.007948240888838286,0.23688286472112324,0.08845417907368784,0.01,0.18698531922264053,0.24291815164123634,0.26330000000000003,0.6969999999999998,0.69985,0.2896,0.01055,0.1562564512008342
0.3,False,moderate,3,0.2031706255013345,0.06375924486787389,0.0,-0.005893158365534678,0.2525574940254622,0.10017544725584004,0.02,0.18605531985550086,0.2583467779141283,0.26160000000000005,0.694,0.7039,0.28485,0.01125,0.15186064070178518
0.3,False,moderate,4,0.21031705940937978,0.07196040616566904,0.0,0.009578905280982238,0.2473021720386065,0.09722273844178105,0.015,0.18680129640111218,0.25373072862489837,0.2667,0.7029999999999998,0.7135,0.27645,0.01005,0.16383767025686125
0.3,False,moderate,5,0.20889326222407142,0.07192355524735651,0.01,0.004491797995501388,0.23129817310938874,0.08715194102971101,0.025,0.18567060062175098,0.23404334640144966,0.2573500000000001,0.6864999999999999,0.6964,0.29165,0.01195,0.1570920756538501
0.3,False,moderate,6,0.21114285195350674,0.06811285675299894,0.005,-0.0003123227655234689,0.2592251375774685,0.10624058677605593,0.03,0.18565090903355735,0.26758724802570355,0.265,0.7,0.70495,0.28355,0.0115,0.15339511267478337
0.3,False,moderate,7,0.21014173470241448,0.06938379780087367,0.005,-0.009556483832958705,0.26331029447947135,0.10650586769916208,0.02,0.18544564744121556,0.2664742295082164,0.2735000000000001,0.715,0.7243,0.26495,0.01075,0.16945988193542355
0.3,False,moderate,8,0.19396123746425836,0.05808667371817181,0.005,-0.005922672798042415,0.23461109470169816,0.0857270631611,0.01,0.18644441327437394,0.23693653576933227,0.2709500000000001,0.7104999999999998,0.7175,0.27235,0.01015,0.1507171929855874
0.3,False,moderate,9,0.1922446104844893,0.05633938276002658,0.0,0.01375550328419922,0.22530771719576784,0.07969114109520974,0.005,0.18601516073097973,0.2331872920795202,0.26925000000000004,0.7075,0.70535,0.28345,0.0112,0.15279032754368002
0.3,False,moderate,10,0.18502431120104432,0.05390517364581534,0.0,-0.02348478225210793,0.21756004072405638,0.07588658181277752,0.02,0.18539123206264344,0.2254537460679687,0.26585000000000003,0.7014999999999999,0.70935,0.27915,0.0115,0.15049834429199682
0.3,False,moderate,11,0.1965669382809937,0.058304642699850466,0.005,0.017959890645749294,0.2450362241554412,0.08987043908834623,0.015,0.18705586672886998,0.2518549434466385,0.26415000000000005,0.6984999999999999,0.69955,0.28995,0.0105,0.15091293500880895
0.3,False,moderate,12,0.21982299284317086,0.07400824403603137,0.01,0.03597121569518964,0.24911646880863245,0.09463682417645966,0.025,0.18725334747107894,0.25495553772428375,0.2684,0.706,0.70555,0.2844,0.01005,0.13937639434968446
0.3,False,moderate,13,0.1993263749903787,0.06332621464814686,0.005,-0.024216760699508035,0.23686724742814286,0.08757449468006862,0.01,0.18570422827269792,0.2401133744221795,0.27435000000000004,0.7164999999999998,0.7239,0.26555,0.01055,0.14590703542989344
0.3,False,moderate,14,0.19432313912680868,0.0615970888955031,0.0,-0.016804720386657205,0.23762292713136218,0.09491342525577867,0.035,0.1861223572302033,0.24512024602250712,0.26925000000000004,0.7075,0.70575,0.2832,0.01105,0.1431638457094104
0.3,False,moderate,15,0.1897390841911938,0.05949038304231931,0.0,0.01034697842845572,0.23465398450079542,0.08703300585958619,0.02,0.18516580921335826,0.2423921592065765,0.265,0.7,0.70945,0.27885,0.0117,0.14345466265042128
0.3,False,moderate,16,0.2096341307306211,0.06892166427489825,0.005,-0.016507329023402177,0.24662600420214992,0.10044440057603526,0.035,0.18667326881118235,0.2592888884099544,0.2735,0.715,0.7194,0.2708,0.0098,0.14952133124225725
0.3,False,moderate,17,0.19978061579821285,0.060787814047415276,0.0,-0.0015383565240277763,0.24231527118194868,0.0944861389530125,0.015,0.18459842564736387,0.24932063606611934,0.25905,0.6894999999999999,0.69885,0.2883,0.01285,0.15114236593072117
0.3,False,moderate,18,0.2164953875695363,0.07082592223444255,0.0,0.01263534726038225,0.2484176569889487,0.0972779753985082,0.02,0.18597643537031303,0.2533083916491914,0.26160000000000005,0.694,0.70185,0.28675,0.0114,0.14685892983270812
0.3,False,moderate,19,0.19932228290142667,0.06563526983437665,0.005,-0.00039410418888258914,0.23912653186612423,0.09111172340282576,0.02,0.18608519267132387,0.25191702613977673,0.27435000000000004,0.7164999999999999,0.72425,0.2656,0.01015,0.15363948469901267
0.3,False,moderate,20,0.1823669755836024,0.05349487474766724,0.0,0.02248371647901842,0.22688952965238965,0.07768932809445649,0.01,0.1866211939692753,0.24051819296100377,0.27265000000000006,0.7134999999999999,0.71355,0.2762,0.01025,0.1670074025188371
0.4,False,moderate,1,0.2096871149568367,0.06901196724538135,0.01,0.00440882243345556,0.25326402120525143,0.10840053956288451,0.045,0.2287390785822223,0.2610407432873167,0.26585000000000003,0.7014999999999999,0.6184,0.35155,0.03005,0.16333673722841704
0.4,False,moderate,2,0.19059743712646474,0.05720448308590214,0.0,0.028628713285309644,0.25449941800409465,0.10088111869135873,0.02,0.22918642876396703,0.2567613973754554,0.26330000000000003,0.6969999999999998,0.6055,0.3641,0.0304,0.18023323863795804
0.4,False,moderate,3,0.21005571295541936,0.0635471503341683,0.0,0.01766280789913216,0.24956788119396964,0.10054151443789044,0.035,0.2284050039829961,0.2492630970829159,0.26160000000000005,0.694,0.60145,0.36735,0.0312,0.17100715348493195
0.4,False,moderate,4,0.20717293076457982,0.06613236927168636,0.0,-0.013615899555178118,0.26063616121038047,0.11033482228765511,0.025,0.23032153603618866,0.2676752285740464,0.2667,0.7029999999999998,0.61575,0.3553,0.02895,0.1921492479017978
0.4,False,moderate,5,0.20003324076959686,0.06254615509521043,0.0,-0.025265706737977647,0.26275423785854135,0.11256769314175845,0.035,0.22772857290929316,0.2695370499674376,0.2573500000000001,0.6864999999999999,0.59955,0.36885,0.0316,0.18123592892836995
0.4,False,moderate,6,0.2095752444496806,0.06517368723509094,0.0,-0.013438595988123182,0.2664458962818995,0.11398892443324829,0.03,0.22952256247909314,0.27278989574080137,0.265,0.7,0.6088,0.36125,0.02995,0.17525475523840037
0.4,False,moderate,7,0.21453912083551216,0.07363733642023591,0.0,0.006080063815113688,0.2567875498274204,0.10452601881752323,0.035,0.23263487686890383,0.2633131865887906,0.2735000000000001,0.715,0.62845,0.34485,0.0267,0.19018685263120003
0.4,False,moderate,8,0.21309581243195738,0.0725050247627128,0.005,0.0375992216793335,0.27387792518125115,0.11723440211903725,0.035,0.23181503206258702,0.2781086834270987,0.2709500000000001,0.7104999999999998,0.6257,0.34695,0.02735,0.17538483796002402
0.4,False,moderate,9,0.20205691970577944,0.06598813596762981,0.0,0.008402867748845204,0.2472579661360684,0.10079625878366166,0.025,0.23173786190468712,0.252022514698864,0.26925000000000004,0.7075,0.61035,0.36145,0.0282,0.1831273343886489
0.4,False,moderate,10,0.2042432987242141,0.06627447170780623,0.01,0.00819078572095842,0.26936637815331665,0.11638112884976333,0.04,0.22862305373082328,0.2768634430262308,0.26585000000000003,0.7014999999999999,0.61295,0.35675,0.0303,0.192396430297541
0.4,False,moderate,11,0.19613792688434148,0.06251536820851748,0.005,-0.019518074786520668,0.25381467778206945,0.10694736682035767,0.025,0.22911305610325688,0.2632503254816796,0.26415000000000005,0.6984999999999999,0.61335,0.35675,0.0299,0.187785237628155
0.4,False,moderate,12,0.19537205970393023,0.05964389041408078,0.005,0.016983693837317012,0.2556420839502841,0.10455375050049712,0.025,0.2305606803670039,0.26349222699057206,0.2684,0.706,0.61635,0.35495,0.0287,0.18896299715748746
0.4,False,moderate,13,0.21325786114025597,0.07019208204881759,0.005,-0.03469448880740136,0.26409999298853215,0.11167136015244228,0.04,0.2315979459448609,0.270912478709337,0.27435000000000004,0.7164999999999998,0.62965,0.34305,0.0273,0.18709578786531111
0.4,False,moderate,14,0.19561790322441763,0.06472822382509855,0.015,0.00658720912886963,0.25244799731904766,0.1069554616352303,0.035,0.2305420692412874,0.26155409575341415,0.26925000000000004,0.7075,0.61475,0.3565,0.02875,0.18260867490416274
0.4,False,moderate,15,0.18207430057116816,0.054596974623516994,0.005,0.027663508650523107,0.23191180308744383,0.09062853764757527,0.035,0.22942368938390678,0.23658476135917975,0.265,0.7,0.6106,0.3594,0.03,0.17865822593847627
0.4,False,moderate,16,0.1947979019274737,0.05900419723671339,0.0,-0.015170656574163732,0.26652074618851884,0.11454036586440733,0.035,0.22929701533167204,0.27679434763510913,0.2735,0.715,0.61905,0.3514,0.02955,0.1821116428674959
0.4,False,moderate,17,0.22026855053349415,0.07584091167886489,0.01,0.005766463873528554,0.2794835935623307,0.11839620901431717,0.025,0.22852249812455427,0.2864419446997476,0.25905,0.6894999999999999,0.6043,0.36475,0.03095,0.1802848320604138
0.4,False,moderate,18,0.20634549750191936,0.0639118459068717,0.005,-0.009372062660268654,0.2497795023457874,0.10166106720056903,0.015,0.23070723054143463,0.25266478918913293,0.26160000000000005,0.694,0.6058,0.3651,0.0291,0.1845921082134168
0.4,False,moderate,19,0.1836758759509078,0.0555121373562518,0.01,0.03128476417429548,0.23116342617267877,0.0866267208946186,0.025,0.2314041596823017,0.24161108044640933,0.27435000000000004,0.7164999999999999,0.62575,0.34655,0.0277,0.17187226334902145
0.4,False,moderate,20,0.17674799861234677,0.052102144685471,0.0,-0.012401113484126355,0.2266578127561365,0.08570730191491956,0.02,0.23020456845007253,0.234287309815761,0.27265000000000006,0.7134999999999999,0.62435,0.347,0.02865,0.21041274086862885
0.5,False,moderate,1,0.19368711242932793,0.060567150181955354,0.005,-0.010063090356803396,0.2845234200587893,0.13621073002115078,0.065,0.25958270483841,0.2952904633197868,0.26585000000000003,0.7014999999999999,0.557,0.3925,0.0505,0.20141202121590263
0.5,False,moderate,2,0.20010211610582998,0.05914937564592833,0.0,0.015277215504911807,0.30112113760734216,0.1425691556078482,0.065,0.2589344462006658,0.30839408676495716,0.26330000000000003,0.6969999999999998,0.5511,0.3975,0.0514,0.19375182463168122
0.5,False,moderate,3,0.2087807868989531,0.0675892893577474,0.005,-0.008262681587219583,0.29018763866003344,0.13895675215703163,0.07,0.25948461651781124,0.294356835698958,0.26160000000000005,0.694,0.5479,0.40095,0.05115,0.1851758418382985
0.5,False,moderate,4,0.18516942468866723,0.05722506017601958,0.0,-0.01891606516678325,0.27644670980436414,0.11815649434650098,0.05,0.25779698618177904,0.2771348729740771,0.2667,0.7029999999999998,0.54995,0.3979,0.05215,0.21646012687627436
0.5,False,moderate,5,0.20355475408172022,0.06709254950210512,0.005,-0.018021050137576246,0.2956292915961702,0.14378928792107118,0.08,0.25718701704488384,0.29845893850858096,0.2573500000000001,0.6864999999999999,0.54805,0.3995,0.05245,0.19792737690273277
0.5,False,moderate,6,0.2034061881937388,0.06619622321440437,0.0,-0.018771427512959134,0.28969893902930716,0.14185687633205343,0.07,0.2588448675226593,0.2914059406733784,0.265,0.7,0.5531,0.3959,0.051,0.19654427999193758
0.5,False,moderate,7,0.19973752891327293,0.062171627847634976,0.0,0.032640045593655846,0.28844464309950335,0.12943276518863342,0.055,0.26187075147153566,0.2938283542619834,0.2735000000000001,0.715,0.56035,0.39085,0.0488,0.1987304639127541
0.5,False,moderate,8,0.20526820885050978,0.06596145404051804,0.01,0.05097024174569909,0.2942052044145782,0.13880721170011515,0.065,0.26202145812960626,0.30199138459712205,0.2709500000000001,0.7104999999999998,0.5642,0.38745,0.04835,0.19094183632207545
0.5,False,moderate,9,0.19732153193000668,0.0569653333245531,0.0,0.03873129390096225,0.30883602449428843,0.1416202356421515,0.04,0.25934114941877356,0.31336464564672517,0.26925000000000004,0.7075,0.55695,0.3927,0.05035,0.22212902155115155
0.5,False,moderate,10,0.20645973261972317,0.06570118867715767,0.005,0.026540909926451386,0.28831255492714375,0.13587683589729818,0.065,0.2607001710805162,0.29517930212409416,0.26585000000000003,0.7014999999999999,0.5529,0.3973,0.0498,0.20108261195630894
0.5,False,moderate,11,0.20216316254947897,0.06249167289108107,0.0,-0.010798576631450674,0.3087979367983413,0.14446434832502247,0.045,0.25814979225770857,0.3172607211022199,0.26415000000000005,0.6984999999999999,0.5533,0.395,0.0517,0.2131913517531427
0.5,False,moderate,12,0.20434606882580947,0.06384190483407828,0.0,-0.02921466043515837,0.30051816172950646,0.15355569082217407,0.09,0.2614948076931516,0.3050408950933072,0.2684,0.706,0.56205,0.38895,0.049,0.19202259995948673
0.5,False,moderate,13,0.1990532161772493,0.06659893107410736,0.01,0.051712237069402874,0.29617586715683325,0.14511325192417654,0.06,0.2631757922284421,0.2986658847350631,0.27435000000000004,0.7164999999999998,0.56995,0.38285,0.0472,0.1944169493217756
0.5,False,moderate,14,0.19132881856102257,0.06032302135969961,0.01,-0.03218002608553082,0.28821097724922373,0.13386463442936708,0.06,0.2575544740051058,0.29326976984013603,0.26925000000000004,0.7075,0.5631,0.38565,0.05125,0.19603329501324032
0.5,False,moderate,15,0.18781445454067416,0.054076990527862724,0.0,-0.007890376313035262,0.28745646477477904,0.12652983311901533,0.045,0.25821048013491293,0.2927080787120594,0.265,0.7,0.5565,0.392,0.0515,0.2065323660384558
0.5,False,moderate,16,0.19456911242431194,0.059464091186335714,0.0,0.00677502383237782,0.305862687634593,0.14878299063678088,0.08,0.2618062602110027,0.31334660327652253,0.2735,0.715,0.5643,0.3871,0.0486,0.191004248953136
0.5,False,moderate,17,0.20145120042491663,0.06828905989689077,0.005,0.04092216869373166,0.310167757172932,0.15548449912183954,0.085,0.2588820777076289,0.3141059865340246,0.25905,0.6894999999999999,0.5484,0.40045,0.05115,0.18579186092081304
0.5,False,moderate,18,0.20577480403315182,0.06427070814093717,0.005,-0.028591970035280273,0.3210960196829902,0.16160657274141435,0.08,0.25524324377535634,0.32772094299043475,0.26160000000000005,0.694,0.5507,0.39575,0.05355,0.2190901192113845
0.5,False,moderate,19,0.19120093984120728,0.06120248296163891,0.01,-0.02091683224770751,0.28399514260738257,0.12919751000167476,0.055,0.2601231582909861,0.2888942110393855,0.27435000000000004,0.7164999999999999,0.5688,0.38155,0.04965,0.22412670301212378
0.5,False,moderate,20,0.20889700236614783,0.06743617583510131,0.01,0.03515267871761219,0.31206795541745885,0.14684888524016643,0.065,0.2636930326769545,0.3171518027824871,0.27265000000000006,0.7134999999999999,0.55945,0.39305,0.0475,0.1932674419446699
0.6,False,moderate,1,0.18394089641796868,0.05436527386966051,0.005,0.038011802675364914,0.33238226303243273,0.16898549825854517,0.085,0.27741644516340075,0.338596378963714,0.26585000000000003,0.7014999999999999,0.5213,0.406,0.0727,0.197091764364154
0.6,False,moderate,2,0.20808894729651659,0.06947445059545329,0.0,-0.014722465239111223,0.3775207520214312,0.22311270055804733,0.17,0.2794454856520817,0.3822083536659027,0.26330000000000003,0.6969999999999998,0.50865,0.4196,0.07175,0.2243433761868524
0.6,False,moderate,3,0.19488470040469325,0.05762710962177033,0.0,-0.016182029107750608,0.32560977682578895,0.16502482417283068,0.09,0.2797391776961951,0.33475533520249,0.26160000000000005,0.694,0.51405,0.4144,0.07155,0.21478697501743987
0.6,False,moderate,4,0.20185004000881981,0.060929555546308654,0.01,-0.027005697199126245,0.3705863499372415,0.21027984002264866,0.135,0.2816370336102825,0.37853047758712405,0.2667,0.7029999999999998,0.52685,0.40345,0.0697,0.20789502968861093
0.6,False,moderate,5,0.19743492995067194,0.061094215315502486,0.005,0.032985390705528875,0.33494388026075256,0.17594922585454242,0.09,0.2758344406893905,0.33624222532448755,0.2573500000000001,0.6864999999999999,0.5054,0.4202,0.0744,0.21860252307495423
0.6,False,moderate,6,0.21022928762631285,0.06477427154408084,0.0,0.06515566904812237,0.372755193769894,0.20475396460753578,0.135,0.2768402206457376,0.37814501515799537,0.265,0.7,0.52345,0.4042,0.07235,0.2110719636553646
0.6,False,moderate,7,0.20541766862783611,0.061793579504759874,0.0,0.025538414090303583,0.35497769098819093,0.19529248005515673,0.12,0.2855982947512868,0.3608358511728354,0.2735000000000001,0.715,0.52835,0.40445,0.0672,0.24100947771705347
0.6,False,moderate,8,0.2056930368031533,0.0615798414560439,0.0,-0.0008150801502107275,0.3781229436711696,0.2144614005426478,0.13,0.28181018633768723,0.3811659662391948,0.2709500000000001,0.7104999999999998,0.5312,0.39975,0.06905,0.2164084218887308
0.6,False,moderate,9,0.19085595457746954,0.05885123828845613,0.005,-0.0013814785292033832,0.32420080797565776,0.17763973352500784,0.125,0.27972068237313363,0.330505853589446,0.26925000000000004,0.7075,0.5224,0.40655,0.07105,0.22870470304465068
0.6,False,moderate,10,0.19309958765359359,0.05986333444557308,0.005,0.004435799502013809,0.33521038997438396,0.1727973153682006,0.08,0.2799979883452734,0.3330688925520363,0.26585000000000003,0.7014999999999999,0.5183,0.4107,0.071,0.2014438890485456
0.6,False,moderate,11,0.19163154481359285,0.05729900941606173,0.0,-0.07095755421536994,0.3472453541770747,0.17763922228675333,0.105,0.28038016060638776,0.3498877682101025,0.26415000000000005,0.6984999999999999,0.51575,0.4133,0.07095,0.20482865525816846
0.6,False,moderate,12,0.19613605898426634,0.05673142459031655,0.0,0.01207519607097834,0.34074033118073627,0.17907065610212772,0.095,0.2849739279416346,0.34341796052758566,0.2684,0.706,0.52205,0.4099,0.06805,0.23391957783606018
0.6,False,moderate,13,0.19562724416900146,0.059403151884274204,0.005,0.014898870627145845,0.35115723157133194,0.19071439463151513,0.11,0.285654243983619,0.35068704814205093,0.27435000000000004,0.7164999999999998,0.5251,0.408,0.0669,0.2184021819835444
0.6,False,moderate,14,0.19885924357131807,0.06445912830884745,0.005,0.022829199302330468,0.35201919691516326,0.19198020735781374,0.12,0.2841595521427739,0.35926226434831626,0.26925000000000004,0.7075,0.51485,0.4162,0.06895,0.24622195089547091
0.6,False,moderate,15,0.19701508475261542,0.056532619897928564,0.0,0.02366543658196384,0.33841060241134174,0.16895189588179105,0.075,0.2802658151922027,0.3345845462314999,0.265,0.7,0.51125,0.41745,0.0713,0.23918206815307144
0.6,False,moderate,16,0.2222741416419126,0.07030077014228028,0.005,0.00890481399986524,0.3921150185339327,0.22469158124727195,0.16,0.2859523275746645,0.39602566544968754,0.2735,0.715,0.52825,0.4048,0.06695,0.22416251590027034
0.6,False,moderate,17,0.21679668859277487,0.07285868679842122,0.005,-0.00588248867006274,0.3672569358683843,0.2133917928990986,0.15,0.27519916427393076,0.37246468267689453,0.25905,0.6894999999999999,0.5243,0.40235,0.07335,0.20253280155088696
0.6,False,moderate,18,0.2076336768092677,0.07094417458154387,0.01,0.022770764887257267,0.36565071771243624,0.2103368800617131,0.14,0.2783448434749877,0.365733424035535,0.26160000000000005,0.694,0.5195,0.4084,0.0721,0.2216828101907379
0.6,False,moderate,19,0.2004604357766167,0.06686952736493389,0.0,0.02085449800139511,0.34924795885781984,0.19767924888932853,0.115,0.28106020548173627,0.3550060198955137,0.27435000000000004,0.7164999999999999,0.5341,0.39625,0.06965,0.22934208174235096
0.6,False,moderate,20,0.19051380347632993,0.053722217122301685,0.0,0.04870180100752133,0.3149838161324869,0.15094407227638026,0.065,0.283592628848098,0.31574735993992875,0.27265000000000006,0.7134999999999999,0.52395,0.4075,0.06855,0.22902677037516367
0.7,False,moderate,1,0.2077363050411258,0.06524713524612315,0.005,0.025625279973769365,0.4428226267951487,0.2816810768241653,0.2,0.29153238879640975,0.440333117643882,0.26585000000000003,0.7014999999999999,0.50695,0.4018,0.09125,0.20320227614556025
0.7,False,moderate,2,0.18981355062671565,0.05662019376152589,0.0,0.008794812586549721,0.42228680440409133,0.2660579831147165,0.185,0.2920642340782328,0.42159428156111856,0.26330000000000003,0.6969999999999998,0.50185,0.4071,0.09105,0.210190623316454
0.7,False,moderate,3,0.16817757766826832,0.04687602460332603,0.0,0.0009227358615825532,0.3730060259211499,0.21734444271867598,0.145,0.29373882366874904,0.3693415119699716,0.26160000000000005,0.694,0.4978,0.4118,0.0904,0.23258023082789017
0.7,False,moderate,4,0.1884846581038425,0.054553290778520384,0.0,-0.047502874656712955,0.3985090105740787,0.24308291540238158,0.17,0.2977314931920068,0.40117816900274333,0.2667,0.7029999999999998,0.50115,0.4108,0.08805,0.22890056451133328
0.7,False,moderate,5,0.20528423839716908,0.06469822212704113,0.0,0.036203385816375375,0.42295679218134963,0.26686816662775575,0.19,0.28998478806290623,0.4224324695336514,0.2573500000000001,0.6864999999999999,0.4905,0.4165,0.093,0.21871544633950013
0.7,False,moderate,6,0.19637307152670722,0.060259887629913626,0.005,0.06696271884363107,0.3973880966392062,0.23603604374730275,0.175,0.294219836146776,0.3950168043317214,0.265,0.7,0.4972,0.4125,0.0903,0.21900050250293115
0.7,False,moderate,7,0.1989506864963584,0.05942605689172397,0.0,-0.03671436779179564,0.42803937976538464,0.26200019936086344,0.19,0.30050879567626515,0.42729540331871685,0.2735000000000001,0.715,0.5014,0.41245,0.08615,0.22956773098848463
0.7,False,moderate,8,0.20395918543451141,0.06415665985618191,0.0,0.04566114615721013,0.4432168731008659,0.28398591629965486,0.22,0.2984920028808018,0.4428284344502397,0.2709500000000001,0.7104999999999998,0.50195,0.41105,0.087,0.2151331383595545
0.7,False,moderate,9,0.2054885364217084,0.06855610774204454,0.005,0.0074794228065698685,0.4387343164397919,0.28740288125772157,0.215,0.2952467174631208,0.4367919895986701,0.26925000000000004,0.7075,0.5078,0.4032,0.089,0.21324367452847856
0.7,False,moderate,10,0.1932412424565355,0.06026256939752061,0.0,-0.003775843119626079,0.42587430311395097,0.27812473669561055,0.235,0.29375768548966413,0.4270303079059329,0.26585000000000003,0.7014999999999999,0.5088,0.40175,0.08945,0.2083433813022792
0.7,False,moderate,11,0.19087762075618595,0.054449388357859896,0.0,0.08038542657175743,0.4235562636833102,0.2506036103892821,0.19,0.2966797788134381,0.4243942269456402,0.26415000000000005,0.6984999999999999,0.4983,0.41305,0.08865,0.22956230499487817
0.7,False,moderate,12,0.21365338687986174,0.07077739428629692,0.005,-0.024592150990389312,0.43671339883235183,0.2814637887421818,0.235,0.2956631592964585,0.43542205572781784,0.2684,0.706,0.5133,0.3982,0.0885,0.22764750312165385
0.7,False,moderate,13,0.20270964734483166,0.0625837046230789,0.0,-0.02881730399131857,0.4399715520649481,0.2804415030733842,0.215,0.3036776425964171,0.4407392728896998,0.27435000000000004,0.7164999999999998,0.51125,0.40465,0.0841,0.22186264534522437
0.7,False,moderate,14,0.21182760339778162,0.06865515312582417,0.0,0.08795357534415327,0.4032989708203354,0.24291344343697246,0.175,0.3000763149393558,0.4066593295759229,0.26925000000000004,0.7075,0.50405,0.40905,0.0869,0.20040694324607045
0.7,False,moderate,15,0.20230857964345617,0.06183020255500447,0.0,0.017710801833111432,0.4035907846566377,0.2576397323898373,0.22,0.29613470078749893,0.4034152074327881,0.265,0.7,0.4936,0.41725,0.08915,0.2393797978055906
0.7,False,moderate,16,0.20280212307434947,0.06574666202143895,0.005,0.021086378928694013,0.4123124206679809,0.2538759589831877,0.175,0.3041215930433325,0.4163182360707782,0.2735,0.715,0.5085,0.4078,0.0837,0.23901425769351917
0.7,False,moderate,17,0.20363371907866556,0.06054714075784676,0.0,-0.012239312667691116,0.4236873306497405,0.26040887213146724,0.185,0.2880430711381137,0.4252994912928425,0.25905,0.6894999999999999,0.5003,0.4062,0.0935,0.21779342112334454
0.7,False,moderate,18,0.2139904836880007,0.07040700728198832,0.0,-0.01724254133586157,0.4592991369467279,0.30158595726592957,0.225,0.2935566995389878,0.46228368740794673,0.26160000000000005,0.694,0.4971,0.4128,0.0901,0.221811581349536
0.7,False,moderate,19,0.19887979897026675,0.0621601076965686,0.0,-0.033380244143777014,0.4177636247337315,0.2590276101354976,0.19,0.3017413219018808,0.41564649809894916,0.27435000000000004,0.7164999999999999,0.5037,0.41085,0.08545,0.2420516081336445
0.7,False,moderate,20,0.20124209749413327,0.06323299798207473,0.005,-0.07775321350849451,0.43733172855901403,0.27755329340527035,0.23,0.30569984679780576,0.4371881075005925,0.27265000000000006,0.7134999999999999,0.5041,0.4124,0.0835,0.24329826355943315
0.85,False,moderate,1,0.20185420214640465,0.06396265346951326,0.0,-0.007485636167329688,0.5156167385158462,0.3749735208636624,0.345,0.3183086151634145,0.5158555788283841,0.26585000000000003,0.7014999999999999,0.48595,0.4033,0.11075,0.20881229020089204
0.85,False,moderate,2,0.17604689148267766,0.05069895272085779,0.005,0.008691129055026727,0.49882085160293327,0.35255659951616836,0.315,0.31116609710889587,0.49978269577229406,0.26330000000000003,0.6969999999999998,0.4779,0.40725,0.11485,0.21436689222250582
0.85,False,moderate,3,0.2245628700130404,0.07793903865596247,0.005,0.051197207631431325,0.5438371824139456,0.4027652936118586,0.375,0.3155455806594216,0.5425799883474746,0.26160000000000005,0.694,0.48735,0.40095,0.1117,0.20516593959504334
0.85,False,moderate,4,0.195876179260099,0.06325636587067303,0.0,-0.056399894315751695,0.5102973977408738,0.3618231507098554,0.325,0.31612229339739867,0.5102704054408274,0.2667,0.7029999999999998,0.48525,0.40325,0.1115,0.23106459618154035
0.85,False,moderate,5,0.19044970975431533,0.0552717366623582,0.0,0.017131347698027842,0.47255908688027126,0.3252311512002464,0.27,0.3062891618255425,0.4734074991391459,0.2573500000000001,0.6864999999999999,0.4739,0.4084,0.1177,0.22479676315009045
0.85,False,moderate,6,0.19124125444254234,0.05796902971804435,0.0,-0.0032611155482972043,0.4983976122699449,0.34861224865540164,0.305,0.31423201850177707,0.4976945713311165,0.265,0.7,0.47745,0.40935,0.1132,0.22407699038271695
0.85,False,moderate,7,0.18516633935987492,0.05620118646741624,0.0,0.003517624538697106,0.5247900295121971,0.37384714554046156,0.32,0.3196539507569244,0.5270192303650011,0.2735000000000001,0.715,0.49295,0.39775,0.1093,0.23463192771998231
0.85,False,moderate,8,0.19411336458892264,0.05961800947179588,0.005,0.05112061096394765,0.5057495453063447,0.3588006192583342,0.325,0.31760851728200934,0.4995453866496619,0.2709500000000001,0.7104999999999998,0.4882,0.40095,0.11085,0.212568001591837
0.85,False,moderate,9,0.18956632810786658,0.05651323437367367,0.0,-0.06318224706087956,0.5083904257457842,0.36337138541947767,0.325,0.3124338675511988,0.5049343433976121,0.26925000000000004,0.7075,0.48715,0.39935,0.1135,0.1868036905172292
0.85,False,moderate,10,0.1934163069435071,0.05729157179462151,0.0,-0.027764089685407282,0.5138005277002438,0.3695290147783059,0.34,0.3136837919085661,0.5176230102745,0.26585000000000003,0.7014999999999999,0.4844,0.4025,0.1131,0.22517223658334762
0.85,False,moderate,11,0.19235597928278608,0.05960068265315049,0.0,-0.01014012138126477,0.49805088618836235,0.35091664088038577,0.31,0.3074244445278712,0.4944238659064338,0.26415000000000005,0.6984999999999999,0.48795,0.3957,0.11635,0.20311745151416724
0.85,False,moderate,12,0.20722081350080765,0.06690884688993744,0.01,0.03977009207855777,0.5566913978853336,0.4130085140366237,0.385,0.31682361022639083,0.5525112666694912,0.2684,0.706,0.49755,0.3921,0.11035,0.19502742014402596
0.85,False,moderate,13,0.19848503627981728,0.062398431333881614,0.015,0.06718440365078608,0.5010529034157536,0.35840240589513195,0.34,0.32404019049135735,0.4994913384135233,0.27435000000000004,0.7164999999999998,0.50005,0.3926,0.10735,0.21278096378148598
0.85,False,moderate,14,0.19430036070495876,0.05640831116390517,0.0,0.03218996835150512,0.5256780558573052,0.3812078155510203,0.335,0.31743908179152547,0.5232831408301518,0.26925000000000004,0.7075,0.48905,0.3999,0.11105,0.21206921067813617
0.85,False,moderate,15,0.2008427359881167,0.0616992777036997,0.0,-0.07377117250258135,0.5344536561590432,0.38933178544092106,0.36,0.314036568461227,0.5353648455054943,0.265,0.7,0.4926,0.39545,0.11195,0.21110449968153674
0.85,False,moderate,16,0.20450499854526782,0.06836452002049652,0.005,0.012246202753847418,0.5405852846245256,0.3990552618973998,0.365,0.3155602563559991,0.5363647854631669,0.2735,0.715,0.4957,0.39325,0.11105,0.22809249239067847
0.85,False,moderate,17,0.20002166021535872,0.06305230621186948,0.005,-0.0029252066202902507,0.4971703669534689,0.35366253378585255,0.335,0.31271464635582846,0.5007132540695989,0.25905,0.6894999999999999,0.4797,0.4064,0.1139,0.18067283874105716
0.85,False,moderate,18,0.18367111667773975,0.05496413977658723,0.005,0.014382082697758269,0.4891029991609013,0.3431058700562316,0.29,0.30715957564229873,0.48992548517951356,0.26160000000000005,0.694,0.4778,0.4048,0.1174,0.23326745366493573
0.85,False,moderate,19,0.20313159327852368,0.06266045763644951,0.0,0.006451097647309993,0.5476480146636081,0.40264850193947455,0.365,0.3269550569731058,0.5493833302431539,0.27435000000000004,0.7164999999999999,0.50335,0.3914,0.10525,0.21251243761811417
0.85,False,moderate,20,0.2019407418778899,0.06570453533382196,0.01,-0.05559379692482519,0.5480760610585191,0.40293861760690547,0.385,0.3201432572250513,0.5473246220045946,0.27265000000000006,0.7134999999999999,0.5039,0.38785,0.10825,0.22252556313717156
1.0,False,moderate,1,0.21228703325311046,0.06743620655017186,0.005,0.027602882888292633,0.6024275107026194,0.4831808552570085,0.48,0.328658560553295,0.5982262878007382,0.26585000000000003,0.7014999999999999,0.49315,0.3748,0.13205,0.20059444314128833
1.0,False,moderate,2,0.183199826618308,0.051210327703485437,0.0,0.08051734105372457,0.5787451500941384,0.4405756913008379,0.425,0.3232217637506371,0.5784704542774632,0.26330000000000003,0.6969999999999998,0.4725,0.3912,0.1363,0.21426175376368017
1.0,False,moderate,3,0.1902957742014779,0.05649491035481138,0.0,-0.028089582443040387,0.5843878626725395,0.4557811366496986,0.445,0.3232732587610148,0.5778982445100347,0.26160000000000005,0.694,0.48075,0.38375,0.1355,0.2041120976295677
1.0,False,moderate,4,0.218001477359644,0.07585307230299815,0.005,-0.015378463291378801,0.6176080948930793,0.4989694173837272,0.495,0.33047030354920054,0.6100451655477396,0.2667,0.7029999999999998,0.4909,0.3778,0.1313,0.23195467341852014
1.0,False,moderate,5,0.18612157327128678,0.05472080929584004,0.0,0.02277138936911853,0.5494354383190244,0.42676147026311106,0.425,0.31825237006454066,0.5441773069534679,0.2573500000000001,0.6864999999999999,0.4699,0.39135,0.13875,0.2311900696261071
1.0,False,moderate,6,0.1880228558917324,0.05633676975154936,0.0,0.006250770008117421,0.5695709559457718,0.43365262768081225,0.395,0.3276828654827031,0.5637561295026317,0.265,0.7,0.4781,0.38875,0.13315,0.22955633504473433
1.0,False,moderate,7,0.19176351161041982,0.05782989919486504,0.0,-0.031130462282942913,0.5720064257284815,0.4365053326170688,0.435,0.332628319154222,0.5673885182126946,0.2735000000000001,0.715,0.48665,0.38275,0.1306,0.20033099538081028
1.0,False,moderate,8,0.20927049410218615,0.0639153980829266,0.0,-0.06532842234314581,0.593408919609654,0.4688251979774848,0.465,0.3315465820429661,0.5914366068103197,0.2709500000000001,0.7104999999999998,0.4896,0.37905,0.13135,0.22635949357014976
1.0,False,moderate,9,0.2078251441206465,0.06693202337306417,0.0,-0.034238377617205294,0.6373062636077047,0.5178251251568807,0.525,0.3309465412228026,0.6307950575610014,0.26925000000000004,0.7075,0.4932,0.37585,0.13095,0.18386877605625218
1.0,False,moderate,10,0.21110958851342454,0.06719808753560429,0.0,0.08708896857130626,0.6137490936706227,0.4890970712232462,0.5,0.32836514562287633,0.6087723007915616,0.26585000000000003,0.7014999999999999,0.4883,0.37925,0.13245,0.21045569647050777
1.0,False,moderate,11,0.19970520209482423,0.06194906910925251,0.01,0.022811917602775802,0.5615511310687462,0.44364144845813386,0.445,0.3257945171052404,0.5569409964843657,0.26415000000000005,0.6984999999999999,0.48675,0.3786,0.13465,0.2223167615108636
1.0,False,moderate,12,0.20204939592445753,0.061712054221773546,0.0,-0.011855025128219352,0.5808436832795612,0.4572933818258382,0.455,0.32917810208735176,0.577852111672166,0.2684,0.706,0.48595,0.3816,0.13245,0.21530741266550216
1.0,False,moderate,13,0.20349041297034617,0.06683048787208345,0.0,-0.0433251604129441,0.609947196156838,0.48680524126919755,0.52,0.33218064071699416,0.604864611886591,0.27435000000000004,0.7164999999999998,0.50075,0.36875,0.1305,0.19347660910570105
1.0,False,moderate,14,0.19456897123537276,0.060639759181163135,0.0,0.03647948803681014,0.6113116420996046,0.48594296817773563,0.465,0.3291534685342933,0.6024531577817217,0.26925000000000004,0.7075,0.4891,0.37835,0.13255,0.2335335732205437
1.0,False,moderate,15,0.19662563450269674,0.061213768739945024,0.005,-0.020511606388393718,0.5876298511303409,0.45999825403897016,0.455,0.32766142149947086,0.5848762340845648,0.265,0.7,0.4843,0.38215,0.13355,0.21043873392473553
1.0,False,moderate,16,0.19562011392595818,0.05950281277378683,0.0,-0.046488070088863076,0.6121793538200143,0.4850889919786708,0.49,0.33497117182006386,0.6056971674984167,0.2735,0.715,0.48945,0.3812,0.12935,0.20153894036520395
1.0,False,moderate,17,0.19450630218842577,0.06412500282260773,0.005,0.03120576848248337,0.5519487277228431,0.42216987987051185,0.405,0.32340272976010126,0.5468591000898957,0.25905,0.6894999999999999,0.474,0.38975,0.13625,0.22113898312337338
1.0,False,moderate,18,0.19173371586776475,0.06025061553370729,0.005,-0.005659051475651582,0.5822579908285083,0.45120314037437403,0.415,0.32712601743133446,0.5744986273391521,0.26160000000000005,0.694,0.4772,0.38865,0.13415,0.2170680675159148
1.0,False,moderate,19,0.19246167722332608,0.05777998699858053,0.0,-0.010814447572707024,0.6005835109390716,0.4692218295154666,0.445,0.3342906549532305,0.5958766268688057,0.27435000000000004,0.7164999999999999,0.48505,0.3852,0.12975,0.2088538137618626
1.0,False,moderate,20,0.19915492764363144,0.06518341148151383,0.0,-0.03667914301079947,0.5848160618310976,0.4617923375927063,0.455,0.3360443251143831,0.5797715792203545,0.27265000000000006,0.7134999999999999,0.49335,0.3779,0.12875,0.2151362392456504
0.1,True,moderate,1,0.19935870954602014,0.06448697150958868,0.0,-0.019733471422926058,0.25392841652713477,0.10349843618103119,0.02,0.06064104080329942,0.25751222651530103,0.5999999999999999,1.1240249999999996,0.9965,0.0035,0.0,0.0575961243452443
0.1,True,moderate,2,0.19234008362467236,0.06046663797462348,0.005,0.00884435559620595,0.23134764711139094,0.08646790043998483,0.015,0.06062821435558881,0.2313613261467904,0.5999999999999999,1.1220999999999994,0.9972,0.0028,0.0,0.050138909276850295
0.1,True,moderate,3,0.19726905464679348,0.058308022695277545,0.005,-0.016349009643245108,0.23395864691473953,0.08859723288805743,0.02,0.060636458157258294,0.23898725213821365,0.5999999999999999,1.1203749999999995,0.99675,0.00325,0.0,0.053810361696234245
0.1,True,moderate,4,0.18525733117207385,0.05248844399479319,0.0,-0.00425524404699672,0.2279599512323779,0.07862882330428658,0.01,0.06063279700990672,0.23079499556359045,0.5999999999999999,1.1249749999999994,0.99695,0.00305,0.0,0.05997002517754593
0.1,True,moderate,5,0.17092630794433866,0.04585449321714803,0.0,-0.001343732542810998,0.21229740756130389,0.0739612043263966,0.005,0.06064199268116603,0.2113143525495554,0.5999999999999999,1.1164749999999994,0.99645,0.00355,0.0,0.05754263015383824
0.1,True,moderate,6,0.19290786115463818,0.0544189199909509,0.0,-0.014858818205585198,0.23299740507350403,0.08630852778209515,0.015,0.06064743613400721,0.23875848354794751,0.5999999999999999,1.1230749999999996,0.99615,0.00385,0.0,0.053597567340721
0.1,True,moderate,7,0.1872112563992223,0.05743552211895619,0.005,-0.004200709845523789,0.2393989141680543,0.08784670801993474,0.015,0.0606364581655601,0.24466481748520028,0.5999999999999999,1.1308999999999996,0.99675,0.00325,0.0,0.05675859133071709
0.1,True,moderate,8,0.19951999371523294,0.06247857458017949,0.0,0.007372901841085529,0.2590171433909027,0.10004245754178973,0.005,0.06064104081990303,0.2612305868969977,0.5999999999999999,1.1284999999999996,0.9965,0.0035,0.0,0.0508232257442608
0.1,True,moderate,9,0.20773406597027033,0.0669331729819354,0.0,-0.0158813717051295,0.2558119770881792,0.10684796136194054,0.035,0.06063827908561868,0.26486899021371124,0.5999999999999999,1.1270749999999996,0.99665,0.00335,0.0,0.04968743119972929
0.1,True,moderate,10,0.212109601417957,0.0734811161402535,0.015,0.011744244728516874,0.2611156220260275,0.10788030766882357,0.04,0.06062456423026886,0.2665316067775319,0.5999999999999999,1.1244749999999994,0.9974,0.0026,0.0,0.05467474733732702
0.1,True,moderate,11,0.2104367545231344,0.07005211500125832,0.0,0.021874348304299893,0.26057947603252524,0.10691109329015752,0.02,0.06062457801403474,0.26570251402845263,0.5999999999999999,1.1229499999999997,0.9974,0.0026,0.0,0.05329019695916939
0.1,True,moderate,12,0.19017889900404186,0.056620640097569605,0.0,-0.0033941992680880996,0.23679448966667294,0.08641061053906864,0.01,0.060631900333668325,0.24444416068494884,0.5999999999999999,1.1264999999999994,0.997,0.003,0.0,0.053959461309940476
0.1,True,moderate,13,0.21511141727309294,0.07019710008933573,0.005,0.029284356350731254,0.25280581405641805,0.09629105387659109,0.005,0.06063004907601689,0.25747777953962725,0.5999999999999999,1.1317999999999997,0.9971,0.0029,0.0,0.04979884352460209
0.1,True,moderate,14,0.2048045187880496,0.06457422192542656,0.0,0.011915317714494174,0.26165391029606944,0.1016469124507304,0.0,0.060630967804645344,0.2668825326506075,0.5999999999999999,1.1272999999999995,0.99705,0.00295,0.0,0.05450047710608539
0.1,True,moderate,15,0.1888543116710958,0.05743620475118413,0.005,-0.014485979306226802,0.2432788842075874,0.08794911426877507,0.005,0.06062274881707516,0.2465500943224432,0.5999999999999999,1.1237499999999996,0.9975,0.0025,0.0,0.054736161253172017
0.1,True,moderate,16,0.18734511196954728,0.0555233319678602,0.005,0.033555485141041896,0.24958796966151106,0.09615041926378218,0.015,0.06062092512698051,0.2532676030201251,0.5999999999999999,1.1313249999999995,0.9976,0.0024,0.0,0.05346833642428241
0.1,True,moderate,17,0.20335284683408794,0.0693496527344924,0.0,0.01814542941599503,0.24439194745738063,0.09463618599224284,0.015,0.06064834656908102,0.2491131782139443,0.5999999999999999,1.1177999999999995,0.9961,0.0039,0.0,0.0512842065876584
0.1,True,moderate,18,0.20013556967071253,0.06237739266523121,0.0,0.013744822939591507,0.2505847051574613,0.10088740211566655,0.025,0.060637357603557776,0.25402930915597266,0.5999999999999999,1.1203499999999995,0.9967,0.0033,0.0,0.052006394601719706
0.1,True,moderate,19,0.20706437931117244,0.0666279263288524,0.0,0.03135354655289813,0.2420654545371434,0.09385503957865148,0.015,0.06061541548373679,0.24760349980394925,0.5999999999999999,1.1321999999999994,0.9979,0.0021,0.0,0.05035194328659398
0.1,True,moderate,20,0.19249709585170457,0.05784760329513908,0.005,-0.007756026136873436,0.22958535859257992,0.08510822242153479,0.005,0.06062549675096499,0.23451341961167796,0.5999999999999999,1.1304249999999996,0.99735,0.00265,0.0,0.04969527262699254
0.2,True,moderate,1,0.199872038726474,0.06385643600219794,0.0,-0.008267472623798752,0.31014179090561944,0.14386733964572435,0.045,0.12263744952370795,0.3240842686550978,0.5998749999999998,1.1052849999999999,0.954,0.0457,0.0003,0.10837151513637228
0.2,True,moderate,2,0.21905173524645336,0.07725392288622458,0.01,0.03112883659671478,0.32446646856773226,0.15654580171006263,0.05,0.12264278995258206,0.33801438585179405,0.5999249999999999,1.103485,0.9538,0.0459,0.0003,0.10967520189961551
0.2,True,moderate,3,0.21211747818804874,0.06987819570214639,0.01,0.017003381165118035,0.28537777630425404,0.12494479756837222,0.035,0.12276786911315477,0.30035666829182905,0.5999749999999999,1.1003,0.95145,0.0483,0.00025,0.1113929056480587
0.2,True,moderate,4,0.21773441561335843,0.07185116350429553,0.0,0.02857801460186269,0.2905102900128231,0.12734244129065286,0.035,0.12256159901770633,0.29965306034503064,0.5999999999999999,1.10583,0.9541,0.0455,0.0004,0.1100786728686538
0.2,True,moderate,5,0.19437743020169276,0.056433893542234784,0.0,0.021536556296405416,0.2907845984286701,0.12718062783640424,0.035,0.12279455878720558,0.30635724940681613,0.5998349999999999,1.0944550000000002,0.9478,0.0518,0.0004,0.10476994520783255
0.2,True,moderate,6,0.19970239376794063,0.05955310452012379,0.005,-0.03674854953869265,0.3021975904764301,0.14141734607779244,0.06,0.12269177216058921,0.32175256078755704,0.5999999999999999,1.1045749999999999,0.95345,0.0463,0.00025,0.11126798026367349
0.2,True,moderate,7,0.20187347660848637,0.06896564535201159,0.01,0.04379395824662727,0.28878760485126875,0.1286192219795278,0.035,0.12255102220488265,0.29590870329484387,0.5999599999999998,1.113535,0.9563,0.0434,0.0003,0.10571336429836364
0.2,True,moderate,8,0.20858889337875827,0.0684531864943434,0.0,-0.015430995325527531,0.32196061311785057,0.152055584827397,0.05,0.12254860819906427,0.33864807874696906,0.5998849999999999,1.1111849999999999,0.95645,0.04325,0.0003,0.10625587440812828
0.2,True,moderate,9,0.18967024538825128,0.05509079960952915,0.0,0.04919443262060735,0.3070669351503785,0.13989364337767776,0.05,0.12281749884367038,0.31920565138306656,0.5999749999999999,1.107955,0.95205,0.0478,0.00015,0.11485483396272043
0.2,True,moderate,10,0.17688229211402323,0.04811114122071593,0.0,-0.015886265578457858,0.27009781256303567,0.11460886503211556,0.04,0.1228185674065638,0.28347081812534325,0.5998999999999998,1.1035249999999999,0.9501,0.04965,0.00025,0.10969233852642862
0.2,True,moderate,11,0.18568664992262163,0.055345826814822426,0.005,0.04161442921114308,0.29548755956676637,0.13209391303001955,0.035,0.12276650737357027,0.30722062499789965,0.5999999999999999,1.103655,0.9534,0.04645,0.00015,0.12350712397199509
0.2,True,moderate,12,0.16454039897226638,0.05019510440974109,0.0,-0.013050729611833924,0.2635605710765504,0.11628391926471697,0.05,0.12267855430560384,0.27621778092890814,0.5999749999999999,1.1075249999999999,0.9539,0.04585,0.00025,0.09448735551351317
0.2,True,moderate,13,0.21442617217795992,0.0705705992625449,0.005,0.023429261766021538,0.3555883466578236,0.18077994253273935,0.085,0.12251655437429264,0.3728873516222069,0.5997099999999999,1.1138949999999999,0.9563,0.04335,0.00035,0.10671370751209572
0.2,True,moderate,14,0.2083109410421936,0.06934656371127598,0.01,0.004563779359265022,0.2871913060441868,0.12571441720952567,0.04,0.12272603997005764,0.30254127366637706,0.5999999999999999,1.10927,0.9555,0.0444,0.0001,0.11127951303346763
0.2,True,moderate,15,0.21070208664654502,0.06863345902482415,0.015,0.004125382096877921,0.30801215337073584,0.14598869679504728,0.06,0.12270006727000524,0.31717604167569824,0.5999499999999999,1.10416,0.9523,0.0474,0.0003,0.10468241287055104
0.2,True,moderate,16,0.17418805158967032,0.051924242105184606,0.0,0.027035057141018302,0.30217448785975426,0.13683589706804983,0.035,0.12274385408367411,0.31749294894839664,0.5999499999999999,1.11283,0.95405,0.0458,0.00015,0.10443094909115792
0.2,True,moderate,17,0.19739252298614068,0.06409946945026594,0.0,0.007323052571634663,0.32077262344747126,0.1514507559861037,0.03,0.12274724731475559,0.33548051157725844,0.5999999999999999,1.09771,0.951,0.0487,0.0003,0.10291890457215815
0.2,True,moderate,18,0.18972147069707596,0.055862203748841495,0.0,0.028581544014639273,0.29223500055026386,0.13096996248003506,0.04,0.12268464161088968,0.3107437034872755,0.5999749999999999,1.10032,0.9517,0.04795,0.00035,0.10656940380725186
0.2,True,moderate,19,0.20452919037433978,0.06910880084020833,0.005,0.014383681513456027,0.32087839472412044,0.15383246933939773,0.05,0.12257242850982379,0.3353684759117418,0.5998599999999998,1.1140599999999998,0.95575,0.04395,0.0003,0.1152434471561445
0.2,True,moderate,20,0.19296038870358487,0.05947064143156819,0.005,0.0306222030885063,0.3045923517319975,0.14218494821140085,0.05,0.12257549905100788,0.32425214351419174,0.5998999999999998,1.11231,0.95565,0.04405,0.0003,0.10456503216362772
0.3,True,moderate,1,0.19920914925128008,0.061719548024944774,0.0,0.04313981605978103,0.3114968652606997,0.14452126676884203,0.065,0.1827738289024489,0.34259492098327,0.5828500000000001,1.0697400000000001,0.86665,0.12745,0.0059,0.16214639618826746
0.3,True,moderate,2,0.21323394000426854,0.06333834299632451,0.0,0.000247593189146027,0.28153413369847,0.12629791079898225,0.04,0.18278834413866873,0.3092402762208082,0.5830200000000001,1.06658,0.86565,0.1284,0.00595,0.1462283746741186
0.3,True,moderate,3,0.18910431874869993,0.059624421975253805,0.015,0.0230686338136252,0.3007320093194225,0.137206590874545,0.035,0.18212419650185943,0.31955694955680625,0.58275,1.0640200000000002,0.8658,0.12765,0.00655,0.14690810565162846
0.3,True,moderate,4,0.18614859642620232,0.05563065598686775,0.0,-0.03940830999042801,0.2938814329228849,0.12883170746524525,0.035,0.18288110697773657,0.3134498628445213,0.58216,1.0703850000000001,0.8642,0.12985,0.00595,0.1643533852641035
0.3,True,moderate,5,0.19994861361615396,0.060213811208673286,0.0,0.01290031196602378,0.324356715792838,0.15058071627379685,0.035,0.1821429991562906,0.3550709807354313,0.58259,1.05822,0.8637,0.12965,0.00665,0.1598776559060035
0.3,True,moderate,6,0.2120512281432224,0.07048526955428144,0.005,-0.03982867095423166,0.34710964122447874,0.1687660109434794,0.04,0.18329763786895398,0.3672472997952908,0.5810600000000001,1.0669400000000002,0.86095,0.13335,0.0057,0.16102848166209363
0.3,True,moderate,7,0.1952337415459926,0.06264068652537277,0.0,-0.002964945255982412,0.29337755385970704,0.1345618685780342,0.045,0.1828160734752816,0.3189562828818637,0.58343,1.0806300000000002,0.87355,0.12095,0.0055,0.1651228269642842
0.3,True,moderate,8,0.21201083662698397,0.06866376292877564,0.005,0.038823550792956255,0.32718555787575,0.1583690671020757,0.06,0.18167207309465105,0.3444368403514473,0.582705,1.07632,0.8696,0.1236,0.0068,0.14491769736616902
0.3,True,moderate,9,0.20648801592289728,0.06300600051878037,0.0,-0.019189018102577875,0.3278504506515001,0.16467238508402823,0.065,0.18285376275038176,0.3478301827192362,0.5826749999999999,1.0740399999999999,0.86985,0.1245,0.00565,0.1461180412798576
0.3,True,moderate,10,0.1908819903434043,0.0571053135868115,0.0,0.031170209036735518,0.3069553833001388,0.14012991796328564,0.045,0.1824673699510089,0.31894479399839903,0.58172,1.068715,0.86515,0.1286,0.00625,0.15444647010822873
0.3,True,moderate,11,0.1925736736886134,0.06061556354016258,0.0,-0.02321282246896114,0.318135246926504,0.15958551499535856,0.075,0.18182099733840204,0.3442917795288081,0.58465,1.0694850000000002,0.8706,0.1228,0.0066,0.15217647093402845
0.3,True,moderate,12,0.1951040748199652,0.059251953474313945,0.0,-0.024939711391042837,0.29908456570230874,0.13565730196697048,0.04,0.1829019203547397,0.32060918013967876,0.581735,1.071815,0.8682,0.1261,0.0057,0.15827608433209023
0.3,True,moderate,13,0.1946816239137751,0.057971934167208035,0.005,-0.011221146552471008,0.31136727836581085,0.14905636300253675,0.04,0.18218890896725923,0.33524444415178195,0.58379,1.08173,0.87275,0.1211,0.00615,0.16291077980223725
0.3,True,moderate,14,0.19709185033329732,0.05936509305226541,0.005,-0.014947562325807979,0.33161675776265226,0.16043278302762423,0.035,0.18180505509008768,0.35254044442024807,0.582565,1.07406,0.86875,0.1245,0.00675,0.15216785879875225
0.3,True,moderate,15,0.21084162265103878,0.07310349063228051,0.005,-0.0010828887832706614,0.3412597498088287,0.17147655565643288,0.065,0.18320057329422443,0.36262384528520586,0.580715,1.066,0.8602,0.134,0.0058,0.1569172926213998
0.3,True,moderate,16,0.19043430865315109,0.053922503303237106,0.005,-0.010988798206515174,0.28376665649731353,0.13363347156618108,0.06,0.18111413831387702,0.30752140930315996,0.5833800000000001,1.080305,0.87385,0.11905,0.0071,0.1659937574283944
0.3,True,moderate,17,0.20499911317611072,0.06804989344884298,0.005,0.006389933192551032,0.3026068299591864,0.1399238416879061,0.045,0.18210707335299342,0.32181931877871095,0.58137,1.059125,0.8613,0.1319,0.0068,0.15496601978641114
0.3,True,moderate,18,0.20398483201743248,0.06496861476668787,0.005,-0.003014293502826282,0.3179316061946637,0.15322113172913135,0.05,0.18217874581948404,0.3468522988783675,0.58467,1.066295,0.86795,0.12565,0.0064,0.15994341213937072
0.3,True,moderate,19,0.18365718819879526,0.05444530923837931,0.0,-0.023336955516598434,0.3030981573761256,0.1436330440050806,0.06,0.18228722201745115,0.323840137952468,0.58181,1.079925,0.86935,0.12445,0.0062,0.14973629446399908
0.3,True,moderate,20,0.18662528097649392,0.054395364491489386,0.005,0.008407829663974447,0.3004890371673072,0.13790480889135306,0.035,0.18274852136012953,0.3192433151802203,0.58307,1.078745,0.86995,0.12425,0.0058,0.1477541568805646
0.4,True,moderate,1,0.1739619019661644,0.04957562823635143,0.01,-0.030967627571874105,0.2967632291723308,0.13703644718754485,0.055,0.22946974031581277,0.3200549488566311,0.5440550000000001,1.0303,0.77305,0.2056,0.02135,0.19979213044992206
0.4,True,moderate,2,0.19876781682877898,0.06211485387082682,0.0,0.026428185707239028,0.2995207898684747,0.13772463730844403,0.025,0.2305653780501187,0.32824588774418667,0.5438400000000001,1.02654,0.76905,0.21025,0.0207,0.17897931377131038
0.4,True,moderate,3,0.2034760612240887,0.06139001456984046,0.0,0.0031104629343405165,0.3234254990169862,0.1562565489205628,0.04,0.2274843027362351,0.34121329495260694,0.5453250000000001,1.02572,0.77625,0.2011,0.02265,0.18600639220063325
0.4,True,moderate,4,0.18689645034256708,0.056388934597681434,0.005,-0.03386991388378093,0.30605767212451807,0.1440927944716441,0.055,0.22754285023766718,0.32852647977129507,0.5448900000000001,1.03219,0.77485,0.20235,0.0228,0.175035143821449
0.4,True,moderate,5,0.1949869019907731,0.06099928143124069,0.005,0.0033671896040029414,0.2943090806750729,0.13861671395057487,0.065,0.2251038975382854,0.32286364136217466,0.5381950000000001,1.012845,0.76725,0.20785,0.0249,0.20911139693183792
0.4,True,moderate,6,0.2050022838817167,0.0574745134592232,0.0,0.04397785125959677,0.2996089922890381,0.13686831900538687,0.045,0.22823459416730926,0.3045180620212152,0.5413800000000001,1.02638,0.7665,0.2109,0.0226,0.17273184571011715
0.4,True,moderate,7,0.20802767004529685,0.06829303402141587,0.0,0.024679391430864797,0.32764471106435195,0.15987436966081794,0.055,0.23061780470688525,0.3526607486121951,0.54964,1.0461250000000002,0.78195,0.19795,0.0201,0.2030422384139837
0.4,True,moderate,8,0.20152120379115682,0.06629466999050182,0.0,-0.024377438125560633,0.3162508388648252,0.15360014484978884,0.055,0.22988155693700535,0.34236568104360715,0.5488000000000001,1.0419,0.78165,0.1977,0.02065,0.19016194009956286
0.4,True,moderate,9,0.1961144915278668,0.06291934867592935,0.005,-0.006451505686655507,0.28511920079558434,0.13311876695954317,0.05,0.228638962328545,0.30756212872322497,0.54816,1.03891,0.7815,0.1969,0.0216,0.17477285476565269
0.4,True,moderate,10,0.18356570291468682,0.05045274362964866,0.0,0.023121289706309375,0.2693082810094104,0.11321177478546922,0.025,0.2279925548384598,0.2912068431835837,0.54098,1.02713,0.76985,0.20745,0.0227,0.1774427425655606
0.4,True,moderate,11,0.20497210374440084,0.06422685270294319,0.0,0.019289036881511158,0.31572834795637145,0.15531350317704282,0.07,0.23039125225516732,0.3308067484696451,0.54206,1.02591,0.766,0.213,0.021,0.1889170584992104
0.4,True,moderate,12,0.19867105711134925,0.06041707684008094,0.005,-0.014995269693624276,0.3183549768761562,0.15474842550901954,0.04,0.22953224476624343,0.33672618304289076,0.5476300000000001,1.03723,0.77745,0.20135,0.0212,0.18007182585787285
0.4,True,moderate,13,0.1968849318521784,0.06306384807690384,0.0,0.029484416981872683,0.3139638712698867,0.14622105188041012,0.045,0.23246169547570894,0.3282953620359145,0.547945,1.04559,0.77465,0.20635,0.019,0.19817035498982938
0.4,True,moderate,14,0.2155985745137756,0.07274693142895304,0.005,-0.01157151578791911,0.30887225701556054,0.14251160723703296,0.045,0.23023329218359656,0.331665313523784,0.5458000000000001,1.03655,0.7773,0.20215,0.02055,0.17705488988355816
0.4,True,moderate,15,0.20600876729127027,0.06513661498338744,0.0,-0.027345760425022257,0.2931363323031402,0.13055127532107774,0.045,0.23059807699829413,0.31214881031758507,0.54254,1.0275400000000001,0.7633,0.21575,0.02095,0.2047794706692065
0.4,True,moderate,16,0.19793104650970036,0.0637095495657155,0.0,-0.011208638202568429,0.28864483224380927,0.12945117326081187,0.05,0.22996889849418675,0.30807522587035974,0.5468900000000001,1.04339,0.77445,0.20455,0.021,0.2088611980525835
0.4,True,moderate,17,0.1988818037332078,0.06280812158261836,0.0,-0.023361043085790848,0.309711149773859,0.1487219309798456,0.055,0.22822312513193832,0.33454443265898215,0.5375300000000001,1.01448,0.76105,0.2161,0.02285,0.1958457292154907
0.4,True,moderate,18,0.20870890217341945,0.07107987587630829,0.01,0.02051466453731436,0.2936463458413567,0.13797622527968167,0.065,0.22945522282232575,0.3216695685291462,0.5452000000000001,1.0256,0.77345,0.2053,0.02125,0.19785781787151543
0.4,True,moderate,19,0.2167324462464477,0.07001313484258598,0.0,-0.049324933927427136,0.32492920138493725,0.16007426242540787,0.04,0.23319218378090148,0.3427494096896527,0.5504600000000001,1.0481099999999999,0.78045,0.20135,0.0182,0.17407324183987596
0.4,True,moderate,20,0.21817545379631434,0.0688307873850222,0.0,-0.0637865269290044,0.29079375306623356,0.1357600531811119,0.045,0.2321043631856432,0.31358483292493977,0.551935,1.047285,0.78045,0.2006,0.01895,0.18167325248270522
0.5,True,moderate,1,0.1932533950555718,0.05927528516467394,0.005,-0.015464951706419528,0.32479470646144337,0.16174885159514915,0.045,0.26256490964949214,0.35236014202433297,0.50949,0.9948699999999998,0.6877,0.2705,0.0418,0.22605270277471576
0.5,True,moderate,2,0.195779409979002,0.0585052479380086,0.0,0.005521645796618683,0.3053298088929651,0.1417937922393042,0.06,0.26165479738573877,0.3254717690885054,0.50395,0.9858599999999998,0.6793,0.27795,0.04275,0.22069296528788576
0.5,True,moderate,3,0.19603871999762462,0.05708085589558342,0.0,0.017243857691920963,0.29970216162621577,0.1481599744651948,0.075,0.2608231778001776,0.32101602243458166,0.503665,0.9829149999999998,0.6788,0.2777,0.0435,0.22545960755674327
0.5,True,moderate,4,0.20679022687436224,0.06417098966886946,0.005,0.007216173752176262,0.3190013116405938,0.15937877336144157,0.075,0.26427319384565373,0.3391000369339829,0.512515,0.9988249999999997,0.6912,0.2684,0.0404,0.1966101615525958
0.5,True,moderate,5,0.1917674111796603,0.05580872910877124,0.0,0.02267384308139814,0.3298449595812072,0.1663059839298299,0.07,0.2603401866249604,0.3499532259748966,0.49815000000000004,0.9722299999999998,0.67645,0.27985,0.0437,0.2136876390111717
0.5,True,moderate,6,0.20956091167519367,0.07122494202513796,0.005,0.01304084098718843,0.3562549411781176,0.19590894388277977,0.115,0.26394662390563556,0.37468473687600273,0.5092700000000001,0.99344,0.6886,0.27075,0.04065,0.21985908146658534
0.5,True,moderate,7,0.20313684182697309,0.06896715727942775,0.01,0.021895938293800776,0.2974215905987079,0.1445920924123471,0.07,0.2649897072872771,0.32450516206721375,0.5145050000000001,1.010435,0.6916,0.26835,0.04005,0.22714565885944948
0.5,True,moderate,8,0.1988217395146898,0.059977243944838436,0.0,-0.01128696789810654,0.32895550367243864,0.1677477759858486,0.1,0.2658569444720328,0.3491284971228265,0.5135850000000001,1.0059149999999997,0.69085,0.26995,0.0392,0.22795600309338637
0.5,True,moderate,9,0.1841313498006034,0.049122578517169654,0.0,0.018785902047237277,0.31471739424765793,0.15762897059705983,0.065,0.2653317772795491,0.33702374915534783,0.510305,0.99993,0.6885,0.27165,0.03985,0.21073643880234832
0.5,True,moderate,10,0.20107361400490958,0.06807015805946971,0.01,0.02796856724535278,0.33310775625587014,0.16988508073202474,0.09,0.2662650113893877,0.3518614498932878,0.508765,0.9942549999999999,0.6865,0.274,0.0395,0.21345228882079417
0.5,True,moderate,11,0.22012303067236608,0.07701551216481745,0.005,0.006573017405189998,0.3384967783351129,0.17460824781754866,0.09,0.2622149804747431,0.3598087006016847,0.51081,0.9935849999999996,0.6926,0.26565,0.04175,0.20126621119239885
0.5,True,moderate,12,0.1915733927009393,0.05897083538647472,0.005,-0.01628966926119227,0.3085735657109288,0.1461989537071781,0.055,0.26595693624513017,0.3277844220459514,0.5120650000000001,1.0007699999999997,0.68685,0.27355,0.0396,0.21553073152149227
0.5,True,moderate,13,0.17925762133621936,0.05127605630188547,0.0,-0.001235299028618485,0.30435114474736996,0.14592689623104224,0.065,0.26606000706066973,0.324062584668164,0.517345,1.0142099999999998,0.69555,0.2656,0.03885,0.23800700945959438
0.5,True,moderate,14,0.20685603449735526,0.06369193188136235,0.0,-0.005911593149768138,0.3326000086253552,0.1690774393522004,0.09,0.2671311822547587,0.3524020940393362,0.5137200000000001,1.0035649999999996,0.68625,0.27485,0.0389,0.21280474923075027
0.5,True,moderate,15,0.19588766480150846,0.06006318460954676,0.005,0.051651341414559016,0.32554272572896265,0.16223300674851462,0.08,0.2594637925816374,0.3565022496011123,0.5049250000000001,0.9890349999999998,0.6798,0.27605,0.04415,0.22525596198335182
0.5,True,moderate,16,0.18950813910044212,0.05446114605045659,0.0,-0.06769436480653238,0.317767988359389,0.15276028965458313,0.065,0.2682342242593321,0.33566870766871276,0.51961,1.0154699999999997,0.69845,0.264,0.03755,0.20048158246161638
0.5,True,moderate,17,0.18171983403019076,0.05134405835341006,0.0,-0.0002618895665331444,0.322233947943291,0.15469291726948617,0.05,0.25873549246810973,0.33954346330183655,0.49882000000000004,0.9751599999999998,0.6726,0.2823,0.0451,0.20250672024832717
0.5,True,moderate,18,0.21887231648923058,0.06842875436590184,0.0,0.05183570092891076,0.34989212938768516,0.1827791343568991,0.105,0.26098866300265255,0.3619761607949943,0.5065550000000001,0.9864899999999999,0.6865,0.2709,0.0426,0.22078490402673656
0.5,True,moderate,19,0.22066555418763648,0.07259719790861256,0.01,-0.012459768446005574,0.30335323725813707,0.14848179745551532,0.055,0.26608982861238445,0.30978999291236986,0.51819,1.0146799999999996,0.69735,0.2637,0.03895,0.20277062003084328
0.5,True,moderate,20,0.2076147690634958,0.06266818836178502,0.0,0.04687987305620262,0.3034174689894367,0.14023714011053356,0.06,0.2667032347533432,0.33326037929593655,0.51661,1.0112499999999998,0.69565,0.2659,0.03845,0.22704663221558768
0.6,True,moderate,1,0.20665097637314056,0.06268862128050523,0.0,-0.0031173267271616912,0.35637130941648437,0.1951267816803854,0.115,0.28562171225545113,0.37137519054767226,0.47745000000000004,0.954509999999999,0.61535,0.3212,0.06345,0.2357814053878689
0.6,True,moderate,2,0.1932986712483953,0.05878302930298835,0.0,0.02576822103638239,0.34320619216292597,0.1779686266024271,0.095,0.28251933319376693,0.35063568381070115,0.471285,0.947094999999999,0.61685,0.31825,0.0649,0.24059318347969721
0.6,True,moderate,3,0.18721839254632486,0.052777150030865784,0.0,-0.07600371941484439,0.34193670323950953,0.17699095927679742,0.11,0.2830682830014833,0.34540002098778316,0.4710600000000001,0.9422499999999991,0.60915,0.3261,0.06475,0.21786282891385844
0.6,True,moderate,4,0.1958039119534983,0.061210721746073025,0.005,0.022042825895926398,0.3699248890432092,0.20721012605429037,0.11,0.2873363696768177,0.3850452086382511,0.477955,0.9569149999999991,0.6174,0.3207,0.0619,0.22191069608104194
0.6,True,moderate,5,0.20907644170282375,0.0679102386282161,0.0,0.01529589418370733,0.3362919113686638,0.17923034444015395,0.12,0.2873071637200752,0.3422368391762535,0.47102000000000005,0.9384749999999993,0.61295,0.32505,0.062,0.2488915886191888
0.6,True,moderate,6,0.21231745249497588,0.07041364799340628,0.005,-0.006190198899425582,0.3313251078593628,0.18105410070133174,0.12,0.2881541199686172,0.3396784267152742,0.478015,0.954709999999999,0.6188,0.31975,0.06145,0.2305635210978866
0.6,True,moderate,7,0.19820115908419286,0.06220310777857345,0.0,0.01930879545368153,0.3291494830795438,0.17062093036777864,0.12,0.29116470655016785,0.3430090938623281,0.48621499999999995,0.9735049999999985,0.62215,0.31795,0.0599,0.2407248217910434
0.6,True,moderate,8,0.20865581412508172,0.06605182828477216,0.005,-0.00240333841463483,0.3497703007551709,0.18507689792752294,0.11,0.29193105342552195,0.3553208202823632,0.4891100000000001,0.974974999999999,0.63545,0.30615,0.0584,0.24590382489545842
0.6,True,moderate,9,0.21217042198775732,0.07382695076487664,0.01,3.2005248160759116e-05,0.36801646226818213,0.21662329177329845,0.155,0.2895163034817574,0.3821088652490775,0.48373000000000005,0.9673699999999991,0.626,0.31405,0.05995,0.21880268130343972
0.6,True,moderate,10,0.1925672962318496,0.05692106978394392,0.0,0.03433254718739998,0.34748228367779077,0.17684730745560848,0.07,0.2869615046166669,0.3530072720900283,0.47391500000000003,0.9510799999999991,0.6108,0.32665,0.06255,0.21990253169377744
0.6,True,moderate,11,0.21607722136696672,0.07339084393978897,0.0,-0.003505834377731223,0.3880760079697288,0.22148138590258937,0.155,0.28364691891744637,0.39540638776049003,0.4784999999999999,0.9525749999999991,0.62015,0.31585,0.064,0.20754611510136692
0.6,True,moderate,12,0.19662048804278065,0.059027019712174,0.0,0.02017566436796498,0.3221050494626535,0.16016347555564056,0.075,0.282791713010059,0.3330816403001039,0.47894000000000003,0.9590299999999989,0.61795,0.3174,0.06465,0.22789626561732795
0.6,True,moderate,13,0.1939478573822936,0.060299288694883664,0.0,0.040802213507281235,0.35978291496806775,0.19527320030572054,0.1,0.2875941245089001,0.36618288094203605,0.490155,0.978899999999999,0.6347,0.304,0.0613,0.20821669499876286
0.6,True,moderate,14,0.20820542321206134,0.06474798752341229,0.005,-0.045602301709394305,0.35107250423389014,0.18123486106077824,0.08,0.2894577964971002,0.36937167688927613,0.48263000000000006,0.963504999999999,0.6194,0.32005,0.06055,0.24418716768873205
0.6,True,moderate,15,0.18909320641978894,0.05515370348948949,0.0,0.061926731581180616,0.3352880864877439,0.16724594289640626,0.105,0.28749041884002074,0.34726046441938363,0.47781000000000007,0.954644999999999,0.6195,0.3183,0.0622,0.24130404410493903
0.6,True,moderate,16,0.17941186832858425,0.054333373131736036,0.0,-0.0034244168777439344,0.33903565694178744,0.1753962658253554,0.095,0.2896703376672373,0.34257348183391956,0.49134,0.9780299999999988,0.6317,0.3086,0.0597,0.23226102337972615
0.6,True,moderate,17,0.18732111245206137,0.05424184286802809,0.0,0.025145600133241946,0.3494529756013909,0.1820418941159928,0.08,0.2820883556153559,0.36109362570222864,0.46950500000000006,0.9386899999999989,0.61035,0.32425,0.0654,0.2471050121865136
0.6,True,moderate,18,0.20974718289886468,0.06996695759884697,0.0,0.006599808368154785,0.35256380735356857,0.19316500747270512,0.12,0.28417821988445513,0.3601443875830663,0.47154500000000005,0.944654999999999,0.61485,0.321,0.06415,0.21818678316063736
0.6,True,moderate,19,0.19775167761130774,0.06023502527201377,0.0,-0.005582956418534329,0.361901713673101,0.19347215379368585,0.095,0.2898094569407463,0.37520161077593916,0.494305,0.9813349999999988,0.6356,0.3049,0.0595,0.2091008936360194
0.6,True,moderate,20,0.19774951183614295,0.06057264907214176,0.0,-0.03285702242419816,0.3356217163668578,0.17610311061719006,0.105,0.28933836674524704,0.3497121455486274,0.486525,0.9730349999999989,0.6262,0.31365,0.06015,0.23293377556965716
0.7,True,moderate,1,0.1861084843567374,0.057427477171852086,0.0,-0.03297707995259467,0.39516060040074363,0.22970776954806488,0.165,0.29989463419796275,0.40779860535331225,0.45201500000000006,0.9147499999999988,0.5648,0.3507,0.0845,0.2266868543478059
0.7,True,moderate,2,0.22218772913101767,0.0718259046762122,0.0,0.00455513245610736,0.41904361661773026,0.25599323290683235,0.17,0.3026571716570957,0.4230199436762136,0.448755,0.9123849999999988,0.56775,0.3492,0.08305,0.21045465779654726
0.7,True,moderate,3,0.18868092970101114,0.05431369226124154,0.0,0.06578751052031513,0.39430357618717676,0.21983530421820288,0.115,0.30026206115424053,0.3999807622611607,0.4388250000000001,0.8986049999999988,0.5488,0.36605,0.08515,0.24281647893093097
0.7,True,moderate,4,0.18992423240755013,0.055484160205992714,0.0,-0.030320364445173102,0.3889246289101523,0.22092364084037958,0.13,0.2996359370424157,0.40412451177611364,0.4507300000000001,0.9174349999999987,0.567,0.3477,0.0853,0.22133657906307483
0.7,True,moderate,5,0.1960045263070056,0.056422387414821064,0.0,-0.026249235506706388,0.3962896653192713,0.22965987615601294,0.16,0.2933918139923174,0.4003838173640071,0.43323000000000006,0.8898549999999988,0.5516,0.3595,0.0889,0.21062242462184722
0.7,True,moderate,6,0.186634762299133,0.056273504260478974,0.0,0.031272094226455945,0.3805696955937461,0.22121455730210374,0.15,0.3030915548466215,0.38556501243167135,0.44893,0.9120399999999986,0.559,0.3579,0.0831,0.21881206471690767
0.7,True,moderate,7,0.18406510958085537,0.0514485530837691,0.0,-0.0076786827023803675,0.39579937570326224,0.22916297330579793,0.13,0.3065061062276242,0.3970115909958314,0.46134000000000003,0.9328299999999986,0.56675,0.35255,0.0807,0.24440540930020105
0.7,True,moderate,8,0.18768133538766965,0.058691816210487434,0.005,-0.03762494358694171,0.39005766093297717,0.22654823760162382,0.15,0.3050697103935184,0.3963836047841899,0.45626,0.9269299999999988,0.5683,0.35005,0.08165,0.21204912732650297
0.7,True,moderate,9,0.19323437903101198,0.05873203720173947,0.0,-0.01785660936485138,0.3710363763836446,0.20422238073716092,0.11,0.3036683128740829,0.3771969149015009,0.45852000000000004,0.9273599999999986,0.5743,0.34355,0.08215,0.2244521964319891
0.7,True,moderate,10,0.19438167385110675,0.058126955050912865,0.005,0.015963725044281295,0.40938916029060946,0.24654370764917008,0.165,0.29769835428833163,0.41866514711921765,0.44852000000000003,0.9134399999999987,0.5633,0.3515,0.0852,0.22051231401520321
0.7,True,moderate,11,0.193828037653056,0.05990760278312569,0.01,0.030565875555324924,0.38756381890875075,0.2239122499075887,0.135,0.29759782483216823,0.4005692401075571,0.44317000000000006,0.9064399999999988,0.5571,0.35685,0.08605,0.2105654657267968
0.7,True,moderate,12,0.20273695185194682,0.06574066558743037,0.005,-0.03529474288754323,0.3886513415339138,0.22796677027536386,0.16,0.3024170965443098,0.40024620336033884,0.45948,0.9290499999999987,0.58275,0.335,0.08225,0.22554911727974575
0.7,True,moderate,13,0.1941331576535743,0.054047609708576035,0.0,-0.058743147154601064,0.40263469973473576,0.23196624015599304,0.145,0.3105361310763132,0.4150162599462085,0.46297000000000005,0.9342399999999985,0.56295,0.35815,0.0789,0.23506408867731587
0.7,True,moderate,14,0.20924804183495924,0.0666478093752278,0.01,-0.04776092610366276,0.4373297658144197,0.266504462934396,0.19,0.304764180208136,0.45184948159140126,0.462195,0.9283349999999985,0.5726,0.34645,0.08095,0.21308121896730225
0.7,True,moderate,15,0.21008181286807065,0.07045874540117121,0.005,0.0314835656737053,0.4050622564254509,0.2421221465239994,0.17,0.29977177453609244,0.4106238184270655,0.45362,0.9174149999999986,0.5724,0.34335,0.08425,0.19748861615872693
0.7,True,moderate,16,0.18901103786828352,0.059019606476295755,0.0,0.02435048130727123,0.38196366532176895,0.21919737932496094,0.14,0.3042265589655967,0.3911509976084288,0.46196,0.9348199999999985,0.57285,0.34505,0.0821,0.23762677181384448
0.7,True,moderate,17,0.2084756433745356,0.06733075680130524,0.0,0.00695350337334686,0.4065767241333365,0.24032497416752335,0.165,0.29817813354248507,0.4213441168741651,0.44411500000000004,0.8998949999999988,0.55985,0.35455,0.0856,0.23836428626514938
0.7,True,moderate,18,0.22882884204650256,0.08070457316500419,0.005,-0.006472948492438389,0.466617995266176,0.29717398336763123,0.23,0.30105073651558967,0.4801132257250362,0.45127500000000004,0.9130399999999987,0.57365,0.34345,0.0829,0.2329953226823669
0.7,True,moderate,19,0.18606313605403627,0.05665852321868062,0.0,-0.0020768649639376635,0.41127670758368795,0.2507634972490903,0.165,0.30622029590834243,0.41349797270544614,0.46464999999999995,0.9402949999999984,0.57915,0.34025,0.0806,0.20863107260504557
0.7,True,moderate,20,0.20180701723928515,0.06493007571795067,0.005,-0.02449050949929729,0.4185824972171172,0.2513843994146059,0.155,0.3077005415877839,0.43117875703045316,0.46608999999999995,0.9394649999999984,0.5822,0.3384,0.0794,0.24230389759583779
0.85,True,moderate,1,0.1885617298377742,0.05564196240241537,0.0,-0.003586155522026679,0.4766628477223573,0.32364863735473093,0.285,0.31955398694329307,0.47901411783347697,0.41675500000000004,0.8659249999999987,0.50595,0.3836,0.11045,0.2080364583302766
0.85,True,moderate,2,0.1945438047408527,0.06228016830777606,0.005,-0.04362954846524153,0.4899351140965586,0.32762121875046185,0.275,0.3092177715589163,0.49271661020356505,0.406715,0.8536649999999989,0.50035,0.38295,0.1167,0.218439543296373
0.85,True,moderate,3,0.19632741882210816,0.05902054421641132,0.0,0.034936080804753473,0.4532935158688561,0.2888886191998181,0.215,0.3136727043478043,0.4442992387225775,0.40122,0.848189999999999,0.49435,0.39055,0.1151,0.2380438412435685
0.85,True,moderate,4,0.19885831432010387,0.06560262004322365,0.005,0.018603850807397838,0.516719567898983,0.3557766358326086,0.335,0.322763664369823,0.5146683205948857,0.42503,0.8773849999999987,0.5218,0.37015,0.10805,0.20298763302575773
0.85,True,moderate,5,0.20381929508790664,0.06563783467467146,0.005,0.018400330742852272,0.4829337008941661,0.31771634071279165,0.255,0.3095829462217287,0.476821669240881,0.4004000000000001,0.8429299999999991,0.5004,0.383,0.1166,0.2135885489415297
0.85,True,moderate,6,0.20334960509049324,0.06448521063016059,0.005,-0.0030697096589992236,0.4814783456812195,0.32469368552047106,0.28,0.3115162367341891,0.48040214455688074,0.40565000000000007,0.852254999999999,0.49165,0.3925,0.11585,0.22335319807652135
0.85,True,moderate,7,0.21614820908234872,0.07061168742280617,0.005,-0.03781448562843926,0.47499068518539467,0.31366213984412367,0.275,0.32246004843433346,0.4737702438264118,0.427445,0.8836849999999987,0.51295,0.37775,0.1093,0.21946347045603304
0.85,True,moderate,8,0.20721559369230463,0.07013970908946729,0.01,-0.050552741867195806,0.5057675928318,0.34741703771745136,0.295,0.31914578621104517,0.5047391996106702,0.42764,0.8844849999999989,0.52495,0.3651,0.10995,0.2307818895491459
0.85,True,moderate,9,0.18156736505444507,0.052018044285954385,0.0,-0.08913552048288778,0.4895538377019828,0.315792968609729,0.265,0.31722216502969,0.48157796576476924,0.418005,0.8696049999999989,0.50435,0.38325,0.1124,0.22159608317370372
0.85,True,moderate,10,0.2064791882822231,0.06416185890982233,0.0,-0.06890076535703756,0.5080797633765612,0.3496625373843476,0.33,0.3144750475233491,0.4957763800161028,0.42054500000000006,0.8713699999999988,0.5203,0.3671,0.1126,0.2391567512584101
0.85,True,moderate,11,0.19336214019038978,0.05700448727015025,0.0,0.07243181280525927,0.4916484812870173,0.32469697483477744,0.26,0.31667745880562065,0.4982884651587389,0.410455,0.8593149999999988,0.5019,0.38555,0.11255,0.22963686904963715
0.85,True,moderate,12,0.20694565365227832,0.06215256035953012,0.0,-0.019539119221819324,0.5101714122393581,0.3513118393498555,0.305,0.3168545745837378,0.508729038481698,0.42078000000000004,0.8733749999999988,0.5137,0.3747,0.1116,0.2181195758236845
0.85,True,moderate,13,0.19285385338997812,0.06301205693189055,0.005,-0.017949233222724938,0.4711886274948976,0.31561418544740394,0.265,0.32116615876206295,0.470374603042135,0.42908,0.8851249999999987,0.5127,0.3779,0.1094,0.23232748878807713
0.85,True,moderate,14,0.2004721065728354,0.06549672384880618,0.0,-0.003087613939958287,0.47811528465256686,0.3258925133745615,0.27,0.32062583881073836,0.47395154971122677,0.4216850000000001,0.8729399999999988,0.50855,0.38105,0.1104,0.23880539530011766
0.85,True,moderate,15,0.19804580816932835,0.06074806024224344,0.0,0.05204188204600842,0.470452906188776,0.3098257877262958,0.245,0.31632504274028017,0.4636154686688845,0.41359999999999997,0.8641999999999989,0.509,0.3789,0.1121,0.2569641416173631
0.85,True,moderate,16,0.18555899721675254,0.05489634717566037,0.0,-0.005604892718359377,0.47415223866889816,0.3092722516338219,0.25,0.3221462376349992,0.4780243570399527,0.42872,0.8836849999999988,0.5129,0.37795,0.10915,0.2240471972554575
0.85,True,moderate,17,0.20123823538551097,0.0642056661478155,0.0,-0.09120177670766816,0.4958314892543493,0.3241778078346259,0.275,0.3139637813367162,0.4960846614509294,0.40448999999999996,0.846219999999999,0.4959,0.39045,0.11365,0.22186196468676037
0.85,True,moderate,18,0.21546626402253122,0.066284060880148,0.0,-0.015570261470836497,0.5277707534831493,0.36044089226368425,0.265,0.3145234939857245,0.5222813540361027,0.4143450000000001,0.8618949999999989,0.5161,0.3714,0.1125,0.2380576393915399
0.85,True,moderate,19,0.2155711888457549,0.0694438382122432,0.0,0.0123246351849948,0.500950769368238,0.33933689136973394,0.29,0.3241143361696406,0.4976493453290833,0.433095,0.8964399999999987,0.53175,0.36145,0.1068,0.24508270805359175
0.85,True,moderate,20,0.17831852088488576,0.05169902345091581,0.0,-0.02220012550123747,0.4520953682871916,0.29322618084710583,0.245,0.3160036303883007,0.4443306863826878,0.42807500000000004,0.8817849999999988,0.5156,0.3727,0.1117,0.21739551101760668
1.0,True,moderate,1,0.200140503103067,0.061985883864019195,0.0,0.00725223588644202,0.5443246756292972,0.3870302030958681,0.36,0.3313472738774387,0.5329196183180211,0.3825250000000001,0.825289999999999,0.46485,0.3994,0.13575,0.2163205400141657
1.0,True,moderate,2,0.20815599324811396,0.06412850493029182,0.005,-0.058393559821510586,0.5805422759579522,0.42357322846591783,0.41,0.3263675693488179,0.5731294492545674,0.37777,0.8206149999999991,0.46845,0.3935,0.13805,0.2287511947762734
1.0,True,moderate,3,0.17950629635269455,0.051206245912563446,0.0,-0.040392477104653685,0.5543239814747442,0.4067827256010315,0.385,0.31568802633881543,0.5391028190520423,0.3699450000000001,0.8051499999999993,0.4531,0.40265,0.14425,0.21255638081445802
1.0,True,moderate,4,0.2062177880221739,0.0702525355560372,0.005,-0.0809360939065237,0.5596674450213692,0.4044466045426954,0.385,0.3213657306946853,0.5537175962116764,0.38063500000000006,0.8231299999999991,0.4652,0.3943,0.1405,0.2369579644940383
1.0,True,moderate,5,0.22641243699172456,0.07751277808830077,0.0,0.04147658687828528,0.5457628591219801,0.3983513059980048,0.395,0.3209279386332422,0.5398334626148139,0.36825500000000005,0.8054299999999992,0.4645,0.39405,0.14145,0.2115918515792309
1.0,True,moderate,6,0.18693537167347973,0.05692099124634135,0.0,-0.03295738124104114,0.5437311015625373,0.39619125560616814,0.39,0.3253934190538864,0.5317200369478305,0.37628,0.8174049999999992,0.45705,0.40405,0.1389,0.2250466036930111
1.0,True,moderate,7,0.19392799957766008,0.060237067606196334,0.0,0.03273215237912928,0.5634522009662499,0.40680440295933623,0.41,0.33419279832647386,0.5500087814459377,0.3987050000000001,0.846704999999999,0.4765,0.39045,0.13305,0.2324646020577837
1.0,True,moderate,8,0.18433303829702496,0.057217067735516984,0.005,0.012920109929834644,0.5327688981688903,0.382985083245242,0.385,0.32495169193414336,0.5156206825648355,0.39016000000000006,0.8364449999999991,0.47325,0.3884,0.13835,0.23008819450626025
1.0,True,moderate,9,0.2066368622386039,0.06155483014808747,0.005,-0.05886202802012886,0.5788993564754588,0.42408193837181196,0.42,0.32891209405409044,0.5720809744951644,0.38681500000000013,0.831274999999999,0.46635,0.3969,0.13675,0.22553646410086395
1.0,True,moderate,10,0.1893738842234481,0.06097789767783755,0.0,-0.051854998628166345,0.5402295932072041,0.38885949076767234,0.375,0.3194076903031798,0.5273917660761271,0.3753300000000001,0.8180149999999992,0.46,0.3984,0.1416,0.20689334631988365
1.0,True,moderate,11,0.19171676736087512,0.05422957512313564,0.0,0.03740732800003053,0.5079183024157424,0.35313625037288615,0.315,0.32094973804782795,0.49680278638531616,0.373285,0.8140949999999989,0.4572,0.4016,0.1412,0.20581018027488732
1.0,True,moderate,12,0.1916440562820166,0.057827964155410784,0.005,-0.00589584086917582,0.5352932335442742,0.387494281241478,0.37,0.32632202703628704,0.5262482190180506,0.3847950000000001,0.8268099999999992,0.4633,0.39815,0.13855,0.19718209989640598
1.0,True,moderate,13,0.18893168942463315,0.05416041711516589,0.0,-0.049069382470951606,0.5747500836688322,0.41958220366018856,0.41,0.33488341173735675,0.5651020865174144,0.39875000000000005,0.8500499999999989,0.4797,0.38745,0.13285,0.23653156287326205
1.0,True,moderate,14,0.1938578334968878,0.059111295251298906,0.0,-0.006208427935175072,0.559796388497021,0.4093449012165088,0.425,0.3246155855503454,0.5474796526112898,0.3907550000000001,0.836544999999999,0.47955,0.38265,0.1378,0.20927996293386605
1.0,True,moderate,15,0.19456652200268315,0.0605093694921028,0.0,0.01192010394351533,0.5096348026812623,0.35824597257647695,0.355,0.32268930332362233,0.4977463277215233,0.37473,0.817454999999999,0.4604,0.39895,0.14065,0.2403121353773435
1.0,True,moderate,16,0.1995249597750783,0.06183537344181193,0.0,0.05790242451763616,0.5653200893821588,0.4024187931625927,0.36,0.3289033518053164,0.5509241581138938,0.396525,0.8475399999999991,0.4818,0.38275,0.13545,0.24127985734702698
1.0,True,moderate,17,0.20642939424214135,0.06738606228787528,0.0,0.04014058390480637,0.5604273220658551,0.40599036645411374,0.4,0.31938481485595643,0.5480495385716068,0.37168000000000007,0.808914999999999,0.465,0.3938,0.1412,0.21687125933501594
1.0,True,moderate,18,0.20683297604263445,0.06756774012670352,0.0,-0.028321757942829297,0.5547568195856992,0.40617233439183764,0.4,0.318765709261167,0.5444721699193105,0.36965000000000003,0.808999999999999,0.45815,0.39945,0.1424,0.21044010022571136
1.0,True,moderate,19,0.19212581469581935,0.05579529149466724,0.0,0.02826530149091522,0.5768622573901282,0.43410134463310485,0.43,0.34295535638340424,0.5612571302991356,0.40723,0.8578949999999989,0.48855,0.38285,0.1286,0.23211079903162626
1.0,True,moderate,20,0.1974403726648629,0.06078080792673516,0.0,0.07238918942035472,0.5452050588294232,0.3890097393887453,0.385,0.3342409080880702,0.5355174157163005,0.39395,0.842734999999999,0.47275,0.3934,0.13385,0.22667447313569078
0.1,False,polarized,1,0.44013075806043717,0.22476408819802646,0.045,0.0016890224351803452,0.44349366641068066,0.2439099880312903,0.1,0.060879981788955734,0.4428692309104909,0.26925000000000004,0.7075,0.9835,0.0165,0.0,0.05396012114247153
0.1,False,polarized,2,0.43910444814542104,0.2236916225857332,0.035,0.017257331995809366,0.4484629277834489,0.2521602715173615,0.095,0.060903827605793756,0.44752686361465716,0.265,0.6999999999999998,0.9822,0.0178,0.0,0.05718567716544179
0.1,False,polarized,3,0.45068563444854914,0.23099286505380326,0.03,0.005715268256378074,0.467775504221649,0.2710617298628068,0.12,0.060924248066915085,0.47157414353837285,0.265,0.7,0.9811,0.0189,0.0,0.05201659753507597
0.1,False,polarized,4,0.4282091707592048,0.2086735044104198,0.025,0.01697368857796266,0.4310669762204546,0.22343942590617666,0.06,0.06090749415978562,0.4322858182501571,0.26415000000000005,0.6984999999999999,0.982,0.018,0.0,0.04753451105408924
0.1,False,polarized,5,0.449983067467611,0.23643213232136442,0.055,-0.027233374015963187,0.4486543494600629,0.24995244979396578,0.125,0.06092594151365155,0.44636762609933966,0.2599,0.691,0.981,0.019,0.0,0.054219873890774345
0.1,False,polarized,6,0.4321528888881187,0.22555132970235775,0.045,-0.017569811929494895,0.4342694481419146,0.23791941323591687,0.08,0.060917672513740355,0.43500794052214714,0.26245000000000007,0.6954999999999998,0.98145,0.01855,0.0,0.05076213359775537
0.1,False,polarized,7,0.4423550747879259,0.22430637640280415,0.06,-0.06534184490326243,0.45414498929520475,0.2573269185617037,0.155,0.06087629282401555,0.45571734017852683,0.2667,0.7029999999999998,0.9837,0.0163,0.0,0.049691360514716364
0.1,False,polarized,8,0.442111761910585,0.2262561545955706,0.04,-0.005564218326940496,0.4604167577611679,0.2664019166285403,0.125,0.060889028018149716,0.4609532161013765,0.265,0.7,0.983,0.017,0.0,0.052387416071500804
0.1,False,polarized,9,0.4582001073979466,0.23958334809376808,0.045,0.004650918800525328,0.45484317392683127,0.2552798861705831,0.105,0.06087444442039731,0.4561777538183602,0.27095,0.7104999999999998,0.9838,0.0162,0.0,0.05198703400256811
0.1,False,polarized,10,0.4546558438454758,0.23762454537984506,0.035,0.005585766624452604,0.4621812219410391,0.2574278496848193,0.095,0.0608772814487868,0.46685379503505586,0.2709500000000001,0.7104999999999998,0.98365,0.01635,0.0,0.05432917529382889
0.1,False,polarized,11,0.4747387094147026,0.25974172439307147,0.085,-0.02823614156018269,0.4681391077496441,0.2708388907056991,0.13,0.06090842723312777,0.46454605450627023,0.26245000000000007,0.6954999999999998,0.98195,0.01805,0.0,0.05554788643326686
0.1,False,polarized,12,0.42600819098168047,0.20671072099182222,0.035,-0.027654459404408457,0.42415698571390825,0.22418050014323576,0.08,0.06088912473584918,0.42920838694847246,0.26330000000000003,0.6969999999999998,0.983,0.017,0.0,0.054385502176847
0.1,False,polarized,13,0.45803657680378307,0.23780592213294344,0.045,-0.06595772538692347,0.4657541564011135,0.2580372272284484,0.095,0.06091314587331473,0.4641135872502042,0.2667,0.7029999999999998,0.9817,0.0183,0.0,0.04944164725374978
0.1,False,polarized,14,0.4246947699260425,0.21305300495473786,0.035,-0.014398052031933619,0.4444470752705449,0.24569439126770112,0.08,0.060914969613091736,0.4468661648714158,0.26330000000000003,0.6969999999999998,0.9816,0.0184,0.0,0.05682884779727532
0.1,False,polarized,15,0.4397548059402901,0.2230132808993902,0.035,0.03650279296056273,0.4548228584937516,0.258956205932058,0.14,0.060901073664019006,0.4554303546789237,0.26585000000000003,0.7014999999999999,0.98235,0.01765,0.0,0.05257922277585889
0.1,False,polarized,16,0.4656980292378903,0.24788066155684033,0.06,-0.030972038547126362,0.48012813691301637,0.2732954439674515,0.11,0.06085253100683671,0.4791991821826199,0.27435000000000004,0.7164999999999999,0.985,0.015,0.0,0.051988706764350946
0.1,False,polarized,17,0.4428510390498279,0.22781112347570037,0.035,-0.01964204924853225,0.44800893641906714,0.25564684100970253,0.11,0.06086435776335799,0.44989267515594006,0.2709500000000001,0.7104999999999998,0.98435,0.01565,0.0,0.05067096521422057
0.1,False,polarized,18,0.44176191915088453,0.2206508319784539,0.035,0.024807682315556457,0.44121700486952775,0.2384636487582558,0.085,0.060875357717960626,0.4443533739934139,0.2667,0.7029999999999998,0.98375,0.01625,0.0,0.05699885179920249
0.1,False,polarized,19,0.4594891343095482,0.23945649517464104,0.04,-0.03116880377562338,0.46005739809835633,0.2619202899982498,0.115,0.06087621205670631,0.45912864150979643,0.2667,0.7029999999999998,0.9837,0.0163,0.0,0.05243649051997746
0.1,False,polarized,20,0.4543296958345124,0.2300733343933215,0.06,-0.06336472597502757,0.45658967895858316,0.24369116480193084,0.075,0.06090287801349614,0.4594364126327814,0.26330000000000003,0.6969999999999998,0.98225,0.01775,0.0,0.05258509575894963
0.2,False,polarized,1,0.45362529283857356,0.2336015074228564,0.04,-0.03995255527200084,0.4681671605862588,0.2721786691552423,0.125,0.12652690576151468,0.4738919201734526,0.26925000000000004,0.7075,0.8484,0.1511,0.0005,0.09114627782944418
0.2,False,polarized,2,0.43813265822802394,0.21993395741301058,0.02,0.015690613010517045,0.4391670425638307,0.24158370625491102,0.07,0.12658710748865368,0.4381738662724427,0.265,0.6999999999999998,0.84305,0.15625,0.0007,0.10838464381512061
0.2,False,polarized,3,0.4473052137162318,0.23104067625637525,0.055,0.02675344198209582,0.4360943003000004,0.24107737591953074,0.12,0.1264902317876186,0.4339683973720717,0.265,0.7,0.8461,0.15325,0.00065,0.0998368348172049
0.2,False,polarized,4,0.4582633159695851,0.2397734918932943,0.04,-0.009591801679648036,0.46502622010074085,0.2646994445502582,0.125,0.1268154833765727,0.4673342012658135,0.26415000000000005,0.6984999999999999,0.84475,0.15495,0.0003,0.10607463349115592
0.2,False,polarized,5,0.44634809845290213,0.22968726443205745,0.04,-0.031866047296466735,0.43967355297989785,0.24690710487220455,0.12,0.12676473545160452,0.4436205722644065,0.2599,0.691,0.84,0.1594,0.0006,0.11429205303759432
0.2,False,polarized,6,0.4512017195062674,0.22789286342809775,0.04,0.002452053807018144,0.42650676994624875,0.2282063850398371,0.085,0.12676293955704915,0.4288298749182304,0.26245000000000007,0.6954999999999998,0.8411,0.15835,0.00055,0.11503484985697682
0.2,False,polarized,7,0.4669343921993533,0.2488016272431419,0.065,-0.06204334398230892,0.47721203318709327,0.27515605886372135,0.15,0.12625819089867163,0.4753594002420861,0.2667,0.7029999999999998,0.8493,0.1499,0.0008,0.099624360340928
0.2,False,polarized,8,0.435717120457021,0.2196850349207304,0.035,-0.017618120527158377,0.43041427664778686,0.2320039142662924,0.075,0.1263523080366566,0.42883500717902817,0.265,0.7,0.8467,0.1525,0.0008,0.10345120221773542
0.2,False,polarized,9,0.4856292218514681,0.2667619964855496,0.055,-0.02670677778169149,0.5058478016736939,0.3109783218821955,0.165,0.12600832984575336,0.5054743744493433,0.27095,0.7104999999999998,0.85595,0.14325,0.0008,0.09739043983230555
0.2,False,polarized,10,0.4341056050664167,0.22567507414975055,0.055,0.014016002611392846,0.43950423984304804,0.2491638287485315,0.115,0.1259694855740311,0.441247545864684,0.2709500000000001,0.7104999999999998,0.86075,0.13865,0.0006,0.10330552226659798
0.2,False,polarized,11,0.446511788673897,0.2326439578054098,0.06,-0.015641718253505087,0.46230425065992775,0.26203257406384844,0.105,0.12688647755639004,0.4634751579540866,0.26245000000000007,0.6954999999999998,0.8379,0.16155,0.00055,0.10089091254554292
0.2,False,polarized,12,0.4490169577420323,0.22795902925772218,0.04,-0.03623096688557352,0.44514419672956523,0.2481067525391738,0.1,0.1266900992912609,0.4492093288174378,0.26330000000000003,0.6969999999999998,0.841,0.15835,0.00065,0.11001076498431818
0.2,False,polarized,13,0.439251371305634,0.22449146377869986,0.035,-0.04707982737997703,0.42840303100455757,0.23120625927128644,0.1,0.12650404046212416,0.4310416675965989,0.2667,0.7029999999999998,0.8489,0.1506,0.0005,0.10414151882737048
0.2,False,polarized,14,0.48566326859453085,0.27093127587209664,0.08,-0.03311208057963656,0.503262103081111,0.31434096290240815,0.195,0.12633154404869176,0.5011279712168809,0.26330000000000003,0.6969999999999998,0.84845,0.1508,0.00075,0.1076210519551513
0.2,False,polarized,15,0.43884026497246764,0.21981569364973763,0.05,0.07640927042238979,0.4419935098249938,0.23660567749135983,0.075,0.12641417519404963,0.4432361943011369,0.26585000000000003,0.7014999999999999,0.85125,0.14825,0.0005,0.1063162303138328
0.2,False,polarized,16,0.42367862956057367,0.20852881557484323,0.025,-0.04314448763214227,0.444628467414024,0.24789273681860372,0.115,0.12605721626372723,0.4468469242945771,0.27435000000000004,0.7164999999999999,0.8575,0.14185,0.00065,0.11787595871349188
0.2,False,polarized,17,0.45354956961475784,0.23769258009538186,0.065,0.02183180243380358,0.44653348637657136,0.24921573233372749,0.115,0.12644483862396594,0.4438250468092585,0.2709500000000001,0.7104999999999998,0.85535,0.1444,0.00025,0.1099342524329926
0.2,False,polarized,18,0.4716610693186107,0.24824245533527786,0.05,0.04268177236328455,0.4923776844412017,0.2883302993540722,0.125,0.12678212476932546,0.49172236198680525,0.2667,0.7029999999999998,0.8467,0.15305,0.00025,0.10843724431416091
0.2,False,polarized,19,0.4723264789095516,0.25781250123990035,0.085,-0.04844672208030624,0.495780210284669,0.2996560791097897,0.175,0.12620197639236796,0.4953274410090222,0.2667,0.7029999999999998,0.8546,0.1448,0.0006,0.10164709631753072
0.2,False,polarized,20,0.43457150115166543,0.21557850210789303,0.035,-0.04411267156410927,0.4537013881098262,0.24888520976416945,0.09,0.12666271764055304,0.4553309902909743,0.26330000000000003,0.6969999999999998,0.84365,0.1558,0.00055,0.10905915340124257
0.3,False,polarized,1,0.44829178860751495,0.23442754036217964,0.05,0.014555112068276563,0.4899183786774215,0.29185162027525613,0.155,0.18680327904261618,0.49066662403521727,0.26925000000000004,0.7075,0.72435,0.2662,0.00945,0.13939271646396748
0.3,False,polarized,2,0.4566090225994073,0.24323278037816665,0.045,0.000372239385551294,0.4826632611734395,0.28541803639919094,0.14,0.18771379504200053,0.48757159805821604,0.265,0.6999999999999998,0.71505,0.2758,0.00915,0.13996469190631636
0.3,False,polarized,3,0.4594018729613699,0.24285301664184472,0.065,0.02906835516249564,0.4860357177131025,0.2874245902755803,0.17,0.18852199801168143,0.48856292523159994,0.265,0.7,0.7122,0.27925,0.00855,0.1473006697741757
0.3,False,polarized,4,0.47226769905380245,0.25548792585827446,0.07,0.022873065591494077,0.5030684493400743,0.31654562067424274,0.215,0.18736023416496128,0.5088662492556543,0.26415000000000005,0.6984999999999999,0.7203,0.2705,0.0092,0.14708386057076195
0.3,False,polarized,5,0.4655644482371011,0.25258773999211337,0.07,-0.007219167949234919,0.5100135456816993,0.3133043978459561,0.185,0.18734816636931234,0.5126199052266022,0.2599,0.691,0.71245,0.27795,0.0096,0.1357847914734684
0.3,False,polarized,6,0.4535023304839757,0.23659439142041008,0.035,0.012162093914389185,0.4855050647052861,0.283864852949776,0.135,0.1882484250164432,0.48309057307061026,0.26245000000000007,0.6954999999999998,0.70505,0.28575,0.0092,0.15373124095563853
0.3,False,polarized,7,0.4511698592250633,0.22795696872748017,0.035,-0.07513338957471663,0.47096970590792897,0.2685304173182297,0.13,0.18872106870116212,0.46738620965363287,0.2667,0.7029999999999998,0.71805,0.27385,0.0081,0.15483493635666065
0.3,False,polarized,8,0.45702520945903996,0.24374512630811204,0.07,-0.02171558215130097,0.4679909888933152,0.27698935715411277,0.145,0.18703626374622143,0.47072915977074375,0.265,0.7,0.7187,0.27175,0.00955,0.14755906898962273
0.3,False,polarized,9,0.46586176231883036,0.24325283581691587,0.035,-0.005667302739949302,0.4974106064052539,0.29531385688709066,0.145,0.18711225652684377,0.502209301339077,0.27095,0.7104999999999998,0.7214,0.2692,0.0094,0.15729509616432197
0.3,False,polarized,10,0.4300766627642649,0.21158905912731807,0.035,0.032696388318322216,0.4504631594293065,0.2504501491341211,0.115,0.1869295454332055,0.44787057423347215,0.2709500000000001,0.7104999999999998,0.7247,0.26595,0.00935,0.1518827833354672
0.3,False,polarized,11,0.46997662598652856,0.2526134654754606,0.055,-0.022885456565296627,0.4994183393963848,0.30406665372563035,0.16,0.18833087049024866,0.4993207287417367,0.26245000000000007,0.6954999999999998,0.70425,0.2866,0.00915,0.14834127150865345
0.3,False,polarized,12,0.4300942954920404,0.2224401033299748,0.055,-0.04007438605344905,0.46133839453595343,0.2727143181798143,0.16,0.18768182013500564,0.46325875930655913,0.26330000000000003,0.6969999999999998,0.71705,0.2739,0.00905,0.15235747670953506
0.3,False,polarized,13,0.44006235055068804,0.21567378462471368,0.02,-0.06952065944652076,0.45508410240940533,0.2545418202974933,0.125,0.18707462053766677,0.4563723823955368,0.2667,0.7029999999999998,0.7177,0.2727,0.0096,0.14658302555173974
0.3,False,polarized,14,0.45394865502385157,0.2359116118019292,0.04,-0.01681806236779474,0.47069964710483264,0.2798824758486965,0.165,0.18759166773004224,0.47202144410111124,0.26330000000000003,0.6969999999999998,0.71385,0.2768,0.00935,0.1447503259061214
0.3,False,polarized,15,0.4282200372951537,0.2132116416802916,0.04,0.03007766561359561,0.4517391241695063,0.26311811925020456,0.13,0.18865473107827138,0.4523472435785569,0.26585000000000003,0.7014999999999999,0.71795,0.2739,0.00815,0.1342318275954902
0.3,False,polarized,16,0.44052505848011514,0.226773445585559,0.06,-0.05470233578832266,0.47406470483331004,0.28501739896675987,0.16,0.18756173713915916,0.4768818866098002,0.27435000000000004,0.7164999999999999,0.7336,0.258,0.0084,0.15345647546807178
0.3,False,polarized,17,0.4644433796006777,0.246224935805007,0.05,0.015250012649469845,0.5082490591442221,0.31149734701599846,0.16,0.18682421091287624,0.5135825829453403,0.2709500000000001,0.7104999999999998,0.7324,0.25855,0.00905,0.14116157383650735
0.3,False,polarized,18,0.4444340248917713,0.229481024780832,0.04,0.043939161729404236,0.47268908129000736,0.2786591063479114,0.16,0.18814960074443854,0.47172091112998954,0.2667,0.7029999999999998,0.71415,0.27705,0.0088,0.15717613608004183
0.3,False,polarized,19,0.42958341958805624,0.21349960337403043,0.025,-0.07513451743858914,0.4593823925332468,0.2612390740507641,0.14,0.18885535124652392,0.45960146543953156,0.2667,0.7029999999999998,0.7158,0.27605,0.00815,0.14486933334624966
0.3,False,polarized,20,0.4147169819889609,0.20198438344356823,0.035,-0.032959813734180374,0.4434791177839626,0.24454281630446548,0.095,0.18903352550003255,0.4486137649306972,0.26330000000000003,0.6969999999999998,0.7101,0.2817,0.0082,0.15222742737464087
0.4,False,polarized,1,0.41830728913451765,0.20418669209565823,0.03,-0.017306107288091625,0.4975523000719758,0.3111994590449645,0.19,0.23355076723932822,0.5001774928345993,0.26925000000000004,0.7075,0.6315,0.3429,0.0256,0.16515534156896983
0.4,False,polarized,2,0.4476118379772525,0.23295350690244754,0.05,0.03599256359784859,0.5342199700909742,0.3496004685524919,0.25,0.23552869278872787,0.5332142771695755,0.265,0.6999999999999998,0.6316,0.3443,0.0241,0.1984767653032012
0.4,False,polarized,3,0.4660628684593007,0.2547889618329939,0.085,0.0018260317819666215,0.5488876234680744,0.378811473356483,0.33,0.23405963810960523,0.5507899815927186,0.265,0.7,0.64175,0.33355,0.0247,0.17870144994897927
0.4,False,polarized,4,0.4634446942486622,0.24514804825697428,0.06,0.007619129164214811,0.5354574401813522,0.34482352748717476,0.22,0.2352277746434215,0.5387782229419864,0.26415000000000005,0.6984999999999999,0.6325,0.3431,0.0244,0.18071101550684013
0.4,False,polarized,5,0.44018208468253006,0.22040503948067156,0.035,-0.02486666748999532,0.5107991427028847,0.31922156399134205,0.185,0.23429578760051434,0.5089287701232081,0.2599,0.691,0.61315,0.36075,0.0261,0.18328821808752707
0.4,False,polarized,6,0.47406547274154337,0.26445850771584994,0.09,0.01808867520815621,0.5410566352913847,0.36155397871034967,0.26,0.23337309573122497,0.5364091685815296,0.26245000000000007,0.6954999999999998,0.63585,0.3386,0.02555,0.17029676978487218
0.4,False,polarized,7,0.4486178491460946,0.22832664498537777,0.04,-0.07373870601842335,0.5155334013069804,0.3215007094640536,0.23,0.23391116820028454,0.5161908255727665,0.2667,0.7029999999999998,0.6293,0.3452,0.0255,0.169940812135036
0.4,False,polarized,8,0.4582301622805109,0.23434887219037692,0.03,-0.0050246404124062805,0.5178729036352362,0.3257023084190991,0.2,0.2361949405096134,0.5106876468418559,0.265,0.7,0.62005,0.35575,0.0242,0.18431313322199883
0.4,False,polarized,9,0.4565023115273966,0.24186224540610265,0.06,-0.05675339669000007,0.5453036077390716,0.3618114475959026,0.27,0.23445577512741025,0.5516782542634696,0.27095,0.7104999999999998,0.64325,0.3325,0.02425,0.183230113003237
0.4,False,polarized,10,0.45309798639727816,0.23748914512740935,0.045,0.006409563344981537,0.5180495597278266,0.33372628848395963,0.225,0.23586408352762006,0.5196902904040482,0.2709500000000001,0.7104999999999998,0.6424,0.3342,0.0234,0.18754456826244537
0.4,False,polarized,11,0.43051966941733527,0.2128688016025555,0.015,0.006456155246258914,0.5181557448108138,0.32833904580046747,0.205,0.23358178555654113,0.518963341494706,0.26245000000000007,0.6954999999999998,0.6189,0.35495,0.02615,0.17199248803091982
0.4,False,polarized,12,0.4331537697751389,0.21951365612056464,0.035,-0.034656569782128485,0.5163927621985733,0.3329876662156973,0.225,0.23367320979105158,0.5183284370180121,0.26330000000000003,0.6969999999999998,0.6236,0.35045,0.02595,0.19795956822235397
0.4,False,polarized,13,0.4683330548704505,0.24364190934208146,0.04,-0.06286138962297458,0.5629810601384359,0.3759137860548893,0.275,0.23373707777389366,0.5669872053494434,0.2667,0.7029999999999998,0.6347,0.33995,0.02535,0.15819978014707808
0.4,False,polarized,14,0.4645731051355979,0.248925943736015,0.055,-0.025867850721047955,0.5355686076095376,0.3519614717861671,0.245,0.23571592511609127,0.5335674350209711,0.26330000000000003,0.6969999999999998,0.63165,0.34435,0.024,0.1903115359635393
0.4,False,polarized,15,0.46038075238133,0.2378874778860954,0.065,0.06206504731877434,0.5366469165911848,0.34647955122915847,0.22,0.23422324584463208,0.5415081392150807,0.26585000000000003,0.7014999999999999,0.62945,0.3453,0.02525,0.18092565513648595
0.4,False,polarized,16,0.4744396594270869,0.25416472875646823,0.055,-0.024558415771196152,0.5642589000213682,0.38404267496787214,0.31,0.23577060643399306,0.5634131362220074,0.27435000000000004,0.7164999999999999,0.65285,0.32425,0.0229,0.1561611544000019
0.4,False,polarized,17,0.45572144605658094,0.24392347116786248,0.06,0.01283994277698762,0.5483842302753975,0.36973204549255956,0.295,0.23620372279691018,0.5470639227644547,0.2709500000000001,0.7104999999999998,0.6407,0.3361,0.0232,0.19005000510821077
0.4,False,polarized,18,0.43907630485524507,0.2292756458578699,0.07,0.04217459772895023,0.5088101115592406,0.3299441854706696,0.245,0.2346946707050364,0.5106580186836687,0.2667,0.7029999999999998,0.63415,0.3411,0.02475,0.19169963674778853
0.4,False,polarized,19,0.4812603743760166,0.260575298726929,0.06,-0.028393316369207024,0.5618914983665987,0.3797803133118128,0.29,0.23502851691283996,0.5594995414243273,0.2667,0.7029999999999998,0.6382,0.33755,0.02425,0.17589361416295304
0.4,False,polarized,20,0.45710869913099844,0.23523852222563338,0.05,-0.08461099141011286,0.5495075055777245,0.36413523872242254,0.28,0.2352418232404462,0.5415476700613894,0.26330000000000003,0.6969999999999998,0.6272,0.3482,0.0246,0.16728774923571288
0.5,False,polarized,1,0.439260512205811,0.22580399263775752,0.07,-0.021844801157421448,0.6004868473605582,0.43168417197431697,0.365,0.2692775543773247,0.597225310278599,0.26925000000000004,0.7075,0.58775,0.37015,0.0421,0.18681099914614194
0.5,False,polarized,2,0.4413072335749706,0.22899727399856792,0.05,0.006156292661269944,0.5714943627779937,0.40983293396913767,0.345,0.26656512093004203,0.5667437986110722,0.265,0.6999999999999998,0.59175,0.3644,0.04385,0.1948126491729606
0.5,False,polarized,3,0.433332961231971,0.21769330687800958,0.03,0.026569397758499515,0.5698641128471718,0.40072040660010827,0.345,0.26917716771136335,0.5706541180254915,0.265,0.7,0.5784,0.3787,0.0429,0.18787746616187345
0.5,False,polarized,4,0.45217793490206815,0.23110971195908506,0.045,-0.00041415224590534593,0.6037704926123527,0.44040763108183056,0.4,0.2659909970138341,0.6051668020886539,0.26415000000000005,0.6984999999999999,0.5881,0.36755,0.04435,0.19523522817949693
0.5,False,polarized,5,0.4387012007811746,0.22415860640288623,0.04,0.01795440255383206,0.5933097600060322,0.42687537882434656,0.365,0.2638552944714841,0.5889330114345834,0.2599,0.691,0.5702,0.3832,0.0466,0.1843627835777141
0.5,False,polarized,6,0.4579006674675567,0.24279742394584672,0.075,0.004155989376577074,0.6230747063239159,0.46138464380855687,0.4,0.26765210159185043,0.6181335756240884,0.26245000000000007,0.6954999999999998,0.5804,0.37585,0.04375,0.16533157091047265
0.5,False,polarized,7,0.46893676939789924,0.2449007459648319,0.045,-0.061770749039100944,0.6244765474912064,0.4568288245611661,0.395,0.26995065811757607,0.6182823508175932,0.2667,0.7029999999999998,0.5932,0.36535,0.04145,0.20164735798111322
0.5,False,polarized,8,0.43870494564722845,0.2216277971531693,0.03,-0.0021278707027313935,0.5985817435534814,0.4370636152813745,0.395,0.2639063300996732,0.5972910082079111,0.265,0.7,0.591,0.36335,0.04565,0.19497475960039523
0.5,False,polarized,9,0.4311549489594647,0.21727885847039516,0.05,0.002120660929253686,0.5878230463360594,0.41655949083316407,0.325,0.27116629117628194,0.5872489247524353,0.27095,0.7104999999999998,0.5792,0.3791,0.0417,0.19530855785019172
0.5,False,polarized,10,0.44120911570454013,0.2247259954938457,0.035,0.03104797579823239,0.6123337856466713,0.4448045855627744,0.385,0.26814382657895824,0.6085676231164654,0.2709500000000001,0.7104999999999998,0.59165,0.3657,0.04265,0.17030730368336588
0.5,False,polarized,11,0.4233184349955427,0.20924375266466627,0.045,-0.0040305712414719875,0.5605612811167167,0.3902755346836145,0.31,0.26569904577679887,0.556624009161647,0.26245000000000007,0.6954999999999998,0.57705,0.3776,0.04535,0.2013345541606509
0.5,False,polarized,12,0.45433138614850255,0.2349793277766009,0.055,-0.11409763669007432,0.6164985258357539,0.44939249937014736,0.435,0.26485124868393056,0.6129051789486057,0.26330000000000003,0.6969999999999998,0.5961,0.3594,0.0445,0.17811885707292419
0.5,False,polarized,13,0.43756085930879624,0.21755171124340575,0.03,-0.07501545229399476,0.6002150555058654,0.4273552113923776,0.38,0.267747612326637,0.6005291817885055,0.2667,0.7029999999999998,0.58945,0.3674,0.04315,0.19009231336737722
0.5,False,polarized,14,0.4506118742765445,0.2254978936880225,0.025,-0.061302539157408936,0.6050146895038179,0.43162341575567614,0.385,0.26705988711127593,0.5992446903877764,0.26330000000000003,0.6969999999999998,0.58005,0.3759,0.04405,0.20088717133537745
0.5,False,polarized,15,0.4614618458191653,0.24224979979052527,0.05,0.039592951667657916,0.6345540829377379,0.4746175863584518,0.455,0.2699883190369058,0.6335799762750278,0.26585000000000003,0.7014999999999999,0.58095,0.37675,0.0423,0.17550914803587495
0.5,False,polarized,16,0.45650351442207765,0.23200247686914402,0.04,-0.07679707185289682,0.6151195675690216,0.4453393126696163,0.42,0.27167716170300105,0.6146508025720563,0.27435000000000004,0.7164999999999999,0.59345,0.36605,0.0405,0.1919411904297369
0.5,False,polarized,17,0.43509753376398846,0.216424639445279,0.02,-0.00202077646423696,0.6004664266977023,0.4275684366673091,0.35,0.27058919186302477,0.6056079497408171,0.2709500000000001,0.7104999999999998,0.5847,0.3737,0.0416,0.19903461589110233
0.5,False,polarized,18,0.4564733008323721,0.23796794215277572,0.04,0.050642946090604254,0.6275406806651652,0.4630410842294978,0.41,0.2662485421517637,0.6264197068821169,0.2667,0.7029999999999998,0.58665,0.36925,0.0441,0.17993138481974377
0.5,False,polarized,19,0.44531381668138864,0.2363551360298471,0.065,-0.061441803260458554,0.5954543142932384,0.43519255797538575,0.405,0.2673708381175534,0.5959782931675496,0.2667,0.7029999999999998,0.59285,0.36365,0.0435,0.18744428529329532
0.5,False,polarized,20,0.4699017440980684,0.2554585703832965,0.075,-0.03716502999278383,0.634981842132638,0.47894192008361186,0.455,0.26832948062796846,0.6347138797853101,0.26330000000000003,0.6969999999999998,0.5929,0.36445,0.04265,0.18738582981475083
0.6,False,polarized,1,0.45091201274271275,0.23746111943667209,0.05,0.008425182276867896,0.6863482835214627,0.5498893103091086,0.555,0.28785253163204344,0.68295105101489,0.26925000000000004,0.7075,0.58935,0.34795,0.0627,0.20261420723982496
0.6,False,polarized,2,0.44033339700007146,0.22257173513784892,0.02,0.056302746101073706,0.6797332733763671,0.5381082562099838,0.52,0.2903628830711021,0.6769443889914953,0.265,0.6999999999999998,0.5794,0.35925,0.06135,0.18984767135127648
0.6,False,polarized,3,0.46405330837710407,0.2446704606203918,0.055,0.05760428148469395,0.7018088931281093,0.5662641357127357,0.585,0.2915719408105046,0.6982522083993381,0.265,0.7,0.57745,0.36195,0.0606,0.20188019401533097
0.6,False,polarized,4,0.44142764033064025,0.22032559890818276,0.035,0.024175208176728625,0.7062526174279536,0.5670126462604865,0.58,0.2872865879398299,0.7088897975555695,0.26415000000000005,0.6984999999999999,0.57455,0.36205,0.0634,0.1931833538054924
0.6,False,polarized,5,0.43342402942451375,0.2234830964672964,0.045,0.0068971266554948675,0.6694696635084757,0.5348079662462,0.51,0.2854255292349032,0.664197401584635,0.2599,0.691,0.57945,0.3563,0.06425,0.18782406877923372
0.6,False,polarized,6,0.4572840152882149,0.2394897427129092,0.04,-0.0021743707540087974,0.6909523796438496,0.5584857381675903,0.56,0.288604967672503,0.6880686577527473,0.26245000000000007,0.6954999999999998,0.57455,0.36295,0.0625,0.18268434142275042
0.6,False,polarized,7,0.4648255589305659,0.24294411055038212,0.06,-0.05587655764012874,0.7113375271157895,0.5770529249994457,0.575,0.29324616609813997,0.7073377964905209,0.2667,0.7029999999999998,0.5763,0.364,0.0597,0.19204659433388432
0.6,False,polarized,8,0.4533775722770206,0.24248025272892648,0.075,-0.01827211916388893,0.6821714770253542,0.547025986592077,0.56,0.288932971814307,0.6799565055808459,0.265,0.7,0.5772,0.36025,0.06255,0.19468280831221102
0.6,False,polarized,9,0.43292729802861046,0.21914119729803097,0.05,-0.01116982839304073,0.6608759579749036,0.5145007979863492,0.515,0.2954845906803895,0.6570835853276878,0.27095,0.7104999999999998,0.57225,0.36905,0.0587,0.2035487733773667
0.6,False,polarized,10,0.4351163942103405,0.21703045458729173,0.035,0.04072479109409098,0.6727307265455125,0.5302099384916708,0.525,0.291803522242777,0.6707090241270443,0.2709500000000001,0.7104999999999998,0.56775,0.3712,0.06105,0.19947907363388923
0.6,False,polarized,11,0.4475662622479074,0.2314735865977168,0.05,0.007794581980551099,0.6888950132038577,0.5472479319822301,0.565,0.28572411351963484,0.683914907742284,0.26245000000000007,0.6954999999999998,0.5739,0.36195,0.06415,0.18436284748436993
0.6,False,polarized,12,0.43796055887645297,0.22411006537977166,0.055,-0.06413605872315711,0.685014089880296,0.5443562865214963,0.555,0.28519709527567083,0.6831119454839267,0.26330000000000003,0.6969999999999998,0.57145,0.3636,0.06495,0.19200300659057654
0.6,False,polarized,13,0.4690630146811309,0.2454202410865883,0.04,-0.11303901922585123,0.7265741494553843,0.5821334402436341,0.615,0.288102592091964,0.7288044872593241,0.2667,0.7029999999999998,0.59215,0.34615,0.0617,0.17611874877107225
0.6,False,polarized,14,0.4464999129261896,0.2328115701450167,0.06,-0.04952215267709336,0.6686121040787597,0.5245251211125459,0.505,0.287837800671594,0.6647447109413358,0.26330000000000003,0.6969999999999998,0.5743,0.3626,0.0631,0.17704800319219366
0.6,False,polarized,15,0.4644532673616329,0.23728393754884347,0.03,0.09259451637927935,0.7291150219950091,0.5841530237728648,0.555,0.28972670446729915,0.7306482767307991,0.26585000000000003,0.7014999999999999,0.5798,0.3585,0.0617,0.19037917156832418
0.6,False,polarized,16,0.4398726083293145,0.22578381605860545,0.055,-0.10416229012927669,0.6721777294688147,0.5251765629188683,0.515,0.2916045944725065,0.6686536846929468,0.27435000000000004,0.7164999999999999,0.59005,0.3498,0.06015,0.20327236268799248
0.6,False,polarized,17,0.4560470468634148,0.23293376167356872,0.015,0.02054477156111391,0.7025422360617989,0.5629065043347552,0.57,0.2962922251983046,0.6993286598338679,0.2709500000000001,0.7104999999999998,0.5799,0.36235,0.05775,0.2010454399176045
0.6,False,polarized,18,0.4516550436528938,0.23061782880667095,0.03,0.0445355547969162,0.7077879406976939,0.571206128746958,0.57,0.2954502316079507,0.7054885479504523,0.2667,0.7029999999999998,0.58155,0.36025,0.0582,0.2057239669697124
0.6,False,polarized,19,0.44762991072114244,0.22898825953184754,0.06,-0.08004100817256521,0.6809947480886318,0.5344694241482445,0.515,0.29305677812972436,0.6789590480622917,0.2667,0.7029999999999998,0.58295,0.35755,0.0595,0.1940183822540408
0.6,False,polarized,20,0.4555409545400609,0.23159720849942275,0.035,-0.08947395920329484,0.7053949364302015,0.5583081254877349,0.57,0.29015577666105147,0.700618004250506,0.26330000000000003,0.6969999999999998,0.579,0.35965,0.06135,0.19112447989707257
0.7,False,polarized,1,0.45343345514472533,0.24024042124909595,0.055,-0.029809639024012177,0.752596916876348,0.6454884188121632,0.695,0.30398450015813094,0.744807693781093,0.26925000000000004,0.7075,0.58805,0.3326,0.07935,0.1732613941285049
0.7,False,polarized,2,0.4571038140193149,0.24257708734657654,0.06,0.019610017965993178,0.7524386573686306,0.6430408600923357,0.685,0.3054767119624793,0.7473415825830122,0.265,0.6999999999999998,0.5821,0.3388,0.0791,0.18160306568183912
0.7,False,polarized,3,0.4464798073291405,0.22941739778864154,0.04,0.05900691891634192,0.7419848816502241,0.6264133166526522,0.64,0.3085211797628743,0.7339604616247678,0.265,0.7,0.57585,0.34665,0.0775,0.1812223289154678
0.7,False,polarized,4,0.46762962706610167,0.2504297329174159,0.055,0.0006641444710534428,0.7829597744889856,0.6753178237193577,0.7,0.3088399023201257,0.7657809337656051,0.26415000000000005,0.6984999999999999,0.5856,0.33785,0.07655,0.20233049334030617
0.7,False,polarized,5,0.4566737468423598,0.2454018587567422,0.065,0.0031312094884816855,0.7569044138202298,0.6416686425083391,0.66,0.3066941886506506,0.7483541204702735,0.2599,0.691,0.57615,0.3453,0.07855,0.20100769673317628
0.7,False,polarized,6,0.45062553698477187,0.23883645859138203,0.06,0.012209702809261676,0.7415195040763549,0.62954423581351,0.655,0.30475208864039,0.7352518934154983,0.26245000000000007,0.6954999999999998,0.5746,0.3461,0.0793,0.20761797443762436
0.7,False,polarized,7,0.45950156771914025,0.24718328807709938,0.065,-0.06321203281906762,0.751778001706912,0.6416901797171803,0.675,0.30974206434981,0.7430762200446943,0.2667,0.7029999999999998,0.57565,0.3473,0.07705,0.20357140714352867
0.7,False,polarized,8,0.4343602749433165,0.21648703112914486,0.04,0.018732342659173257,0.7558530964240479,0.6403832103050822,0.655,0.3088735710441917,0.7456358148533492,0.265,0.7,0.56905,0.3533,0.07765,0.19484771275447674
0.7,False,polarized,9,0.44438470937799013,0.22794828409981466,0.035,-0.009263928808893858,0.763953767894203,0.6560362906565658,0.69,0.3072470724643648,0.7528463152199245,0.27095,0.7104999999999998,0.59005,0.3324,0.07755,0.16174563925116942
0.7,False,polarized,10,0.4591208321614622,0.24657122278232413,0.075,0.030685004961351594,0.7542244208465989,0.6360809440342504,0.675,0.30740695522249717,0.7479305126095656,0.2709500000000001,0.7104999999999998,0.58215,0.34005,0.0778,0.1739886476777423
0.7,False,polarized,11,0.4466297431210437,0.23064647830693066,0.035,-0.011666995152823816,0.7460362595424609,0.6349863884547715,0.65,0.30999934332450996,0.739583223108001,0.26245000000000007,0.6954999999999998,0.57125,0.3518,0.07695,0.17571831630665613
0.7,False,polarized,12,0.464515233626912,0.24069640078564164,0.035,-0.102209636982863,0.7744458529228133,0.6618494237571053,0.72,0.3068649120435977,0.7688427655716876,0.26330000000000003,0.6969999999999998,0.5804,0.3415,0.0781,0.17538534456478494
0.7,False,polarized,13,0.43766752217738814,0.21750772421238956,0.025,-0.08843008137248505,0.7698108051727186,0.6523874091238295,0.69,0.3072837244879636,0.7656946698555549,0.2667,0.7029999999999998,0.57775,0.34425,0.078,0.17759119356615913
0.7,False,polarized,14,0.44732532720170126,0.23157443634584335,0.05,-0.04709194686035655,0.7693163943838683,0.6604737830569185,0.71,0.30630544104266283,0.7620608832692664,0.26330000000000003,0.6969999999999998,0.5727,0.3485,0.0788,0.18683092694182904
0.7,False,polarized,15,0.4635753177319179,0.24769355697593384,0.085,0.09137180403991062,0.7549476462567577,0.6365267662676981,0.67,0.30531558446877527,0.7502400109195196,0.26585000000000003,0.7014999999999999,0.5822,0.3387,0.0791,0.16454948615480616
0.7,False,polarized,16,0.4404415525141772,0.22033626504111528,0.035,-0.04761943209081574,0.7602080872850265,0.6444279309200905,0.68,0.31137062153713013,0.7489972217526809,0.27435000000000004,0.7164999999999999,0.5877,0.33685,0.07545,0.1949127002320021
0.7,False,polarized,17,0.44589263863609996,0.23314168482627828,0.065,-0.023234662226499343,0.7266466891652271,0.6042805812558641,0.61,0.308786936641554,0.7180264994029462,0.2709500000000001,0.7104999999999998,0.5737,0.34865,0.07765,0.18490441069711858
0.7,False,polarized,18,0.43092109985860744,0.21730263380197123,0.035,0.03456569200147066,0.7290612224267661,0.6060230328672809,0.6,0.30348222096679445,0.7214388007620964,0.2667,0.7029999999999998,0.56295,0.35605,0.081,0.19174273158632585
0.7,False,polarized,19,0.4506248833509076,0.23835205419359973,0.08,-0.06319295442074314,0.7419266246558549,0.622898485468223,0.655,0.3075352828304676,0.735648647423671,0.2667,0.7029999999999998,0.57515,0.3466,0.07825,0.1843973367833406
0.7,False,polarized,20,0.44069584066662904,0.21878883952439476,0.045,-0.0712266170637336,0.7641126326913468,0.656846537729784,0.705,0.30466464554849493,0.7548013053551109,0.26330000000000003,0.6969999999999998,0.58515,0.3357,0.07915,0.19398522534508042
0.85,False,polarized,1,0.45761332314181047,0.23575360364159834,0.05,0.03709333307238498,0.8412734148424426,0.7635465967532593,0.83,0.32576093286957614,0.8263045209675137,0.26925000000000004,0.7075,0.5852,0.3141,0.1007,0.19175603846789252
0.85,False,polarized,2,0.47017881786617904,0.2503885358491623,0.045,0.031153416117244596,0.8345787829758176,0.753664854041547,0.82,0.32282976733480395,0.8219395781922245,0.265,0.6999999999999998,0.5946,0.3037,0.1017,0.18477185897366824
0.85,False,polarized,3,0.46934568123876175,0.24807002696111322,0.055,0.08145265618127898,0.8438947954220049,0.7568969740345349,0.82,0.3311762067435917,0.8322739762328197,0.265,0.7,0.586,0.3163,0.0977,0.1848469600951624
0.85,False,polarized,4,0.44246744017514883,0.23091251997524936,0.055,0.04222610817049782,0.8099119555961866,0.7266665057229121,0.77,0.3227468529141532,0.8017732603760401,0.26415000000000005,0.6984999999999999,0.57545,0.3222,0.10235,0.17846929575445958
0.85,False,polarized,5,0.42270440269793474,0.20687230603927984,0.02,-0.038637390013771554,0.7912248358194683,0.707441912327609,0.755,0.32138215281073834,0.7798965377984749,0.2599,0.691,0.56155,0.3341,0.10435,0.1724746166700566
0.85,False,polarized,6,0.4566009524791474,0.23848262913413734,0.03,0.005784159616330522,0.8301875146666751,0.7484573243395731,0.785,0.323782984581702,0.8170193015782641,0.26245000000000007,0.6954999999999998,0.57705,0.3209,0.10205,0.1822007816653688
0.85,False,polarized,7,0.4529359579405646,0.23200907073630403,0.045,-0.08774718804891637,0.81672226517842,0.7250863856691211,0.795,0.322591357931055,0.8041634534495617,0.2667,0.7029999999999998,0.5733,0.3237,0.103,0.19638981190338675
0.85,False,polarized,8,0.4509523604937658,0.24095625779590893,0.045,0.021630132725030612,0.8124812975121138,0.7289788247694498,0.78,0.32716232079564683,0.8006577441236163,0.265,0.7,0.5763,0.323,0.1007,0.16551413267834925
0.85,False,polarized,9,0.4440204489892708,0.23388318850581463,0.06,0.007620209508316406,0.8093648262082204,0.72732310187888,0.79,0.3280212569385958,0.792454159195468,0.27095,0.7104999999999998,0.5882,0.31265,0.09915,0.1745225727576166
0.85,False,polarized,10,0.43502828328482834,0.2196216623877001,0.05,0.05719472205639093,0.8046501388765048,0.7159675344146024,0.79,0.32900251994726715,0.7939139846494799,0.2709500000000001,0.7104999999999998,0.5761,0.3241,0.0998,0.19565693970209264
0.85,False,polarized,11,0.4555542108535646,0.2395782006453601,0.055,0.020056207994208756,0.8201197677472564,0.7381874364699665,0.805,0.32385371032284815,0.8059601735727194,0.26245000000000007,0.6954999999999998,0.57815,0.31995,0.1019,0.17713294657124712
0.85,False,polarized,12,0.45147899110552214,0.23474863213103966,0.045,-0.053769787665463344,0.8216197068301666,0.7366375329625785,0.78,0.32687162248803164,0.8090372087559325,0.26330000000000003,0.6969999999999998,0.5716,0.32745,0.10095,0.1625252118770753
0.85,False,polarized,13,0.42892557654090635,0.21244227171269242,0.03,-0.08535418014243813,0.7927504628563934,0.6905257501866461,0.745,0.33117840075684635,0.7743471924533759,0.2667,0.7029999999999998,0.56035,0.34,0.09965,0.18020595232266193
0.85,False,polarized,14,0.4809512310466922,0.2630600657429129,0.07,-0.03578154528716434,0.8356355001147178,0.7529288799851577,0.795,0.3271660030245733,0.8234056728821895,0.26330000000000003,0.6969999999999998,0.5718,0.3276,0.1006,0.18053859328752295
0.85,False,polarized,15,0.45135952899454507,0.230682436675933,0.06,0.1188370601954087,0.8198017685796546,0.7257610625248985,0.785,0.3304374690936341,0.8106342405830601,0.26585000000000003,0.7014999999999999,0.57055,0.3303,0.09915,0.17877106540137863
0.85,False,polarized,16,0.44238101399078333,0.22245662775381972,0.035,-0.09687581279208379,0.8266342769328712,0.7362450584167571,0.8,0.33227023378781256,0.8155730210620737,0.27435000000000004,0.7164999999999999,0.58755,0.3151,0.09735,0.18597406630774485
0.85,False,polarized,17,0.45882062556121506,0.23386551037802816,0.025,-0.012947654751367539,0.8496607810537812,0.7755028117488473,0.835,0.3323368948976946,0.8333385435016948,0.2709500000000001,0.7104999999999998,0.5909,0.312,0.0971,0.197969714702879
0.85,False,polarized,18,0.44485200982435325,0.23125971643096005,0.07,0.06666484173241949,0.830511775079475,0.7467313465372919,0.815,0.32866996892556144,0.8211761970695354,0.2667,0.7029999999999998,0.5751,0.325,0.0999,0.18514168189560334
0.85,False,polarized,19,0.42159356075497884,0.20424448593393113,0.035,-0.07731132668076529,0.8042254635230915,0.7080355180864255,0.78,0.32952350214929393,0.7893457945110239,0.2667,0.7029999999999998,0.5626,0.33735,0.10005,0.1809596301260521
0.85,False,polarized,20,0.4579819153944347,0.23594029968083308,0.055,-0.07831331487771383,0.8459802978218738,0.7606233237625909,0.825,0.3260965572240948,0.8332127479196513,0.26330000000000003,0.6969999999999998,0.5831,0.31615,0.10075,0.18898956854783058
1.0,False,polarized,1,0.4514880711531336,0.23472723396840448,0.055,-0.00809981940674485,0.8630068378011027,0.7959317877562105,0.88,0.3422673615316652,0.8466763308325683,0.26925000000000004,0.7075,0.58675,0.2937,0.11955,0.16431416423364462
1.0,False,polarized,2,0.4713193497392309,0.24884882211847617,0.05,0.04736893918323438,0.8827664688576939,0.8155781875742114,0.89,0.34280723179604633,0.8638098228262912,0.265,0.6999999999999998,0.5892,0.2918,0.119,0.16778216021477263
1.0,False,polarized,3,0.455574664530771,0.23620962385859914,0.05,0.030771724585724858,0.8538525703680836,0.7919423770100269,0.865,0.3389679073904884,0.8384000331145154,0.265,0.7,0.58565,0.293,0.12135,0.17244963903302987
1.0,False,polarized,4,0.444880045787112,0.22663648677651566,0.03,0.043641264740081696,0.8624270154637332,0.7937329557709711,0.86,0.34266007555504785,0.8495751748375855,0.26415000000000005,0.6984999999999999,0.5671,0.3125,0.1204,0.171617398177585
1.0,False,polarized,5,0.4688782393855654,0.25005893015003366,0.05,-0.034786570262924484,0.8764743183223658,0.8221826638037559,0.905,0.3386961381528378,0.8611627955540223,0.2599,0.691,0.58345,0.29515,0.1214,0.14944874082494988
1.0,False,polarized,6,0.46085011538086834,0.24117417944826186,0.055,0.00029869637946698614,0.8775519759449384,0.8142208500982935,0.88,0.3410643695905006,0.8587615605080628,0.26245000000000007,0.6954999999999998,0.5821,0.29775,0.12015,0.1969978513587556
1.0,False,polarized,7,0.45060156176963495,0.232147917444742,0.05,-0.08046176023873677,0.87639554148365,0.8060207162112518,0.885,0.34652767853459193,0.8605157018385721,0.2667,0.7029999999999998,0.58425,0.29785,0.1179,0.1850836540894421
1.0,False,polarized,8,0.4707099749350476,0.2511852060856643,0.04,0.02323738826254109,0.8781143194778018,0.8169330601873167,0.895,0.34660933361642926,0.8584323856729651,0.265,0.7,0.5797,0.3024,0.1179,0.17105148401088066
1.0,False,polarized,9,0.4364361030279174,0.2223236996432282,0.045,-0.013112099980474672,0.8882973093904508,0.8216869479818538,0.885,0.3527031321563227,0.8691331059993849,0.27095,0.7104999999999998,0.5808,0.3042,0.115,0.1851493945323164
1.0,False,polarized,10,0.4496224545919446,0.23506757818191065,0.045,0.013842605505314274,0.8888645433313433,0.8268273352995351,0.9,0.3431815399800747,0.8729273959684434,0.2709500000000001,0.7104999999999998,0.589,0.29235,0.11865,0.18797545860829432
1.0,False,polarized,11,0.4450159223274403,0.23018338453976409,0.075,0.038560674916170413,0.833103932427235,0.7627199995679308,0.81,0.34037864702280207,0.8176195231245099,0.26245000000000007,0.6954999999999998,0.57015,0.30815,0.1217,0.17985870944137228
1.0,False,polarized,12,0.46364417796361734,0.24313025597191268,0.04,-0.0969165670553628,0.8613883991951974,0.7884825922489748,0.86,0.34213898291404,0.8478420376626856,0.26330000000000003,0.6969999999999998,0.5811,0.2987,0.1202,0.1716693417977698
1.0,False,polarized,13,0.43731128622268217,0.21797275316866352,0.055,-0.13064756595824983,0.8407755463237079,0.7556548098638757,0.84,0.34743082018378146,0.8262745102721365,0.2667,0.7029999999999998,0.5773,0.30485,0.11785,0.18568235747200057
1.0,False,polarized,14,0.4581819357080165,0.24036349291803843,0.04,-0.04223861160455986,0.87001413380522,0.8043567520432213,0.865,0.3404222805202407,0.8572589876042802,0.26330000000000003,0.6969999999999998,0.5817,0.29725,0.12105,0.14874110449754327
1.0,False,polarized,15,0.47781759885657854,0.2526390196374973,0.055,0.12556727666282014,0.8664498352135616,0.7899325704033138,0.88,0.3452309200166473,0.8476711743553089,0.26585000000000003,0.7014999999999999,0.59425,0.28805,0.1177,0.18920031934049944
1.0,False,polarized,16,0.43543095071289706,0.21846818197989504,0.04,-0.06468357854266876,0.8601199211186628,0.7921864939870865,0.87,0.34815589653554796,0.8468188097873497,0.27435000000000004,0.7164999999999999,0.57855,0.30435,0.1171,0.1801872000925099
1.0,False,polarized,17,0.4490135706990829,0.2353385703908967,0.06,0.0014147632648096042,0.8608678844088672,0.7941943433160807,0.865,0.34683196530825966,0.8433326218386088,0.2709500000000001,0.7104999999999998,0.57925,0.30305,0.1177,0.19291314929146758
1.0,False,polarized,18,0.44183309506612356,0.22586140699370078,0.05,0.07236085366454897,0.8517197717088103,0.7793900659962429,0.845,0.34657327162554113,0.8373105357203755,0.2667,0.7029999999999998,0.5738,0.308,0.1182,0.18173471094586646
1.0,False,polarized,19,0.4501040318203044,0.22961131036697968,0.045,-0.10937156404290391,0.8427961690647985,0.7644832695972209,0.85,0.3393375747432089,0.8267895773041682,0.2667,0.7029999999999998,0.58025,0.2984,0.12135,0.1702719375926023
1.0,False,polarized,20,0.4467659426992709,0.2345095452693713,0.045,-0.11796937967461993,0.8222049879423983,0.7393488621645261,0.81,0.3386878981156267,0.8066678306040614,0.26330000000000003,0.6969999999999998,0.57675,0.30115,0.1221,0.1942745223342332
0.1,True,polarized,1,0.4553172373082826,0.237834235076528,0.03,-0.0043629098032245605,0.4353397825389508,0.24638036757458356,0.125,0.06061723642039899,0.4350737975219663,0.5999999999999999,1.1276499999999996,0.9978,0.0022,0.0,0.05599210665216437
0.1,True,polarized,2,0.45796899404120645,0.2407528527071284,0.045,0.04663015561663794,0.4695458242819409,0.2700432415330859,0.115,0.060641962343573184,0.469151930644051,0.5999999999999999,1.1232249999999997,0.99645,0.00355,0.0,0.05874623686576253
0.1,True,polarized,3,0.4528211409431427,0.23797463933064758,0.035,-0.006747750801357211,0.4396541142647493,0.2466914432320452,0.115,0.060627309402424424,0.43600906793434613,0.5999999999999999,1.1236249999999997,0.99725,0.00275,0.0,0.05784484030811603
0.1,True,polarized,4,0.47095422615411353,0.24950651326426113,0.055,0.017074310116667636,0.49757970137055785,0.29666321626547254,0.13,0.06064013035987374,0.49971724741885637,0.5999999999999999,1.1225249999999996,0.99655,0.00345,0.0,0.0528993728884799
0.1,True,polarized,5,0.4280203377505243,0.20860494121162104,0.025,-0.04773768431248133,0.4379084107949956,0.24391185814335742,0.105,0.0606374100018425,0.4401922419914214,0.5999999999999999,1.1188499999999995,0.9967,0.0033,0.0,0.05251731725412653
0.1,True,polarized,6,0.46124656232467814,0.24879702766954956,0.065,0.022064916715275926,0.4624396482781528,0.2588821036373636,0.085,0.060629127585654176,0.46611279884398515,0.5999999999999999,1.1213249999999995,0.99715,0.00285,0.0,0.05597980319100641
0.1,True,polarized,7,0.47054686555197606,0.2547298154267863,0.055,-0.04533358985897497,0.47474752778026014,0.2800726007523965,0.145,0.060634642744089626,0.4773172418718765,0.5999999999999999,1.1249249999999995,0.99685,0.00315,0.0,0.05687194169702508
0.1,True,polarized,8,0.4404413921488159,0.22592536283290898,0.05,-0.01938672447791276,0.44983952992381065,0.25924628706487796,0.1,0.06064011932121348,0.44786331276471697,0.5999999999999999,1.1232749999999996,0.99655,0.00345,0.0,0.0555897341648582
0.1,True,polarized,9,0.45208872852490745,0.2391951165398114,0.055,-0.0016870405257282794,0.44258588834753604,0.24871963218657922,0.115,0.060634620691699566,0.4439257816723863,0.5999999999999999,1.1286999999999994,0.99685,0.00315,0.0,0.05420648401490302
0.1,True,polarized,10,0.4365540624900689,0.2227961827942978,0.035,0.037347506090767674,0.43805311530971563,0.2441256161431621,0.11,0.06062824193974921,0.4389099000300034,0.5999999999999999,1.1288499999999997,0.9972,0.0028,0.0,0.05221078362228979
0.1,True,polarized,11,0.47670191009525437,0.25739562804570143,0.045,0.02645832430323059,0.4550021803429714,0.26905475581569954,0.15,0.060637398954880434,0.4506907524417128,0.5999999999999999,1.1210999999999995,0.9967,0.0033,0.0,0.053947992457117525
0.1,True,polarized,12,0.44625850991338906,0.22761402786569676,0.06,-0.052880839257692644,0.44082250837051634,0.23513231714746763,0.095,0.06063827634881488,0.4415267542371488,0.5999999999999999,1.1218249999999996,0.99665,0.00335,0.0,0.05311415758557137
0.1,True,polarized,13,0.4488384696578274,0.22757503571488474,0.04,-0.03908847631675038,0.4647553257013086,0.26307851781985003,0.105,0.06062273227987684,0.4643831604926564,0.5999999999999999,1.1252499999999994,0.9975,0.0025,0.0,0.051643423297171226
0.1,True,polarized,14,0.4570489530335267,0.23668747982585334,0.06,-0.06231497947990639,0.4701589254640181,0.2712599415201336,0.13,0.060633721262028734,0.4728583860900696,0.5999999999999999,1.1219749999999997,0.9969,0.0031,0.0,0.05170866500827733
0.1,True,polarized,15,0.4516293337866742,0.23214042582360458,0.035,0.036098284604307154,0.4562804781187902,0.26214216948520064,0.11,0.060641049096804005,0.45505914946563514,0.5999999999999999,1.1239999999999994,0.9965,0.0035,0.0,0.05982872256421778
0.1,True,polarized,16,0.4296580745971971,0.21643189341343316,0.05,-0.036090189758702866,0.43986934376198095,0.2568841484416179,0.145,0.06062549398923074,0.4453558746136994,0.5999999999999999,1.1319249999999996,0.99735,0.00265,0.0,0.05981671128362556
0.1,True,polarized,17,0.45483380660309514,0.2435565054315785,0.08,0.005327410617782471,0.44208025289905345,0.25467811856909195,0.14,0.0606227433185371,0.44305763896586525,0.5999999999999999,1.1289999999999996,0.9975,0.0025,0.0,0.05362526155269185
0.1,True,polarized,18,0.4518208072879062,0.2281143328795221,0.02,0.07424959221926886,0.47475923294276046,0.2724752787241841,0.145,0.06064104081990303,0.47592511256108877,0.5999999999999999,1.1247749999999996,0.9965,0.0035,0.0,0.05157379636397612
0.1,True,polarized,19,0.4594674402610736,0.23649967793659413,0.035,-0.011739637822570734,0.4572957119415794,0.2627059882801758,0.125,0.06063278322614083,0.4557612955447561,0.5999999999999999,1.1249999999999996,0.99695,0.00305,0.0,0.049302763382928806
0.1,True,polarized,20,0.43715668738116803,0.2243673396718586,0.03,-0.05572954034657871,0.46266421129194085,0.27045888382141264,0.145,0.0606410545870653,0.4640728097699599,0.5999999999999999,1.1217749999999995,0.9965,0.0035,0.0,0.05582748089684296
0.2,True,polarized,1,0.44486126867173437,0.2303033101517827,0.055,0.010662492675151332,0.4548899444537422,0.27359509029086054,0.175,0.12275440140894046,0.45643014833610657,0.5998499999999999,1.10852,0.95475,0.04515,0.0001,0.09674521303183636
0.2,True,polarized,2,0.44632499616637106,0.229505554937867,0.055,0.01962444526911883,0.4577089990935822,0.2777818699103741,0.19,0.12263370950670133,0.4610705580544486,0.5998999999999998,1.1052899999999999,0.95605,0.04375,0.0002,0.10512562514116829
0.2,True,polarized,3,0.45427495840210225,0.23542262720607637,0.05,0.03387059503823306,0.4837407670987922,0.29764135701831934,0.19,0.12264036342285994,0.4835102822614546,0.5999749999999999,1.105315,0.9559,0.0439,0.0002,0.10227205930935174
0.2,True,polarized,4,0.4569991725645627,0.24201821581770183,0.06,-0.022287009558801456,0.4513902826957641,0.2640124801589211,0.14,0.12256587867792361,0.44783464942013923,0.5999699999999999,1.103305,0.95395,0.04565,0.0004,0.10409364023234614
0.2,True,polarized,5,0.4490461596716429,0.23568136671856896,0.065,0.011701586041056635,0.4537324012943245,0.27748834842207254,0.21,0.1228054277560365,0.4607792937906815,0.5998749999999999,1.098265,0.95145,0.04835,0.0002,0.09545962853775343
0.2,True,polarized,6,0.4667125852539866,0.2528315707018447,0.05,-0.027486092080850826,0.5024170969570584,0.3174305416663248,0.215,0.12262018117266711,0.5035720335618179,0.5999999999999999,1.102925,0.9554,0.04435,0.00025,0.10828742522260933
0.2,True,polarized,7,0.4296056686195007,0.21500251045287938,0.03,-0.010144436972788218,0.43642669423339586,0.25565088532294683,0.15,0.12268345769241513,0.4396235868076209,0.5998749999999998,1.1059149999999998,0.9547,0.0451,0.0002,0.11056366040916953
0.2,True,polarized,8,0.4523528441674101,0.2315569378667157,0.04,0.011230630078670662,0.45721345333424496,0.27235927226645607,0.155,0.12257244558835335,0.4623314686090184,0.5998499999999999,1.10595,0.95675,0.043,0.00025,0.10370456271106629
0.2,True,polarized,9,0.4581979178725027,0.24418355837696906,0.06,-0.02185331575209526,0.48325534180434204,0.30040753844053897,0.18,0.12235382139774727,0.4892247769475563,0.5999999999999999,1.1121299999999998,0.95975,0.03985,0.0004,0.10809313900586379
0.2,True,polarized,10,0.42778937527390243,0.21163046601132401,0.03,0.021107733906730555,0.4721738812489524,0.2909872523158358,0.18,0.12241799334061217,0.48259392861074557,0.5999849999999999,1.1116549999999998,0.95795,0.04165,0.0004,0.09980936164704764
0.2,True,polarized,11,0.4391530794331097,0.2255044827605744,0.035,0.007015151357898208,0.4615660372296119,0.2746287955795804,0.15,0.12293012488007235,0.46855217306765923,0.5998499999999999,1.1007600000000002,0.951,0.04895,5e-05,0.10333047149696534
0.2,True,polarized,12,0.47150601886529214,0.24830181428321166,0.045,-0.043897946423160236,0.46987970793384143,0.2769043862900346,0.155,0.12247637537968796,0.47581428610764925,0.5998699999999998,1.10314,0.9554,0.04415,0.00045,0.10489411115938596
0.2,True,polarized,13,0.43155394085183585,0.21672492151150088,0.055,-0.07517957267485953,0.4296337842262627,0.24159548729475774,0.125,0.1226755736942086,0.430867074580901,0.5999749999999999,1.10644,0.955,0.0448,0.0002,0.10857102906927789
0.2,True,polarized,14,0.44161262909045923,0.22896200515684964,0.04,-0.05559930048599222,0.46755407786961156,0.28479881036467397,0.2,0.12262137174652113,0.4739636541182145,0.5999999999999999,1.104655,0.9573,0.04255,0.00015,0.1050729218067649
0.2,True,polarized,15,0.4681918810927398,0.24628018635949012,0.06,0.0717314160529609,0.4563276954436335,0.26653956751333174,0.16,0.12260930313507318,0.46060340478789624,0.5997249999999998,1.10591,0.95475,0.04495,0.0003,0.10251141067579127
0.2,True,polarized,16,0.4698270224462089,0.2501913486400711,0.07,-0.04057918288899847,0.45820181975629737,0.2702460431641448,0.175,0.12256200663074658,0.46226046050797237,0.5999749999999999,1.11612,0.9599,0.04,0.0001,0.10862930171859016
0.2,True,polarized,17,0.46377613430869535,0.25119764243794385,0.07,0.027591872214169207,0.48437969215696525,0.29916160979200634,0.215,0.1223507931234817,0.49158342340702726,0.5999499999999999,1.11218,0.9598,0.0398,0.0004,0.10503931501774057
0.2,True,polarized,18,0.45562288772433673,0.2400998632371917,0.08,0.049347301188289006,0.4697953471458443,0.2853627894181054,0.2,0.12257021748553136,0.4742678750089408,0.5998999999999998,1.10626,0.95585,0.04385,0.0003,0.0991969943494471
0.2,True,polarized,19,0.42404872696520257,0.20447794596991897,0.02,-0.06479974296073804,0.46420017673942865,0.2780172406448076,0.155,0.12241177525247492,0.47076882273764226,0.5999749999999999,1.1078299999999999,0.9581,0.0415,0.0004,0.10821079211852248
0.2,True,polarized,20,0.4486717604251494,0.22842580747335867,0.02,-0.07518545454821393,0.49482596214495544,0.29946758525407785,0.19,0.12259443532988003,0.49749728827191453,0.5999999999999999,1.104615,0.95705,0.04275,0.0002,0.09233078799370302
0.3,True,polarized,1,0.4621093539575557,0.24812315898111048,0.055,-0.02923537337165437,0.4877849203358872,0.29743802779755596,0.18,0.18387651849787104,0.49092380863478047,0.5845600000000001,1.076535,0.87615,0.11945,0.0044,0.14694071019773378
0.3,True,polarized,2,0.4390211572718923,0.22581019011085232,0.05,0.027917301005231262,0.4921350753683468,0.30258433806504514,0.19,0.1836154024968662,0.49833083285535595,0.58642,1.072915,0.87775,0.1177,0.00455,0.17052377259265236
0.3,True,polarized,3,0.4647525690891166,0.24599552480426826,0.04,0.036309314857597155,0.47002305748588996,0.28083031286832577,0.15,0.1834869232332416,0.4758014933106709,0.585285,1.07094,0.8751,0.1201,0.0048,0.16322647109634134
0.3,True,polarized,4,0.4457318792094358,0.22769584341271115,0.04,-0.0015099599545707364,0.44057950260740725,0.25344368580460275,0.14,0.18379347408088934,0.43762050178398965,0.58399,1.0689250000000001,0.87085,0.1244,0.00475,0.13872095440374302
0.3,True,polarized,5,0.4299654698839079,0.21250785446129222,0.035,-0.011604703563865256,0.4513691637793232,0.2687345870366017,0.155,0.1834046780230425,0.4565035342485192,0.585175,1.06458,0.8721,0.12285,0.00505,0.15577665412949648
0.3,True,polarized,6,0.44027378650388377,0.2201940366613596,0.035,-0.008689932466689214,0.46682401386745903,0.2797291196051566,0.175,0.18360929944042517,0.4746968836166534,0.579335,1.0614850000000002,0.85975,0.1348,0.00545,0.1377636833947623
0.3,True,polarized,7,0.43720980973696527,0.22493001508086344,0.055,-0.03185876749798406,0.4675929314168843,0.28155503781739377,0.165,0.18256154644045852,0.479483406204061,0.587955,1.07704,0.88145,0.1132,0.00535,0.155975298527169
0.3,True,polarized,8,0.463505026077255,0.24729290098251702,0.07,-0.03212312973960639,0.4815769809611375,0.29115143511659525,0.2,0.1840818475847552,0.485483794917065,0.587115,1.07447,0.88085,0.1152,0.00395,0.15685409013714469
0.3,True,polarized,9,0.44141227771727415,0.23184203603666512,0.06,0.025830080928482557,0.44644768155317704,0.26299892904667294,0.135,0.18398644380478962,0.44901999753073385,0.58647,1.080705,0.88025,0.11565,0.0041,0.1461680360356107
0.3,True,polarized,10,0.4635264696207893,0.24472877367920404,0.065,-0.017079166239834194,0.4619744234350735,0.2743457178727713,0.135,0.1838544564997946,0.47746770973043007,0.585515,1.0805300000000002,0.88135,0.1145,0.00415,0.1421263045355753
0.3,True,polarized,11,0.44707385905319064,0.23128299299290553,0.055,-0.01095117029180598,0.4370532802050824,0.2645787087787154,0.16,0.18319080091393086,0.4417129503847404,0.586785,1.0707300000000002,0.8767,0.1183,0.005,0.14665196109863987
0.3,True,polarized,12,0.428217770535313,0.21397447763623795,0.055,-0.050177366634731255,0.44562151262370864,0.264412582941285,0.165,0.18247881508350286,0.44944217431541333,0.5848200000000001,1.069045,0.8734,0.12075,0.00585,0.15005904707186413
0.3,True,polarized,13,0.4693369837503766,0.24821630241656542,0.07,-0.04100654569495281,0.4903185597282837,0.3009763192743085,0.195,0.18328389589428476,0.5000326777806824,0.58209,1.070255,0.86935,0.12535,0.0053,0.15127181552131852
0.3,True,polarized,14,0.4631197844906603,0.2433649876759857,0.025,-0.0477651669167372,0.4581965673582862,0.26524100322440575,0.105,0.18373685635348655,0.46024822928975845,0.58529,1.0695450000000002,0.87615,0.1193,0.00455,0.15309018462958454
0.3,True,polarized,15,0.4474111069081384,0.230413328174401,0.05,0.06585502826771243,0.46794341936550127,0.27174421364315665,0.125,0.18386557659853406,0.4607137647103275,0.5837450000000001,1.071485,0.8714,0.12395,0.00465,0.16336612355876678
0.3,True,polarized,16,0.45533675236387483,0.23594630636093367,0.04,-0.006247312523384283,0.4979953633904915,0.3091344634517725,0.18,0.18427189657394785,0.5069110308188902,0.5843400000000001,1.08325,0.87865,0.11745,0.0039,0.16782226251433913
0.3,True,polarized,17,0.45630215240500116,0.23493236320510164,0.025,-0.0010504928379285695,0.48632378772462076,0.29528893276600243,0.16,0.1834167275578788,0.49723924055882096,0.584505,1.07834,0.8774,0.11785,0.00475,0.15976079455835104
0.3,True,polarized,18,0.42747711989218545,0.21583154044938205,0.03,0.006191553911922392,0.4387199510875731,0.25717641470966873,0.155,0.18284839944436418,0.4396301528118143,0.5837650000000001,1.072165,0.874,0.12055,0.00545,0.1512701316602108
0.3,True,polarized,19,0.44066577385672895,0.22253297193536292,0.05,-0.06089753728457569,0.46524266257788766,0.2706403845123741,0.17,0.18345149567873803,0.4646478562601324,0.5827749999999999,1.07105,0.87185,0.12315,0.005,0.155094554486681
0.3,True,polarized,20,0.4552535684390544,0.2380096607863572,0.045,-0.06972877116386444,0.46052139419147164,0.26759889633615486,0.15,0.18343369257075523,0.45811012571994275,0.586325,1.07077,0.8773,0.11795,0.00475,0.15979161304958645
0.4,True,polarized,1,0.44259510632144733,0.22952687351615927,0.05,-0.02329866794034242,0.5209116953420065,0.3291730051665438,0.225,0.23409496600336951,0.5315879438555606,0.5529550000000001,1.043725,0.79075,0.1924,0.01685,0.18890906860296994
0.4,True,polarized,2,0.44506008975488653,0.22642260915116882,0.045,0.020619749927773556,0.4878320001394373,0.2981055971142495,0.2,0.23310082093312018,0.4819844299430172,0.54834,1.0335150000000002,0.78695,0.19525,0.0178,0.1771760667265175
0.4,True,polarized,3,0.46800646236916377,0.24688980791627377,0.04,0.026499482220911755,0.5128202031097323,0.3212340327654573,0.185,0.23497905124870028,0.5047329243651195,0.54789,1.0329350000000002,0.78105,0.20215,0.0168,0.17377568739306448
0.4,True,polarized,4,0.4483187954779285,0.23227293523317954,0.06,0.012245092701833184,0.4837433764878712,0.2936797806689574,0.145,0.23483878194439023,0.4833961200301362,0.548035,1.031885,0.783,0.2003,0.0167,0.1810772492972262
0.4,True,polarized,5,0.4497837573683408,0.23601451696118686,0.065,0.00600285176013785,0.5118331735084276,0.3256536139441697,0.215,0.23372155389429403,0.5178565432370921,0.547945,1.026045,0.78545,0.1971,0.01745,0.16445409409659292
0.4,True,polarized,6,0.43938084017345574,0.22411980423224598,0.04,0.019186864448012854,0.47158099657936065,0.28497230979159854,0.125,0.2337354478595055,0.47438714561849,0.5487050000000001,1.030315,0.7873,0.1954,0.0173,0.1739502876611857
0.4,True,polarized,7,0.4689709499441429,0.2470404127155373,0.035,-0.06788455532932414,0.5250284045714986,0.3313122483991801,0.225,0.23615265776992267,0.5355804269705441,0.5554749999999999,1.042795,0.79865,0.18645,0.0149,0.17029181917654568
0.4,True,polarized,8,0.43685838312330255,0.22122102644144842,0.02,-0.0003075551674293742,0.48637727228939953,0.29546143506896116,0.145,0.23270363062919747,0.4902859026852737,0.5460350000000002,1.031055,0.7793,0.20225,0.01845,0.1777240096017474
0.4,True,polarized,9,0.4423439645367209,0.22625541467866925,0.05,-0.007362055274606165,0.4979633815978638,0.31692363432400555,0.23,0.2350734452153877,0.5059909877244744,0.55427,1.047385,0.79425,0.1897,0.01605,0.19096453581395745
0.4,True,polarized,10,0.44216754884930964,0.22594590723942176,0.04,0.020981883251356494,0.49811844665799454,0.3091356274566618,0.215,0.23469814598081704,0.5021475108132062,0.5518100000000001,1.04488,0.7917,0.1919,0.0164,0.18104017909141298
0.4,True,polarized,11,0.45427470387192165,0.23784110547678303,0.055,-0.014200284699062996,0.5182230543583198,0.33282214074569005,0.225,0.23176167753608787,0.5163315273696562,0.5489050000000001,1.030715,0.78775,0.19345,0.0188,0.1730421776904744
0.4,True,polarized,12,0.46350873011911764,0.24457564893626418,0.04,-0.025818097632106973,0.4990012593690743,0.3099307864372331,0.19,0.23546130734416215,0.495249752820763,0.55371,1.0366849999999999,0.7913,0.19295,0.01575,0.16831962475770076
0.4,True,polarized,13,0.44096411969326094,0.22692600695356824,0.05,-0.055339661292626206,0.5049368745779721,0.3144577282987175,0.19,0.23353046951961554,0.4981311497519794,0.55159,1.038925,0.78925,0.1934,0.01735,0.17279948856726005
0.4,True,polarized,14,0.4625013894160379,0.24498817059253247,0.05,-0.05156096221063306,0.5100734580711284,0.32236308839360445,0.23,0.23360611576969006,0.5044221982205205,0.5518700000000001,1.03482,0.78935,0.19335,0.0173,0.18090150877930372
0.4,True,polarized,15,0.44906758049910567,0.22678565001662224,0.04,0.07571996462279773,0.5042764119481548,0.3161371153611487,0.19,0.23481435707920684,0.510020192569156,0.5493150000000001,1.0354750000000001,0.7849,0.19845,0.01665,0.18241550767046533
0.4,True,polarized,16,0.45442353068718944,0.2338066065994539,0.025,-0.01868724179706646,0.49475869685259616,0.30417524297186294,0.17,0.23606507403015797,0.4954374670819486,0.555505,1.0531750000000002,0.79625,0.1886,0.01515,0.18746963008906437
0.4,True,polarized,17,0.4676115554008918,0.25285190657374323,0.045,0.025129216967629837,0.5256528559201182,0.3307644352834151,0.205,0.2346754563313498,0.5239998255488733,0.555335,1.0485200000000001,0.79955,0.1844,0.01605,0.19409719734271044
0.4,True,polarized,18,0.4415211015697797,0.2327911839115474,0.08,0.016961450882882943,0.49875388461338926,0.3158173126939971,0.225,0.23337061418326877,0.5050328255884184,0.5528700000000001,1.04017,0.79435,0.1884,0.01725,0.17856660737438618
0.4,True,polarized,19,0.447698461625999,0.23214278618676565,0.055,-0.06787758647487481,0.490321858321654,0.30151732757913596,0.2,0.2342386631376845,0.4949118132380093,0.55171,1.03929,0.79625,0.1873,0.01645,0.18026481878131237
0.4,True,polarized,20,0.45176764568116157,0.23316909760504076,0.05,-0.055713895515252604,0.4952396428910905,0.30695937319966904,0.2,0.23377994440112565,0.4999159667495918,0.54816,1.030885,0.78235,0.2001,0.01755,0.19885515691902256
0.5,True,polarized,1,0.46048516106069953,0.2436889807046979,0.07,0.024698645889044614,0.5706847629759831,0.38804452120622185,0.315,0.2732502416214859,0.5756601828385624,0.5271650000000001,1.0176999999999998,0.7285,0.23915,0.03235,0.21076515656318812
0.5,True,polarized,2,0.4679129727988381,0.25293906320774456,0.06,0.002318900438795408,0.5756494401925804,0.39695775739507533,0.33,0.2730665667194569,0.5671778028712993,0.5230700000000001,1.0075899999999998,0.7255,0.24185,0.03265,0.20997310721437423
0.5,True,polarized,3,0.4590285225297845,0.2439337525844193,0.075,-0.002539894767003772,0.5613341719165015,0.3832258394575953,0.305,0.27342552479821713,0.5650956785070492,0.5216900000000001,1.006675,0.7264,0.2411,0.0325,0.19724887608627398
0.5,True,polarized,4,0.45359134546696,0.2379003579019715,0.06,0.020475715098764006,0.5626717110120801,0.3858019719420578,0.32,0.2696262505603023,0.562007084614273,0.5202100000000001,1.00378,0.72145,0.24315,0.0354,0.21595919736880376
0.5,True,polarized,5,0.4588302620595263,0.23993824414521264,0.045,-0.04148130619405348,0.5771503457902851,0.3903266517470915,0.285,0.27125960120295356,0.5684867503279328,0.5143650000000001,0.992295,0.709,0.2563,0.0347,0.21049409494569304
0.5,True,polarized,6,0.43381044088646237,0.21964750031529598,0.04,0.01649838217596964,0.5358404254282237,0.35187586418940553,0.255,0.2671305394733854,0.5361032551466444,0.5163650000000001,0.99787,0.7157,0.24735,0.03695,0.20445115088889565
0.5,True,polarized,7,0.44752590028531747,0.23037704985208748,0.035,-0.04673305398201261,0.5628804393074391,0.38160978836408405,0.305,0.2712743004856749,0.5595969289313953,0.5230300000000001,1.0100799999999999,0.72435,0.24175,0.0339,0.195313313174023
0.5,True,polarized,8,0.4657262864188904,0.25252274796990976,0.065,0.021239957999325442,0.5488790130764822,0.3652482322001629,0.28,0.27513499399006436,0.5342942280635803,0.5264200000000001,1.0110999999999999,0.72585,0.24305,0.0311,0.2056274812262076
0.5,True,polarized,9,0.44967908730450645,0.2239625337136864,0.015,-0.07902586793133314,0.5825222742013597,0.3922910033991803,0.32,0.27529131938744905,0.5851708927474222,0.52258,1.01511,0.71555,0.25265,0.0318,0.20853545452598954
0.5,True,polarized,10,0.4795323417689582,0.2571342839262011,0.05,0.02864845954499016,0.591844292139262,0.40892131048733327,0.34,0.27580044788727387,0.5837349628277343,0.5291750000000001,1.0219699999999998,0.732,0.23745,0.03055,0.21069354163676166
0.5,True,polarized,11,0.4443578531338093,0.23888143479894616,0.08,0.008480210285596477,0.5459744357256545,0.37050249275394237,0.34,0.2706963919213317,0.5504006001620017,0.5174700000000001,0.9981899999999999,0.70915,0.25595,0.0349,0.20083583734586735
0.5,True,polarized,12,0.45393374110950335,0.232314352966151,0.04,-0.03710331001235471,0.5573911357019806,0.3713571648791914,0.27,0.27051947613081984,0.5503419561359237,0.518375,1.000595,0.7126,0.2525,0.0349,0.19989548080378772
0.5,True,polarized,13,0.4575527360581732,0.23486515247629583,0.03,-0.08126677297122967,0.5515173762664868,0.36620649095864877,0.325,0.26965107002973493,0.5347073741945185,0.5212600000000001,1.0080149999999999,0.7222,0.24265,0.03515,0.23563416439189538
0.5,True,polarized,14,0.4403824602508201,0.22160210970243313,0.035,-0.024734015935492334,0.5496027052071613,0.36513163674574967,0.305,0.2705853491550147,0.5387583776225982,0.5152850000000001,0.99738,0.70585,0.2588,0.03535,0.19869356231989332
0.5,True,polarized,15,0.47517072556159107,0.251987596543375,0.04,0.0768845193263343,0.5715051409723239,0.38153102023721613,0.315,0.2722877298075105,0.5702216274109501,0.52644,1.011855,0.7268,0.2401,0.0331,0.19933931323657547
0.5,True,polarized,16,0.4496263661614283,0.23166494919040828,0.055,-0.06228305016785779,0.5468778345395862,0.3613057488109385,0.275,0.2725215325701378,0.5415083742544301,0.52982,1.027265,0.72985,0.2374,0.03275,0.18872979122887099
0.5,True,polarized,17,0.44545099910857117,0.2208030467009106,0.025,-0.0033017193352968023,0.5658572055121731,0.38194812969993336,0.275,0.27286194336736247,0.5590975833453815,0.5251100000000001,1.0180099999999999,0.72155,0.24545,0.033,0.20891012294143177
0.5,True,polarized,18,0.4509673899258948,0.23456662531406303,0.065,0.032067008614063724,0.552172630723961,0.3755617043190335,0.305,0.273492227411189,0.543408247848928,0.5257000000000001,1.0127549999999998,0.72905,0.2387,0.03225,0.2045721893817257
0.5,True,polarized,19,0.44389221996904493,0.2271082591903953,0.03,-0.04059283890892753,0.5275969734670202,0.3522832656496822,0.315,0.2720599386240168,0.5230077304926961,0.520685,1.0077149999999997,0.7145,0.25165,0.03385,0.2117993015193789
0.5,True,polarized,20,0.43225041483795534,0.21959928312360547,0.035,-0.04824550149013331,0.5522385441149222,0.37813715673415116,0.355,0.27246204806636504,0.5550724570239572,0.5217200000000001,1.0037999999999998,0.7153,0.25125,0.03345,0.21214413060630954
0.6,True,polarized,1,0.4545360424017031,0.23514839953291022,0.03,0.010187115178843924,0.6318898466550632,0.46074899398349856,0.405,0.29943864523976566,0.6229252875005841,0.50705,0.9945699999999996,0.68685,0.26235,0.0508,0.20963213529277006
0.6,True,polarized,2,0.4725342845615353,0.2529573927795747,0.07,0.03405470521982212,0.6404489857848154,0.4685832302974734,0.45,0.29676673139745874,0.6324556733426924,0.504375,0.9846999999999995,0.6815,0.266,0.0525,0.2035531894574185
0.6,True,polarized,3,0.45761363660708476,0.2391159618735465,0.01,0.005044392132639066,0.6294424632756587,0.4558806226001315,0.41,0.3036949708515365,0.6254634083795413,0.50031,0.9822049999999996,0.6772,0.274,0.0488,0.20636002699887712
0.6,True,polarized,4,0.4646253248808618,0.24568238660323088,0.055,-0.014290385571691171,0.6305841685069743,0.45590457344465835,0.405,0.29707662006455726,0.6175192471825203,0.502245,0.9824549999999994,0.67915,0.26855,0.0523,0.2000944878460518
0.6,True,polarized,5,0.4387637702758643,0.22275676977562406,0.045,-0.019676740636292257,0.5975998228876713,0.4271717297392063,0.38,0.29595294529068367,0.5930150474788191,0.4957000000000001,0.9697899999999996,0.6678,0.27855,0.05365,0.202953640250825
0.6,True,polarized,6,0.45851037522281013,0.23917764928313504,0.03,0.007095792622559272,0.6297248184968939,0.45700301346097527,0.41,0.2968937552928816,0.617689535848953,0.4978850000000001,0.9752349999999994,0.6695,0.2777,0.0528,0.20615434051869733
0.6,True,polarized,7,0.4593412078292812,0.24115205331933198,0.05,-0.02727403520573295,0.6261579652392883,0.4607836612330209,0.435,0.29842789594422753,0.6097601153124697,0.50503,0.9891149999999996,0.6852,0.26335,0.05145,0.20623845579940203
0.6,True,polarized,8,0.4473869170599704,0.23163205498157033,0.055,-0.00452119046185615,0.606579168219407,0.43406506123993943,0.405,0.29728965629071774,0.600492428398423,0.501685,0.9816649999999992,0.67345,0.2738,0.05275,0.23053680057018228
0.6,True,polarized,9,0.456646780697385,0.24212018173453437,0.05,0.0046049406081627485,0.6035658596696538,0.43686800137981435,0.41,0.2988981002985481,0.5876636218674737,0.50314,0.9920399999999995,0.67775,0.27075,0.0515,0.21173833416497126
0.6,True,polarized,10,0.43840792991061023,0.22231767583556875,0.04,0.017435414681317568,0.6216529767323431,0.44968661699268186,0.425,0.29969277987610565,0.6081077616032722,0.50417,0.9928099999999993,0.67985,0.26915,0.051,0.23235824836327193
0.6,True,polarized,11,0.46152482833207203,0.2442021151307967,0.06,-0.004681915494052316,0.6391681251182041,0.46240479306366666,0.445,0.2953746976940819,0.6262765100458156,0.49945000000000006,0.9775649999999996,0.67725,0.26925,0.0535,0.20878249827172313
0.6,True,polarized,12,0.43871970641649755,0.22239836547957648,0.045,-0.021958540915420363,0.5987436286868918,0.4338859711307799,0.405,0.2944077517216157,0.5940713920740889,0.495145,0.9734399999999994,0.66845,0.27695,0.0546,0.20338223765769667
0.6,True,polarized,13,0.4730414415328882,0.24755457500197303,0.045,-0.09345804723261648,0.669284865990981,0.48468427802028374,0.46,0.30198115326852476,0.6497717898909688,0.50983,0.9930899999999994,0.6901,0.261,0.0489,0.20462774748977552
0.6,True,polarized,14,0.44741620210008004,0.23342568675245381,0.065,-0.07319740012392334,0.6195083991271007,0.44871156632506326,0.435,0.2948889033347975,0.6072298937548897,0.495865,0.9748299999999994,0.67255,0.27325,0.0542,0.21107828542220922
0.6,True,polarized,15,0.440478610859586,0.22792637618964023,0.035,0.0537937987492972,0.6139650357875113,0.4412845260000585,0.39,0.2988005835142013,0.6092252674906843,0.49753000000000003,0.9797949999999996,0.6673,0.2806,0.0521,0.22471090023875845
0.6,True,polarized,16,0.45345341755572505,0.23468832843896892,0.055,-0.056900967092089784,0.6180276023056984,0.4417120462674613,0.4,0.3018435221603839,0.6060578539888712,0.51141,1.0061799999999996,0.68915,0.2619,0.04895,0.23032823936159297
0.6,True,polarized,17,0.4503915660189388,0.23269058392257003,0.035,-0.008953594575288574,0.6248007186817077,0.4564158720921783,0.41,0.3031381509408777,0.6209225768061675,0.5083500000000001,0.9977149999999995,0.6854,0.26615,0.04845,0.22552739153495346
0.6,True,polarized,18,0.45329938357950256,0.24015021720523821,0.045,0.02493823114274742,0.6433151383196524,0.4692863443396344,0.45,0.3006012720977138,0.629322919261147,0.5080550000000001,0.9912499999999994,0.6874,0.2627,0.0499,0.21638225957387788
0.6,True,polarized,19,0.44520620697087343,0.22571015615309656,0.04,-0.07853312262140742,0.6338875314269695,0.4535415779887619,0.395,0.29999433074035864,0.6330475560909457,0.50417,0.9877999999999996,0.67505,0.2739,0.05105,0.18691408158056663
0.6,True,polarized,20,0.4415455065385753,0.22933456303056166,0.055,-0.04216787694207504,0.598212917249015,0.42696002738820177,0.4,0.2988318211833898,0.588613584872292,0.4980550000000001,0.9772249999999996,0.67005,0.27815,0.0518,0.20094472233047578
0.7,True,polarized,1,0.4351150556857232,0.21918458947745806,0.06,0.015154178997798463,0.659414176852623,0.4974566554576402,0.5,0.321000057258797,0.6465726174427527,0.47995000000000004,0.9586699999999989,0.62275,0.30815,0.0691,0.21597558101976805
0.7,True,polarized,2,0.4595368272727025,0.24352061892354512,0.06,0.034018692941929156,0.6736505317938062,0.515627272671484,0.53,0.32103260828911473,0.6589973666612755,0.48190000000000005,0.9576549999999991,0.642,0.28995,0.06805,0.1978675158851464
0.7,True,polarized,3,0.4448154889617906,0.2287610707246229,0.04,0.030313221360878818,0.6779462772325728,0.5223797405566268,0.525,0.31647949823492594,0.6665923852971002,0.48133000000000004,0.9562049999999991,0.64035,0.28885,0.0708,0.22541157461624586
0.7,True,polarized,4,0.437631458728962,0.22285653611601497,0.03,-0.00037518902171902903,0.6799961867246351,0.5224820664750272,0.53,0.31672380945824885,0.6642197793182413,0.4820650000000001,0.9557799999999992,0.6408,0.28905,0.07015,0.2178906564330989
0.7,True,polarized,5,0.4534111874837574,0.24011393319852203,0.05,0.005686476529341225,0.6682869714547747,0.507245848721545,0.52,0.30677477820447063,0.6484742506275734,0.4733200000000001,0.9434899999999993,0.6432,0.28075,0.07605,0.20770194522971322
0.7,True,polarized,6,0.46338691072747806,0.252516248464023,0.08,0.0031252190212672113,0.6880927958832751,0.5349104492567731,0.55,0.3166699279579726,0.6730783512587513,0.48630500000000004,0.9601299999999992,0.65765,0.2729,0.06945,0.19949125780685315
0.7,True,polarized,7,0.46398049899210553,0.24437763410993493,0.055,-0.06889051901253347,0.6549409930399673,0.4902469339377015,0.49,0.31752824996299644,0.6322765906075878,0.47727500000000006,0.9551049999999992,0.63495,0.29475,0.0703,0.2351969502489063
0.7,True,polarized,8,0.42865358611815757,0.21792782562905452,0.04,0.045936502767956675,0.6646740253465349,0.5069367564987258,0.505,0.31610532477973524,0.6488645945765067,0.48525000000000007,0.9589299999999992,0.64355,0.28615,0.0703,0.2372254309822469
0.7,True,polarized,9,0.4486736928932652,0.23663877551995027,0.055,-0.027120681857812974,0.6840745270387205,0.5233731011793904,0.51,0.32064599432583224,0.6673651882638102,0.489255,0.9737299999999991,0.65115,0.28175,0.0671,0.2214392460778342
0.7,True,polarized,10,0.4612247191926606,0.24739505430707603,0.055,0.03390875035044817,0.6754157706497618,0.5143183807769869,0.515,0.315598757839395,0.6632955458019513,0.49129999999999996,0.975474999999999,0.656,0.274,0.07,0.2085288130287643
0.7,True,polarized,11,0.4726269181347255,0.2552992956320025,0.075,0.008081922650608532,0.7008075020000415,0.5413067954247386,0.54,0.31526338109100066,0.6758808415220556,0.4780250000000001,0.9513749999999992,0.64265,0.2861,0.07125,0.20070211985689027
0.7,True,polarized,12,0.43266880718712664,0.2192687738650747,0.03,-0.04602099090419136,0.65485212613584,0.4955971201040299,0.48,0.31670088977832356,0.6414903450712273,0.48298500000000005,0.9578699999999992,0.64975,0.28045,0.0698,0.1952797601685514
0.7,True,polarized,13,0.47431528908607845,0.24411768068807815,0.03,-0.10746647542750992,0.708064599981426,0.5351273529018539,0.555,0.32439915002151454,0.6913121346355289,0.49152,0.9716449999999992,0.65805,0.2771,0.06485,0.2199001500702725
0.7,True,polarized,14,0.4652353210874577,0.2530994474853216,0.075,-0.008287487190400379,0.688008799348297,0.5340376747043504,0.54,0.3157484283063587,0.6724917322366335,0.488645,0.9617699999999992,0.65655,0.27355,0.0699,0.2233457132133134
0.7,True,polarized,15,0.4479088250758598,0.22722514344817565,0.045,0.07227677367399152,0.6847095331645704,0.5243392385014783,0.525,0.3191986652086692,0.6707529374726328,0.48485,0.9598049999999989,0.63985,0.2909,0.06925,0.19819804440835476
0.7,True,polarized,16,0.42789752788724444,0.21608020086310312,0.03,-0.04793081417334158,0.6601338780873286,0.5007202938746985,0.455,0.32129356490975197,0.6437705150761437,0.49048,0.977044999999999,0.6463,0.28645,0.06725,0.219837591772463
0.7,True,polarized,17,0.4466792428065007,0.2277408775844873,0.04,-0.0077073960015819985,0.6797019656957011,0.5206338040148683,0.525,0.32217284784560163,0.6584021328379046,0.49168500000000004,0.9736299999999991,0.6494,0.28345,0.06715,0.20871063724991729
0.7,True,polarized,18,0.4519509616364037,0.22737412223964498,0.02,0.029557557401558618,0.6878357706564607,0.5233578233183692,0.49,0.31724348137129366,0.6601574339032106,0.48137500000000005,0.9581249999999991,0.6375,0.2923,0.0702,0.24438600385595577
0.7,True,polarized,19,0.47206982330356534,0.2547815806745217,0.065,-0.10286163990806374,0.6942473335695948,0.5237039919367463,0.52,0.3226058977690751,0.6778260880473718,0.49131,0.9678749999999993,0.6529,0.28075,0.06635,0.20958555404985207
0.7,True,polarized,20,0.45938929468010586,0.24425435761716166,0.065,-0.07401526146848961,0.6683773501607553,0.5027132188387919,0.54,0.31834211240486154,0.6513586329266983,0.48776,0.9626849999999993,0.65835,0.27335,0.0683,0.23077028287998425
0.85,True,polarized,1,0.4562699655906438,0.2432032972942706,0.06,-0.025873495279503052,0.7277409233678191,0.5795574540252906,0.61,0.3358222592742203,0.7068356490850737,0.46239,0.9342899999999988,0.61225,0.2923,0.09545,0.20291305216541097
0.85,True,polarized,2,0.46742170496737756,0.25159076587743856,0.045,0.056406600227757266,0.7560138972140806,0.6106637340202968,0.685,0.3410760585920457,0.7298303936602892,0.46653500000000003,0.935729999999999,0.62615,0.28205,0.0918,0.2117953978259312
0.85,True,polarized,3,0.4632938444324122,0.2516617390417492,0.06,0.06164045589442727,0.7373308300061688,0.593554030109833,0.615,0.33719612399053916,0.7166859157714102,0.45763,0.9251599999999989,0.6092,0.29525,0.09555,0.2210697971505599
0.85,True,polarized,4,0.4323986372514453,0.2167200331896311,0.025,-0.0018301414562354834,0.7213793433621322,0.5753652710623708,0.595,0.33471533159781486,0.6960010532179618,0.46304500000000004,0.9283699999999988,0.61505,0.2893,0.09565,0.21722759943192893
0.85,True,polarized,5,0.46678177856878345,0.2523877403818524,0.055,-0.04382050309636565,0.7430052515879407,0.6056321269821288,0.68,0.33536599047910665,0.7146881015920399,0.457,0.9189849999999989,0.61275,0.2921,0.09515,0.20991321571437888
0.85,True,polarized,6,0.4473232035079107,0.23467721509754733,0.055,-0.0001007483514295715,0.7421978200499575,0.6016767857427782,0.675,0.3395211537223968,0.7180745399605005,0.46266000000000007,0.928289999999999,0.6205,0.2861,0.0934,0.2082744027162708
0.85,True,polarized,7,0.46763610718326354,0.25219213488866077,0.065,-0.05531240575538098,0.7615337543731777,0.6173146910828546,0.665,0.33812196332523703,0.7402254527657438,0.47748000000000007,0.9457799999999988,0.6385,0.2691,0.0924,0.2133009812539969
0.85,True,polarized,8,0.4364984443735831,0.21793024292393973,0.04,-0.011655316593484049,0.7495323168149532,0.615691151149389,0.685,0.3367525597369423,0.7261011768734295,0.464025,0.9267249999999989,0.6096,0.29585,0.09455,0.23312011004235914
0.85,True,polarized,9,0.44183425170700175,0.22793384188699303,0.055,-0.005901322460485588,0.70477169259565,0.5572288343828414,0.575,0.3415995183958244,0.679224879115753,0.46929000000000004,0.9406149999999989,0.61275,0.2949,0.09235,0.23398674397800395
0.85,True,polarized,10,0.46060569824802966,0.24726180893293986,0.095,0.028038138562830345,0.7372985631780067,0.5974652213362841,0.625,0.3420742969876842,0.7095286201753274,0.4708500000000001,0.9421549999999986,0.6146,0.29285,0.09255,0.23934973744548338
0.85,True,polarized,11,0.4487001096647608,0.23548762412625174,0.06,-0.010915190106203912,0.7326823406831425,0.5959354714907381,0.665,0.3356057951540906,0.7082289153744008,0.45472500000000005,0.9188849999999988,0.6059,0.29795,0.09615,0.2230047117246796
0.85,True,polarized,12,0.4441964736986444,0.22227298619874283,0.04,-0.06799879153992511,0.7445026466792382,0.5980592102277369,0.65,0.3350620934034066,0.7191782040191943,0.46161500000000005,0.9267199999999989,0.61685,0.28745,0.0957,0.20877115690275438
0.85,True,polarized,13,0.4355923082125894,0.21803138211287088,0.025,-0.07608016988075411,0.7266924251865078,0.5792607956472664,0.62,0.33811784235009035,0.6957286404963393,0.463715,0.9301849999999987,0.60875,0.297,0.09425,0.23791420127660323
0.85,True,polarized,14,0.4483420196825587,0.23407741109241337,0.055,-0.07782385016656468,0.7299270759210404,0.5855389612457266,0.625,0.33300128823351854,0.7079673149008961,0.45672,0.9207699999999989,0.60795,0.29455,0.0975,0.19386801162162898
0.85,True,polarized,15,0.45752745679504175,0.2379409496157593,0.055,0.08547049810544703,0.759903728830177,0.617501556941699,0.68,0.3373759203271729,0.7302735843610904,0.4677,0.9333599999999987,0.61935,0.28635,0.0943,0.23708200043682404
0.85,True,polarized,16,0.4548435584566694,0.23601341878560284,0.06,-0.06295541590407186,0.7497872189541994,0.6032127311165995,0.645,0.34470043116941473,0.7177892030719333,0.4817600000000001,0.9591899999999987,0.6334,0.2768,0.0898,0.2508027367918393
0.85,True,polarized,17,0.44743460177517574,0.2320148590068618,0.055,-0.017347206647603742,0.7336632330736462,0.5910065757518257,0.64,0.34322417576551856,0.7139083216138096,0.473425,0.9456099999999986,0.6213,0.28705,0.09165,0.22428145636525518
0.85,True,polarized,18,0.443090964046323,0.22356192277881615,0.05,0.07663559973946805,0.7632978667190777,0.6187630691828989,0.655,0.3420574140264398,0.7360377935826152,0.471115,0.9377399999999987,0.61985,0.28825,0.0919,0.2196249232826165
0.85,True,polarized,19,0.4426190996610261,0.22341924544951097,0.055,-0.10922451659340342,0.7206864725235058,0.5718645154797373,0.64,0.3328299605996021,0.7043111839973204,0.467735,0.9333399999999986,0.61805,0.2856,0.09635,0.19836610779639394
0.85,True,polarized,20,0.448773685501883,0.23021471665885493,0.035,-0.07335652127241189,0.7586233785025753,0.6198457417956217,0.68,0.33697028628372244,0.7386387484271496,0.46114,0.9243699999999987,0.6117,0.2935,0.0948,0.22175134682400266
1.0,True,polarized,1,0.4485342941889595,0.233343097041409,0.04,-0.0017712307137755302,0.7846381292788805,0.6643350173180701,0.75,0.3542164622643641,0.7577878812364861,0.45144000000000006,0.9124549999999987,0.5955,0.28905,0.11545,0.19415129707935116
1.0,True,polarized,2,0.43333633473115113,0.21386495186435872,0.03,0.05335763355213221,0.7928054825075875,0.6713982117921902,0.785,0.3470350072866497,0.7712929536376387,0.44281000000000004,0.8981399999999988,0.58765,0.293,0.11935,0.20724603433498465
1.0,True,polarized,3,0.45223720388170136,0.23651401205492648,0.045,0.02208347189251149,0.798214589008056,0.6799119470207734,0.755,0.3531098323506928,0.766477340545271,0.45523,0.9109399999999986,0.6062,0.27915,0.11465,0.24292488499200807
1.0,True,polarized,4,0.45511179116482636,0.2409989334206896,0.04,0.017931995689902325,0.7664183493994596,0.6519384018939641,0.74,0.3488262548770918,0.7376822544756243,0.44374,0.8997799999999987,0.59205,0.29,0.11795,0.1974135607120195
1.0,True,polarized,5,0.4440262313069803,0.22314328386804327,0.015,-0.02037926586085744,0.7761573026456446,0.6560374847186167,0.745,0.3494104521296727,0.7453994578727086,0.4345550000000001,0.8851699999999988,0.57855,0.303,0.11845,0.20225403927301136
1.0,True,polarized,6,0.46399035166708913,0.24818717437588883,0.055,0.003787761137720762,0.7966660229545107,0.6816641846174752,0.77,0.3484323531368256,0.7654835922772335,0.45120000000000005,0.9056349999999986,0.60795,0.2751,0.11695,0.21708410875949294
1.0,True,polarized,7,0.4323794488019674,0.21458945563538112,0.03,-0.06503565969537824,0.7861016455735403,0.6590985685025249,0.75,0.35585314705646065,0.7512928859157673,0.453565,0.9096299999999988,0.5972,0.28845,0.11435,0.226040341494915
1.0,True,polarized,8,0.45692486727402565,0.2369084961740085,0.04,-0.003462938557285806,0.7837581989166625,0.6595278068880746,0.745,0.35409184363479923,0.7560423671365853,0.4472,0.9034099999999988,0.5934,0.29085,0.11575,0.19196232465390384
1.0,True,polarized,9,0.43034695182350224,0.21541585062831645,0.04,-0.03542042906722272,0.7524876816152368,0.624784388131288,0.69,0.35186906118352146,0.7181219806320018,0.44192,0.9030949999999988,0.57525,0.30655,0.1182,0.22526125434665353
1.0,True,polarized,10,0.458128720332769,0.23868470307134212,0.03,0.03390052741380244,0.8159798997197152,0.7005281822617241,0.82,0.363276502564395,0.7896752295021412,0.46376000000000006,0.9282099999999985,0.6123,0.2779,0.1098,0.2227925323571344
1.0,True,polarized,11,0.44925320251200473,0.22941741714974132,0.035,0.013024425754974858,0.7780438775171292,0.6555658527909531,0.735,0.3566832509114317,0.7465593886147454,0.44273,0.8977199999999986,0.58855,0.29695,0.1145,0.23254307219937057
1.0,True,polarized,12,0.46008123470839807,0.2410352989759198,0.065,-0.09969663379505857,0.7695134879981773,0.6356330851604565,0.705,0.3499325441763426,0.7450174253954706,0.4382350000000001,0.8933699999999988,0.58425,0.2971,0.11865,0.19804720949144222
1.0,True,polarized,13,0.4581909815594331,0.24220126793944638,0.075,-0.07855921931645601,0.7760080387340333,0.6468715109320065,0.77,0.3534298816264696,0.741505897820517,0.44884,0.9070049999999986,0.59435,0.28955,0.1161,0.2052976073211801
1.0,True,polarized,14,0.4576126584695549,0.236809736944808,0.04,-0.04514549151162158,0.7677144725516001,0.6438809802684206,0.71,0.3464237190671328,0.7377571401695809,0.44143,0.8982149999999988,0.5936,0.2874,0.119,0.25080881490437484
1.0,True,polarized,15,0.4479942926268032,0.22688763509208357,0.055,0.0940262622794621,0.7831130427472525,0.6539074127936919,0.72,0.3563457596807293,0.7525799622287783,0.45078,0.9099299999999987,0.60145,0.2847,0.11385,0.24342869760585753
1.0,True,polarized,16,0.44930212405719117,0.22452834709929653,0.04,-0.09303688410312372,0.7862600474194575,0.6543553822828676,0.74,0.3606928112527628,0.7568197836268493,0.46283,0.9288249999999987,0.604,0.28455,0.11145,0.2015253517031342
1.0,True,polarized,17,0.40668427134732854,0.19441407107137693,0.02,0.027410523097657756,0.7595286406157247,0.6330237182314262,0.715,0.35597790228342974,0.732186090699891,0.45159999999999995,0.9106749999999987,0.5851,0.29995,0.11495,0.21744877024162443
1.0,True,polarized,18,0.4464608469230148,0.2302155801339917,0.055,0.04719106554218253,0.7819246457410367,0.657021793420762,0.76,0.35263761477792427,0.746404788494787,0.45037000000000005,0.9091849999999988,0.5988,0.28545,0.11575,0.19706780187406836
1.0,True,polarized,19,0.47089621324555536,0.2518822971328033,0.075,-0.08901328198878407,0.7969759890381357,0.6682252759394315,0.775,0.35759474764648913,0.7672266186559906,0.4591200000000001,0.9169149999999988,0.60835,0.2793,0.11235,0.2176902814025177
1.0,True,polarized,20,0.43821279287215065,0.22631337098768153,0.05,-0.06372043563342325,0.7709422487804594,0.6388398595070897,0.72,0.3469389554687403,0.7435540992023805,0.43492500000000006,0.8893749999999989,0.57915,0.30055,0.1203,0.23125919630959507
0.1,False,uniform,1,0.5380338813570394,0.3679734474059962,0.3,0.009452783145882824,0.5251701596444327,0.35187269191350107,0.285,0.06087814983881561,0.5252322238634871,0.26925000000000004,0.7075,0.9836,0.0164,0.0,0.051469135074971126
0.1,False,uniform,2,0.5039942537498406,0.3469175006679214,0.295,0.020392057203234434,0.5006212832018284,0.3393839635026737,0.275,0.060861529254356006,0.502142828286052,0.265,0.6999999999999998,0.9845,0.0155,0.0,0.053893473861035435
0.1,False,uniform,3,0.4890296296058673,0.31273966582764634,0.235,0.05888136286951859,0.4861565798588042,0.31131496618961424,0.22,0.06085504249432692,0.49073649381579737,0.265,0.7,0.98485,0.01515,0.0,0.055170551685895595
0.1,False,uniform,4,0.5382270372131428,0.3694220037927441,0.31,0.036737449655556566,0.5276745863274577,0.3565388796897417,0.3,0.06084862279371832,0.5308651984491612,0.26415000000000005,0.6984999999999999,0.9852,0.0148,0.0,0.05350893855027535
0.1,False,uniform,5,0.5029302632833011,0.3410800256896466,0.275,-0.01357631258240801,0.47483449065887284,0.304899593804045,0.225,0.06087167941369781,0.4770728931464129,0.2599,0.691,0.98395,0.01605,0.0,0.0532504929083702
0.1,False,uniform,6,0.5186356672752157,0.35372815558338894,0.29,0.004473956139199953,0.5069478069655152,0.33625491116955536,0.22,0.060869997876927616,0.5073108894651283,0.26245000000000007,0.6954999999999998,0.98405,0.01595,0.0,0.05361623209866465
0.1,False,uniform,7,0.513637667411623,0.3427137796535877,0.275,-0.0991111300692115,0.5070636247353134,0.3299409119624237,0.255,0.06087073076706773,0.504992117228276,0.2667,0.7029999999999998,0.984,0.016,0.0,0.05363852998315059
0.1,False,uniform,8,0.5087707013838418,0.3332962700736829,0.245,0.048600278797275284,0.5049148836711689,0.32760834369218417,0.225,0.06088375477911567,0.5054347566946117,0.265,0.7,0.9833,0.0167,0.0,0.05124516518843061
0.1,False,uniform,9,0.5037796340055101,0.3461605189866219,0.3,-0.02919363072280827,0.4940351285178094,0.33257451967122337,0.27,0.060840361751436874,0.4956997848986417,0.27095,0.7104999999999998,0.98565,0.01435,0.0,0.05350755490944353
0.1,False,uniform,10,0.4783554051954107,0.3144239996038137,0.21,-0.001414674455797924,0.4706068179796245,0.3023909399491964,0.215,0.06085976084885757,0.47200128023663124,0.2709500000000001,0.7104999999999998,0.9846,0.0154,0.0,0.054821828223479904
0.1,False,uniform,11,0.5245057294818782,0.35837075653899153,0.275,-0.0013652268390963807,0.5297339523537282,0.36320281080040684,0.285,0.06085058752293824,0.5264918166469488,0.26245000000000007,0.6954999999999998,0.9851,0.0149,0.0,0.05247458991422531
0.1,False,uniform,12,0.5092713362654364,0.3397313631707085,0.245,-0.059258006517160275,0.5016608440854481,0.32563509910885924,0.25,0.06087068049540953,0.503262047697279,0.26330000000000003,0.6969999999999998,0.984,0.016,0.0,0.05651045595364893
0.1,False,uniform,13,0.525746492476239,0.3534556794955309,0.275,-0.0607417676446906,0.5047045271805451,0.33851583803466473,0.285,0.06089111255681818,0.5063329514886391,0.2667,0.7029999999999998,0.9829,0.0171,0.0,0.0457916259299698
0.1,False,uniform,14,0.49961878918402114,0.3386953303072227,0.275,-0.024063818729706154,0.49687572727422674,0.3349584113756711,0.275,0.0608689710908916,0.49883084695318713,0.26330000000000003,0.6969999999999998,0.9841,0.0159,0.0,0.053374265770298586
0.1,False,uniform,15,0.49128662390873923,0.316254323074324,0.23,0.08456821651956918,0.4787770777260258,0.29935377081527276,0.215,0.06086437120353365,0.48061837736635304,0.26585000000000003,0.7014999999999999,0.98435,0.01565,0.0,0.05266803724608898
0.1,False,uniform,16,0.5398227235682644,0.3702421072919897,0.31,-0.032631329709314025,0.5259396714932381,0.35539743108231436,0.3,0.06085996181509271,0.5277941387086448,0.27435000000000004,0.7164999999999999,0.9846,0.0154,0.0,0.04915236829909202
0.1,False,uniform,17,0.501087792958863,0.3413591267974549,0.27,-0.01213608907788078,0.48392258812910854,0.3197987645168293,0.24,0.060853196642660964,0.4796806638224146,0.2709500000000001,0.7104999999999998,0.98495,0.01505,0.0,0.05299013078723684
0.1,False,uniform,18,0.5282595433746189,0.35370567027395217,0.235,0.030102262303522802,0.5114520903150047,0.33385832403092025,0.235,0.060867055233268526,0.50985525487664,0.2667,0.7029999999999998,0.9842,0.0158,0.0,0.05423117476564622
0.1,False,uniform,19,0.4817971947725576,0.3108052988314432,0.225,-0.037002909148322743,0.47345816729405754,0.2964435016644362,0.175,0.0608763399984726,0.4720152495337889,0.2667,0.7029999999999998,0.9837,0.0163,0.0,0.055887462566270724
0.1,False,uniform,20,0.527119700541352,0.355975303338751,0.305,-0.07070662205999927,0.51488850540111,0.3465175812398872,0.295,0.06085594164739949,0.5149748184080462,0.26330000000000003,0.6969999999999998,0.9848,0.0152,0.0,0.05185232846099198
0.2,False,uniform,1,0.5380338813570394,0.3679734474059962,0.3,0.00588734901336661,0.5225090309704905,0.34694871090042,0.24,0.1261505102762859,0.5237977354895873,0.26925000000000004,0.7075,0.86,0.1396,0.0004,0.10074545534892093
0.2,False,uniform,2,0.5039942537498406,0.3469175006679214,0.295,0.023500093506733863,0.4806345485784749,0.3220628796968015,0.27,0.12595975257756986,0.4782332094921714,0.265,0.6999999999999998,0.86005,0.1393,0.00065,0.10577667472700349
0.2,False,uniform,3,0.4890296296058673,0.31273966582764634,0.235,0.046731364118554775,0.4844533443455804,0.31255195820057025,0.235,0.12599756908719012,0.4828901791338891,0.265,0.7,0.86295,0.1366,0.00045,0.09683254668666376
0.2,False,uniform,4,0.5382270372131428,0.3694220037927441,0.31,0.04237910108626778,0.5218563904722694,0.34607848920470147,0.255,0.12581099242144103,0.519148625218042,0.26415000000000005,0.6984999999999999,0.86215,0.1371,0.00075,0.09854318250419962
0.2,False,uniform,5,0.5029302632833011,0.3410800256896466,0.275,-0.03318810616679969,0.5029019451992461,0.33855616008219913,0.28,0.12589543996761146,0.5052538978207565,0.2599,0.691,0.8587,0.1405,0.0008,0.09750105198875371
0.2,False,uniform,6,0.5186356672752157,0.35372815558338894,0.29,-0.0012356451894562804,0.5401833051073919,0.3747165075425538,0.295,0.12582998898946862,0.541087307597696,0.26245000000000007,0.6954999999999998,0.86245,0.13685,0.0007,0.10306734996501124
0.2,False,uniform,7,0.513637667411623,0.3427137796535877,0.275,-0.08760884878195821,0.5093588605116445,0.3388994482514289,0.265,0.12584325742673816,0.5147421177993159,0.2667,0.7029999999999998,0.864,0.1354,0.0006,0.09692063379122634
0.2,False,uniform,8,0.5087707013838418,0.3332962700736829,0.245,0.040431232657412136,0.5096078399595906,0.338357219592593,0.26,0.12627545293715017,0.511760964140824,0.265,0.7,0.85775,0.1419,0.00035,0.09785825240725171
0.2,False,uniform,9,0.5037796340055101,0.3461605189866219,0.3,-0.014978611937788745,0.5153164533842262,0.3586429829401036,0.315,0.12570884539038898,0.5200772839531325,0.27095,0.7104999999999998,0.8734,0.1263,0.0003,0.10045349807252624
0.2,False,uniform,10,0.4783554051954107,0.3144239996038137,0.21,-0.007446778125003281,0.4669219439029272,0.2980988521766387,0.215,0.12577388714014603,0.4649103179531214,0.2709500000000001,0.7104999999999998,0.86695,0.1325,0.00055,0.0982824075703106
0.2,False,uniform,11,0.5245057294818782,0.35837075653899153,0.275,0.028421881748758614,0.5325852414337484,0.3673784660196644,0.295,0.12586420518083632,0.5363415763823085,0.26245000000000007,0.6954999999999998,0.86045,0.1388,0.00075,0.09867561681518432
0.2,False,uniform,12,0.5092713362654364,0.3397313631707085,0.245,-0.05169540939210249,0.5215219846178563,0.34836519655283765,0.275,0.12619421869220393,0.5211154531472759,0.26330000000000003,0.6969999999999998,0.8597,0.13995,0.00035,0.09762216932954398
0.2,False,uniform,13,0.525746492476239,0.3534556794955309,0.275,-0.09439816800493216,0.5248790584154276,0.3577026114937552,0.32,0.12569332738597705,0.5259073990560634,0.2667,0.7029999999999998,0.8659,0.1334,0.0007,0.0972930995436672
0.2,False,uniform,14,0.49961878918402114,0.3386953303072227,0.275,-0.023895993830812326,0.48775281318992614,0.32550473785248957,0.265,0.12601851243923096,0.48833922882826414,0.26330000000000003,0.6969999999999998,0.8624,0.13715,0.00045,0.1036122834788403
0.2,False,uniform,15,0.49128662390873923,0.316254323074324,0.23,0.0837884554965418,0.4926562173074231,0.3158705779178167,0.225,0.12621353276519445,0.4910188256564219,0.26585000000000003,0.7014999999999999,0.85845,0.14115,0.0004,0.10116827212850123
0.2,False,uniform,16,0.5398227235682644,0.3702421072919897,0.31,-0.02844487004748561,0.520086274684677,0.33834230830991996,0.23,0.12555532087600715,0.5210998549681386,0.27435000000000004,0.7164999999999999,0.8746,0.12495,0.00045,0.09141150606893672
0.2,False,uniform,17,0.501087792958863,0.3413591267974549,0.27,-0.008195853474124612,0.5022586883373961,0.34006287810089053,0.27,0.1255843849453749,0.5060300032446317,0.2709500000000001,0.7104999999999998,0.87275,0.12675,0.0005,0.10553370029329454
0.2,False,uniform,18,0.5282595433746189,0.35370567027395217,0.235,0.04985132911243765,0.5252562701485934,0.3466344666710463,0.245,0.12604446144467796,0.5294808303056713,0.2667,0.7029999999999998,0.86365,0.136,0.00035,0.09469415824695039
0.2,False,uniform,19,0.4817971947725576,0.3108052988314432,0.225,-0.05200416983498865,0.46879116071875726,0.29983262380816733,0.225,0.12581599064319024,0.46874000515102227,0.2667,0.7029999999999998,0.86485,0.13455,0.0006,0.10644927125414949
0.2,False,uniform,20,0.527119700541352,0.355975303338751,0.305,-0.05211587263169691,0.5115437294909898,0.34292211635930897,0.295,0.12603142409715012,0.5087246272892731,0.26330000000000003,0.6969999999999998,0.8611,0.1384,0.0005,0.11429297677202521
0.3,False,uniform,1,0.5380338813570394,0.3679734474059962,0.3,0.0015987860939559618,0.5615058300644904,0.39560436484016337,0.345,0.18658934256838167,0.5648164608633717,0.26925000000000004,0.7075,0.75435,0.2375,0.00815,0.13917553607532399
0.3,False,uniform,2,0.5039942537498406,0.3469175006679214,0.295,0.03282840470819068,0.5244795106015304,0.3710740428649437,0.335,0.18613457576490633,0.5244049500764842,0.265,0.6999999999999998,0.743,0.24785,0.00915,0.14495195103597588
0.3,False,uniform,3,0.4890296296058673,0.31273966582764634,0.235,0.031086172453417202,0.4912718900707986,0.3302548537958742,0.275,0.18641628996743825,0.4883559653457543,0.265,0.7,0.739,0.2519,0.0091,0.13754952411432408
0.3,False,uniform,4,0.5382270372131428,0.3694220037927441,0.31,0.05081049883811863,0.5681195590173749,0.40537272992919526,0.37,0.18689266097599624,0.569564885257283,0.26415000000000005,0.6984999999999999,0.74625,0.24545,0.0083,0.13813054703829597
0.3,False,uniform,5,0.5029302632833011,0.3410800256896466,0.275,-0.021518540971657743,0.5176942989410689,0.3522035238355852,0.275,0.18581016403191136,0.5239107009870039,0.2599,0.691,0.73015,0.25975,0.0101,0.13757775820240506
0.3,False,uniform,6,0.5186356672752157,0.35372815558338894,0.29,-0.025181850482017466,0.5603515341168964,0.41117986032329823,0.385,0.18678022126725013,0.5603004995259365,0.26245000000000007,0.6954999999999998,0.74715,0.2445,0.00835,0.15063870765809734
0.3,False,uniform,7,0.513637667411623,0.3427137796535877,0.275,-0.1117378699129465,0.5367037177606568,0.37034030857965183,0.365,0.18648907890547986,0.5382967131769747,0.2667,0.7029999999999998,0.74715,0.24425,0.0086,0.14048769122168733
0.3,False,uniform,8,0.5087707013838418,0.3332962700736829,0.245,0.05355019378846862,0.536960104828562,0.37380604868322265,0.32,0.18695999212587544,0.5338458499179758,0.265,0.7,0.73775,0.25355,0.0087,0.13853024614881876
0.3,False,uniform,9,0.5037796340055101,0.3461605189866219,0.3,-0.04375517761324593,0.5120360663057373,0.3569678374179799,0.32,0.18599934138237478,0.5107731524326877,0.27095,0.7104999999999998,0.76025,0.23135,0.0084,0.13640622537881086
0.3,False,uniform,10,0.4783554051954107,0.3144239996038137,0.21,-0.026694260586022568,0.50086442024309,0.33928763780996063,0.275,0.18583561511810295,0.4932162692521911,0.2709500000000001,0.7104999999999998,0.74935,0.24155,0.0091,0.14260961756032314
0.3,False,uniform,11,0.5245057294818782,0.35837075653899153,0.275,0.011578039205591403,0.5417537483620647,0.3858939248941726,0.345,0.18730640180556257,0.5372799301265452,0.26245000000000007,0.6954999999999998,0.74285,0.249,0.00815,0.1386269840482627
0.3,False,uniform,12,0.5092713362654364,0.3397313631707085,0.245,-0.03310438484759533,0.5342447861325464,0.37635582839516557,0.335,0.1868139184927413,0.53354848380829,0.26330000000000003,0.6969999999999998,0.7404,0.2509,0.0087,0.13894202127255742
0.3,False,uniform,13,0.525746492476239,0.3534556794955309,0.275,-0.0831772938273682,0.5441155443297631,0.3805299422659709,0.32,0.18617624268084385,0.546827964854092,0.2667,0.7029999999999998,0.7524,0.239,0.0086,0.1458340666191137
0.3,False,uniform,14,0.49961878918402114,0.3386953303072227,0.275,-0.033673972132131046,0.5238262337502217,0.3689071183045364,0.325,0.18603656134931895,0.5283621010019932,0.26330000000000003,0.6969999999999998,0.74115,0.24955,0.0093,0.13986829081346291
0.3,False,uniform,15,0.49128662390873923,0.316254323074324,0.23,0.08839420612846567,0.5191793681551936,0.35335835019361583,0.31,0.1866546127225196,0.5259624469061293,0.26585000000000003,0.7014999999999999,0.73245,0.25835,0.0092,0.1471245453167912
0.3,False,uniform,16,0.5398227235682644,0.3702421072919897,0.31,-0.04190506606132231,0.5476727517908545,0.3797943025355755,0.315,0.18728194807722556,0.5513171356792687,0.27435000000000004,0.7164999999999999,0.7604,0.23245,0.00715,0.14112953106760753
0.3,False,uniform,17,0.501087792958863,0.3413591267974549,0.27,0.0006575727279788335,0.5237808482676388,0.37576233638610274,0.335,0.18619167611164833,0.5241893856915592,0.2709500000000001,0.7104999999999998,0.7586,0.23305,0.00835,0.142756380760426
0.3,False,uniform,18,0.5282595433746189,0.35370567027395217,0.235,0.028729081227043075,0.5555552023332718,0.3952375554745106,0.36,0.18677545464041323,0.5574884474546282,0.2667,0.7029999999999998,0.74505,0.24645,0.0085,0.15056316387491234
0.3,False,uniform,19,0.4817971947725576,0.3108052988314432,0.225,-0.04662028277845706,0.5097202584141753,0.34662506030360796,0.29,0.1862152619922559,0.509300069495628,0.2667,0.7029999999999998,0.73795,0.25275,0.0093,0.1526743099663791
0.3,False,uniform,20,0.527119700541352,0.355975303338751,0.305,-0.0739030063852819,0.552424139169845,0.3917842272749813,0.34,0.18613207254509334,0.5470366745342173,0.26330000000000003,0.6969999999999998,0.75165,0.2396,0.00875,0.15204140315554157
0.4,False,uniform,1,0.5380338813570394,0.3679734474059962,0.3,0.011470045353851337,0.6006445072269693,0.4512049508898379,0.42,0.2329384826282347,0.5993881413148566,0.26925000000000004,0.7075,0.6785,0.29785,0.02365,0.17322356365551195
0.4,False,uniform,2,0.5039942537498406,0.3469175006679214,0.295,0.005726880541969665,0.5620609616181585,0.41885559497562824,0.41,0.23169026934088455,0.5644394905863327,0.265,0.6999999999999998,0.668,0.30685,0.02515,0.16336141439375926
0.4,False,uniform,3,0.4890296296058673,0.31273966582764634,0.235,0.05522769652942151,0.5420062081833747,0.3897242907004216,0.38,0.2318839466979786,0.5434836723872378,0.265,0.7,0.6755,0.2999,0.0246,0.16727571034013608
0.4,False,uniform,4,0.5382270372131428,0.3694220037927441,0.31,0.03616139044769477,0.5991219545863065,0.45829113430668983,0.46,0.2332919458092622,0.5961456678178452,0.26415000000000005,0.6984999999999999,0.6684,0.30775,0.02385,0.16074413690349199
0.4,False,uniform,5,0.5029302632833011,0.3410800256896466,0.275,-0.023569955676138187,0.5737276261565808,0.420793322611559,0.375,0.23016434098243033,0.5734166109499583,0.2599,0.691,0.66705,0.3067,0.02625,0.17441940044520937
0.4,False,uniform,6,0.5186356672752157,0.35372815558338894,0.29,-0.0030454520357409997,0.6090370975218359,0.4716793512456252,0.46,0.23293886117317214,0.6124234582808036,0.26245000000000007,0.6954999999999998,0.676,0.30035,0.02365,0.1700719786216349
0.4,False,uniform,7,0.513637667411623,0.3427137796535877,0.275,-0.10547749963629945,0.5768160590736152,0.42646218388975776,0.415,0.23077155219617226,0.5736556528332265,0.2667,0.7029999999999998,0.67905,0.29565,0.0253,0.17460177081052464
0.4,False,uniform,8,0.5087707013838418,0.3332962700736829,0.245,0.06743777403733058,0.5840712842546881,0.43519318175940014,0.425,0.23336943532627924,0.5830503204038615,0.265,0.7,0.669,0.30715,0.02385,0.1521770149841667
0.4,False,uniform,9,0.5037796340055101,0.3461605189866219,0.3,-0.04435735033218058,0.5624383025858694,0.4161639819654798,0.41,0.23342291750125949,0.5626450969984774,0.27095,0.7104999999999998,0.682,0.29495,0.02305,0.15258618883053585
0.4,False,uniform,10,0.4783554051954107,0.3144239996038137,0.21,0.005001680072273438,0.5240556081380969,0.37604000561930634,0.345,0.23251144531932755,0.5231446203721896,0.2709500000000001,0.7104999999999998,0.6655,0.30985,0.02465,0.1480993804082154
0.4,False,uniform,11,0.5245057294818782,0.35837075653899153,0.275,-0.006259927492572208,0.5791137821259684,0.4361643710482219,0.435,0.2309277801908862,0.5717923499066201,0.26245000000000007,0.6954999999999998,0.6679,0.30645,0.02565,0.17446063580086807
0.4,False,uniform,12,0.5092713362654364,0.3397313631707085,0.245,-0.04987827219336913,0.5733302922938435,0.42743408922781095,0.405,0.23164356589270205,0.5734289368598492,0.26330000000000003,0.6969999999999998,0.6685,0.3064,0.0251,0.16551819970278386
0.4,False,uniform,13,0.525746492476239,0.3534556794955309,0.275,-0.10238621288918742,0.5864948750071736,0.43160543323843825,0.43,0.23316107893355908,0.5815106731976253,0.2667,0.7029999999999998,0.67015,0.306,0.02385,0.17158476479491963
0.4,False,uniform,14,0.49961878918402114,0.3386953303072227,0.275,-0.06762507545640092,0.5615268906560837,0.4120207320122381,0.395,0.23079340027217088,0.5622826424083059,0.26330000000000003,0.6969999999999998,0.6685,0.3057,0.0258,0.1640891930691965
0.4,False,uniform,15,0.49128662390873923,0.316254323074324,0.23,0.10765741616920607,0.562457154648246,0.4092863571129012,0.375,0.23194177510433078,0.5597206750729434,0.26585000000000003,0.7014999999999999,0.66965,0.30545,0.0249,0.16943357450593555
0.4,False,uniform,16,0.5398227235682644,0.3702421072919897,0.31,-0.035265688222522844,0.5995600191688075,0.45193864475748335,0.45,0.2340439987752766,0.5966815032629398,0.27435000000000004,0.7164999999999999,0.6851,0.2925,0.0224,0.15631048101782952
0.4,False,uniform,17,0.501087792958863,0.3413591267974549,0.27,0.005967737769732144,0.5556273223328343,0.41609515898174687,0.39,0.23278986975806695,0.5592638582463875,0.2709500000000001,0.7104999999999998,0.6786,0.2977,0.0237,0.16584678295733124
0.4,False,uniform,18,0.5282595433746189,0.35370567027395217,0.235,0.02730877821135209,0.608370379568475,0.46965844401912304,0.45,0.23301808634169863,0.6019217698704645,0.2667,0.7029999999999998,0.6765,0.2997,0.0238,0.16852479346599086
0.4,False,uniform,19,0.4817971947725576,0.3108052988314432,0.225,-0.057573930172758275,0.5438526721106247,0.38913587717554377,0.35,0.23268687250455802,0.5421957882729819,0.2667,0.7029999999999998,0.65735,0.31765,0.025,0.1704958998467189
0.4,False,uniform,20,0.527119700541352,0.355975303338751,0.305,-0.08005363994775068,0.599704041405006,0.4530823418526373,0.435,0.23261689526264098,0.6076139104939858,0.26330000000000003,0.6969999999999998,0.67705,0.29915,0.0238,0.16893595235375103
0.5,False,uniform,1,0.5380338813570394,0.3679734474059962,0.3,0.002736298917967228,0.6611154863205871,0.5314178264049293,0.545,0.26835872410631756,0.6594590323271025,0.26925000000000004,0.7075,0.63915,0.3209,0.03995,0.1736183276391489
0.5,False,uniform,2,0.5039942537498406,0.3469175006679214,0.295,0.0273835318157757,0.6140558447387177,0.48049519723022377,0.485,0.2629240138518951,0.6116853409718158,0.265,0.6999999999999998,0.63225,0.32385,0.0439,0.18199666141970788
0.5,False,uniform,3,0.4890296296058673,0.31273966582764634,0.235,0.0516749921505671,0.62163703203942,0.4822688052220934,0.49,0.2627783149641787,0.6197385761910432,0.265,0.7,0.624,0.33155,0.04445,0.18213907681651087
0.5,False,uniform,4,0.5382270372131428,0.3694220037927441,0.31,0.052550529279985714,0.647849427177358,0.5181122407893181,0.52,0.26544558150405145,0.6423493627040178,0.26415000000000005,0.6984999999999999,0.63825,0.31965,0.0421,0.15496192586288227
0.5,False,uniform,5,0.5029302632833011,0.3410800256896466,0.275,-0.011579669482109494,0.6227001581252972,0.4881574794776922,0.48,0.26295319542018375,0.623592835901409,0.2599,0.691,0.61755,0.33775,0.0447,0.17112976770418498
0.5,False,uniform,6,0.5186356672752157,0.35372815558338894,0.29,0.017290105417797137,0.648200975006513,0.5265712765465246,0.545,0.262460506957448,0.646961326343571,0.26245000000000007,0.6954999999999998,0.63705,0.3189,0.04405,0.18571362024488025
0.5,False,uniform,7,0.513637667411623,0.3427137796535877,0.275,-0.09931192763080954,0.6291040482177283,0.49915137319004343,0.535,0.2619364920209625,0.6242542384598115,0.2667,0.7029999999999998,0.64455,0.31155,0.0439,0.18762748151761113
0.5,False,uniform,8,0.5087707013838418,0.3332962700736829,0.245,0.05663475032372606,0.6184417527540457,0.4803449728771751,0.495,0.26713084745937005,0.6150378346088771,0.265,0.7,0.6293,0.32925,0.04145,0.18517457815135294
0.5,False,uniform,9,0.5037796340055101,0.3461605189866219,0.3,-0.04494142160676522,0.6156369742787786,0.4853866575087985,0.49,0.2651740162283884,0.6144201765182052,0.27095,0.7104999999999998,0.64055,0.3171,0.04235,0.17356321154794152
0.5,False,uniform,10,0.4783554051954107,0.3144239996038137,0.21,0.018982502103578738,0.598998393280428,0.46200667207088486,0.45,0.2662617373676974,0.600201830580235,0.2709500000000001,0.7104999999999998,0.63235,0.326,0.04165,0.20766376006218198
0.5,False,uniform,11,0.5245057294818782,0.35837075653899153,0.275,0.001292295371506733,0.6364308848477161,0.5120429624516625,0.535,0.2668675006300316,0.6352259668878928,0.26245000000000007,0.6954999999999998,0.6281,0.3303,0.0416,0.1870780490368033
0.5,False,uniform,12,0.5092713362654364,0.3397313631707085,0.245,-0.06873888562008167,0.6369253917142462,0.4970077353773034,0.51,0.26327407086575216,0.6344668477173289,0.26330000000000003,0.6969999999999998,0.6323,0.32375,0.04395,0.18843837367299524
0.5,False,uniform,13,0.525746492476239,0.3534556794955309,0.275,-0.10464686978520361,0.6505681831921137,0.5128220159268109,0.54,0.2641962234268212,0.64709087209273,0.2667,0.7029999999999998,0.64165,0.3156,0.04275,0.17704103035136257
0.5,False,uniform,14,0.49961878918402114,0.3386953303072227,0.275,-0.07082896510749606,0.6080186918150641,0.4711323766415627,0.475,0.2639780792830697,0.6085034643192041,0.26330000000000003,0.6969999999999998,0.6288,0.3275,0.0437,0.18081147406304068
0.5,False,uniform,15,0.49128662390873923,0.316254323074324,0.23,0.10098885005278929,0.6114812233892046,0.4753590085729949,0.495,0.26369859897430975,0.6097298911780746,0.26585000000000003,0.7014999999999999,0.6216,0.33425,0.04415,0.1645322024486044
0.5,False,uniform,16,0.5398227235682644,0.3702421072919897,0.31,-0.044313960382895166,0.6506858851662553,0.5074441639466343,0.52,0.26648162319381985,0.6462059750320434,0.27435000000000004,0.7164999999999999,0.64185,0.317,0.04115,0.1968084396024043
0.5,False,uniform,17,0.501087792958863,0.3413591267974549,0.27,-0.009568430836189468,0.6148725309252454,0.4826486978256162,0.485,0.2672420881739199,0.6163443535015112,0.2709500000000001,0.7104999999999998,0.63615,0.3227,0.04115,0.17021907751913012
0.5,False,uniform,18,0.5282595433746189,0.35370567027395217,0.235,0.049926079877119146,0.6635398020876514,0.5376973918360065,0.56,0.26646699466938334,0.6577017999766782,0.2667,0.7029999999999998,0.6425,0.3163,0.0412,0.1728488595744846
0.5,False,uniform,19,0.4817971947725576,0.3108052988314432,0.225,-0.08594765610066077,0.6035200477017245,0.4621317496097825,0.475,0.262516912976201,0.6042382015768308,0.2667,0.7029999999999998,0.6249,0.33055,0.04455,0.20014671423818542
0.5,False,uniform,20,0.527119700541352,0.355975303338751,0.305,-0.10176279216504723,0.6529925644788005,0.5152536767566758,0.545,0.26350277289226953,0.6486327395392208,0.26330000000000003,0.6969999999999998,0.6425,0.3143,0.0432,0.1698966617349524
0.6,False,uniform,1,0.5380338813570394,0.3679734474059962,0.3,-0.010096986409142443,0.7178233206187639,0.6058306103686222,0.665,0.2922180077813426,0.712109761362719,0.26925000000000004,0.7075,0.61815,0.3237,0.05815,0.17469268322636405
0.6,False,uniform,2,0.5039942537498406,0.3469175006679214,0.295,0.02621029650455383,0.6558370272084013,0.5428499992505436,0.545,0.28956855910042345,0.6477523727808339,0.265,0.6999999999999998,0.6072,0.3325,0.0603,0.20640003209917424
0.6,False,uniform,3,0.4890296296058673,0.31273966582764634,0.235,0.053557832266727674,0.6801110317765183,0.5533650426930921,0.57,0.2859154412041722,0.6767627688148565,0.265,0.7,0.6072,0.3301,0.0627,0.1790015256652557
0.6,False,uniform,4,0.5382270372131428,0.3694220037927441,0.31,0.05848140998179068,0.7069944255970227,0.5928507622433494,0.63,0.2881185656141955,0.7024003657068385,0.26415000000000005,0.6984999999999999,0.61585,0.3234,0.06075,0.17334871169705152
0.6,False,uniform,5,0.5029302632833011,0.3410800256896466,0.275,-0.038932310457938164,0.6740101880567303,0.5532586261211259,0.58,0.28542246527885334,0.6683922514680972,0.2599,0.691,0.5988,0.3382,0.063,0.1820038778181127
0.6,False,uniform,6,0.5186356672752157,0.35372815558338894,0.29,-0.0008668329603240177,0.6872149787254915,0.5736295040663424,0.58,0.2858889735635477,0.6804304841370339,0.26245000000000007,0.6954999999999998,0.6094,0.32865,0.06195,0.19714241133201285
0.6,False,uniform,7,0.513637667411623,0.3427137796535877,0.275,-0.1183038978331947,0.6806163590970692,0.5494444565714681,0.585,0.28803246863649484,0.6756141919452837,0.2667,0.7029999999999998,0.6116,0.32755,0.06085,0.1765037931646978
0.6,False,uniform,8,0.5087707013838418,0.3332962700736829,0.245,0.05610385967915836,0.6795300496685845,0.5616860617598887,0.58,0.2883127982088461,0.6726632408146653,0.265,0.7,0.6094,0.3298,0.0608,0.18781259691437804
0.6,False,uniform,9,0.5037796340055101,0.3461605189866219,0.3,-0.024781394641419124,0.6707467425280929,0.5505338943531028,0.565,0.2883327962733911,0.6664068586725336,0.27095,0.7104999999999998,0.6193,0.32035,0.06035,0.18684444935832836
0.6,False,uniform,10,0.4783554051954107,0.3144239996038137,0.21,-0.010698074568448467,0.6551043009481046,0.5329857905353298,0.54,0.29010632070436776,0.6511161872346147,0.2709500000000001,0.7104999999999998,0.6041,0.3356,0.0603,0.19310746074739896
0.6,False,uniform,11,0.5245057294818782,0.35837075653899153,0.275,0.014113373472802495,0.6948720263158191,0.5810139582718407,0.6,0.2862113181513092,0.6887950418391406,0.26245000000000007,0.6954999999999998,0.6088,0.32925,0.06195,0.18818451971019917
0.6,False,uniform,12,0.5092713362654364,0.3397313631707085,0.245,-0.07606964641317991,0.6892013254709284,0.5617229238893185,0.59,0.28840814765804923,0.6838799918824867,0.26330000000000003,0.6969999999999998,0.6009,0.33795,0.06115,0.17904182338033373
0.6,False,uniform,13,0.525746492476239,0.3534556794955309,0.275,-0.11905850450355046,0.692815432244289,0.5594324512799894,0.6,0.29150545682207984,0.6934475396001765,0.2667,0.7029999999999998,0.61285,0.32835,0.0588,0.19013773113117857
0.6,False,uniform,14,0.49961878918402114,0.3386953303072227,0.275,-0.08873873187695432,0.6665424328524443,0.5391009553894205,0.58,0.2872804696355145,0.6569158203431654,0.26330000000000003,0.6969999999999998,0.6077,0.33085,0.06145,0.2002582809246728
0.6,False,uniform,15,0.49128662390873923,0.316254323074324,0.23,0.13063789860430663,0.6701284012529923,0.5329777033887109,0.56,0.2866297388941634,0.6662781522269708,0.26585000000000003,0.7014999999999999,0.603,0.3349,0.0621,0.17835762859784457
0.6,False,uniform,16,0.5398227235682644,0.3702421072919897,0.31,-0.07095010256347663,0.7096102135394434,0.5895914901273186,0.635,0.2899253481641816,0.7023259451557686,0.27435000000000004,0.7164999999999999,0.6235,0.3171,0.0594,0.1901309282577616
0.6,False,uniform,17,0.501087792958863,0.3413591267974549,0.27,-0.015003177039555737,0.6696344978449599,0.5504361860048973,0.575,0.2876172214745532,0.6636781089138569,0.2709500000000001,0.7104999999999998,0.60715,0.33145,0.0614,0.19491752193306056
0.6,False,uniform,18,0.5282595433746189,0.35370567027395217,0.235,0.03201268269296264,0.7115080680455038,0.6049552223332947,0.645,0.2899427462420856,0.7070006364399137,0.2667,0.7029999999999998,0.62115,0.31995,0.0589,0.17791354975259493
0.6,False,uniform,19,0.4817971947725576,0.3108052988314432,0.225,-0.08828420994287839,0.6607952123489153,0.5301491485575134,0.555,0.2854358756729235,0.655042045290696,0.2667,0.7029999999999998,0.60055,0.3364,0.06305,0.18122633703606425
0.6,False,uniform,20,0.527119700541352,0.355975303338751,0.305,-0.09799703554052268,0.6807557628052305,0.564295446384103,0.595,0.288454588799601,0.6787218710766036,0.26330000000000003,0.6969999999999998,0.6176,0.322,0.0604,0.19381326777384408
0.7,False,uniform,1,0.5380338813570394,0.3679734474059962,0.3,-0.017350491026217826,0.7406046370365587,0.6423880235363765,0.685,0.3104723381932366,0.7330904810719767,0.26925000000000004,0.7075,0.6061,0.3191,0.0748,0.20454671746855774
0.7,False,uniform,2,0.5039942537498406,0.3469175006679214,0.295,0.058181507970877726,0.7203809469061538,0.6094630270700905,0.64,0.2979553604411345,0.7096688494054747,0.265,0.6999999999999998,0.5926,0.325,0.0824,0.18819395594653154
0.7,False,uniform,3,0.4890296296058673,0.31273966582764634,0.235,0.07982386069593479,0.7204524425303734,0.6075935993435276,0.63,0.3041298148051939,0.7162213874112799,0.265,0.7,0.58635,0.3346,0.07905,0.1797243616709327
0.7,False,uniform,4,0.5382270372131428,0.3694220037927441,0.31,0.04786692708199132,0.7544573072175507,0.6559423283623417,0.705,0.30009775059999344,0.7444069556746168,0.26415000000000005,0.6984999999999999,0.60655,0.3131,0.08035,0.17919303754662494
0.7,False,uniform,5,0.5029302632833011,0.3410800256896466,0.275,-0.03240728933368261,0.7209770612044689,0.6172317530903549,0.635,0.30162116413621065,0.71406770055749,0.2599,0.691,0.5828,0.33645,0.08075,0.19302393814355848
0.7,False,uniform,6,0.5186356672752157,0.35372815558338894,0.29,0.009028776623571736,0.7453012886415218,0.6453572161567681,0.665,0.30323887367398317,0.7385451439924501,0.26245000000000007,0.6954999999999998,0.60295,0.31825,0.0788,0.17711831035934797
0.7,False,uniform,7,0.513637667411623,0.3427137796535877,0.275,-0.1368234655135091,0.7255495094683178,0.6054213916259948,0.665,0.3002377333402604,0.7175404891879978,0.2667,0.7029999999999998,0.6073,0.31225,0.08045,0.16065386289415787
0.7,False,uniform,8,0.5087707013838418,0.3332962700736829,0.245,0.061814161047064366,0.7463318036951582,0.6362692521514572,0.665,0.30642573013028845,0.7374578407300619,0.265,0.7,0.5998,0.32305,0.07715,0.20356421733171345
0.7,False,uniform,9,0.5037796340055101,0.3461605189866219,0.3,-0.026751774088617983,0.7045312582077117,0.6023934065364263,0.625,0.30728456175128654,0.6958778794903034,0.27095,0.7104999999999998,0.59845,0.32445,0.0771,0.20529676856934123
0.7,False,uniform,10,0.4783554051954107,0.3144239996038137,0.21,0.005886482409161227,0.6996833954581997,0.5857837799765906,0.615,0.30502075914315396,0.6927529382884208,0.2709500000000001,0.7104999999999998,0.5901,0.3313,0.0786,0.17471663800905685
0.7,False,uniform,11,0.5245057294818782,0.35837075653899153,0.275,0.014950069091901415,0.7405005195067806,0.6403351695598496,0.665,0.30385120048757214,0.7337121989617416,0.26245000000000007,0.6954999999999998,0.6055,0.31595,0.07855,0.17735376853325488
0.7,False,uniform,12,0.5092713362654364,0.3397313631707085,0.245,-0.08272933114702802,0.7297889069444085,0.618365809165061,0.655,0.3002068595885971,0.7204480782233789,0.26330000000000003,0.6969999999999998,0.6005,0.31865,0.08085,0.1639948928856086
0.7,False,uniform,13,0.525746492476239,0.3534556794955309,0.275,-0.11107833600509442,0.741356310089698,0.6229743634249751,0.685,0.3056362165114836,0.7334278427613202,0.2667,0.7029999999999998,0.59895,0.32325,0.0778,0.17470994941142196
0.7,False,uniform,14,0.49961878918402114,0.3386953303072227,0.275,-0.08122337459487801,0.7016942432799652,0.5859901062170418,0.615,0.29958675378304417,0.691037352359932,0.26330000000000003,0.6969999999999998,0.5899,0.32855,0.08155,0.19088613278794647
0.7,False,uniform,15,0.49128662390873923,0.316254323074324,0.23,0.11782478683085035,0.7206788721246506,0.6081866701794645,0.66,0.3014912213186334,0.7132632265635624,0.26585000000000003,0.7014999999999999,0.6014,0.3189,0.0797,0.18520269591424518
0.7,False,uniform,16,0.5398227235682644,0.3702421072919897,0.31,-0.07733850546034998,0.757106662465517,0.6533832127753613,0.69,0.31036445331502904,0.747336435619794,0.27435000000000004,0.7164999999999999,0.6144,0.3114,0.0742,0.17752636217118667
0.7,False,uniform,17,0.501087792958863,0.3413591267974549,0.27,-0.019646953511145534,0.7127475695793558,0.6193980462503107,0.655,0.3046315260785382,0.7054590625718704,0.2709500000000001,0.7104999999999998,0.6064,0.31535,0.07825,0.19919785050645392
0.7,False,uniform,18,0.5282595433746189,0.35370567027395217,0.235,0.040791288204350726,0.758920872767245,0.6600866410492725,0.69,0.307142747974479,0.7494064376469428,0.2667,0.7029999999999998,0.6101,0.31365,0.07625,0.17011172857920676
0.7,False,uniform,19,0.4817971947725576,0.3108052988314432,0.225,-0.06469733550251315,0.7062790629066198,0.5912697847191316,0.63,0.30221666699966976,0.69751388017702,0.2667,0.7029999999999998,0.5903,0.3296,0.0801,0.18688272337705833
0.7,False,uniform,20,0.527119700541352,0.355975303338751,0.305,-0.09473273234199836,0.7254263099680958,0.6190592408770229,0.65,0.3009301884850747,0.7183247757951373,0.26330000000000003,0.6969999999999998,0.5999,0.31985,0.08025,0.18934925004146014
0.85,False,uniform,1,0.5380338813570394,0.3679734474059962,0.3,-0.010823675300754856,0.814997935555393,0.7313339512527607,0.78,0.3260982719094869,0.8007935123643003,0.26925000000000004,0.7075,0.6033,0.29715,0.09955,0.18814913871711794
0.85,False,uniform,2,0.5039942537498406,0.3469175006679214,0.295,0.04937959515028054,0.7530896773415071,0.6671082184900549,0.71,0.3206056905350836,0.7431039441157422,0.265,0.6999999999999998,0.5901,0.3072,0.1027,0.19162528126809597
0.85,False,uniform,3,0.4890296296058673,0.31273966582764634,0.235,0.058009559519060866,0.7751944034847595,0.6802106052988044,0.72,0.3261623719701594,0.7670315680539282,0.265,0.7,0.58365,0.3157,0.10065,0.20421940319368823
0.85,False,uniform,4,0.5382270372131428,0.3694220037927441,0.31,0.03427575156803377,0.7991277870746052,0.7126609080922202,0.77,0.32447429522442084,0.7873521770757587,0.26415000000000005,0.6984999999999999,0.5968,0.3026,0.1006,0.17176710776492088
0.85,False,uniform,5,0.5029302632833011,0.3410800256896466,0.275,-0.017997350080548855,0.7651683970853657,0.6723257153901275,0.715,0.3223981168858343,0.7525396586347487,0.2599,0.691,0.57375,0.3231,0.10315,0.17234197202981363
0.85,False,uniform,6,0.5186356672752157,0.35372815558338894,0.29,0.034763941359943436,0.7954145459669886,0.7139432959834923,0.78,0.3263696467243844,0.7840052942189505,0.26245000000000007,0.6954999999999998,0.58965,0.31005,0.1003,0.19462867764045433
0.85,False,uniform,7,0.513637667411623,0.3427137796535877,0.275,-0.13698172826030885,0.7575968743037744,0.651342550580775,0.71,0.3244015291514345,0.7442457471985412,0.2667,0.7029999999999998,0.5816,0.3168,0.1016,0.20321780900152547
0.85,False,uniform,8,0.5087707013838418,0.3332962700736829,0.245,0.04902310617110775,0.8121157859670766,0.7280305102929643,0.775,0.3270495534351656,0.8054502565513656,0.265,0.7,0.58785,0.31225,0.0999,0.19550734650907597
0.85,False,uniform,9,0.5037796340055101,0.3461605189866219,0.3,-0.01467992588835917,0.7328508372321881,0.6364377334943806,0.67,0.32543227450858436,0.7237097081959537,0.27095,0.7104999999999998,0.58925,0.30955,0.1012,0.18389014894022707
0.85,False,uniform,10,0.4783554051954107,0.3144239996038137,0.21,0.033586394517254606,0.773220793384636,0.6805063737886763,0.725,0.32340878249642896,0.760055528732688,0.2709500000000001,0.7104999999999998,0.5822,0.31565,0.10215,0.20765418207017863
0.85,False,uniform,11,0.5245057294818782,0.35837075653899153,0.275,0.02385273988252447,0.7839294553730122,0.7020545596055224,0.74,0.3224435533697917,0.7751715866690972,0.26245000000000007,0.6954999999999998,0.594,0.3039,0.1021,0.1753445755955361
0.85,False,uniform,12,0.5092713362654364,0.3397313631707085,0.245,-0.0930505127323934,0.7969191352807492,0.7006504145096476,0.74,0.32747977423815755,0.7863461783678711,0.26330000000000003,0.6969999999999998,0.58,0.31925,0.10075,0.18986038902992536
0.85,False,uniform,13,0.525746492476239,0.3534556794955309,0.275,-0.1323893800326952,0.7916966089888112,0.6926403420364968,0.755,0.32766836911965525,0.7734755439505676,0.2667,0.7029999999999998,0.59665,0.30435,0.099,0.19703184482494016
0.85,False,uniform,14,0.49961878918402114,0.3386953303072227,0.275,-0.0828645785014413,0.757873208538097,0.6621336458009222,0.71,0.32418761003407925,0.7510413184433028,0.26330000000000003,0.6969999999999998,0.57785,0.32005,0.1021,0.18665492697414224
0.85,False,uniform,15,0.49128662390873923,0.316254323074324,0.23,0.11858651754413373,0.7758462938200094,0.6688765114017952,0.74,0.3248733081769013,0.7657812270928582,0.26585000000000003,0.7014999999999999,0.5886,0.3103,0.1011,0.197364485941343
0.85,False,uniform,16,0.5398227235682644,0.3702421072919897,0.31,-0.0770187692629196,0.8026934683856696,0.7082947311980367,0.76,0.32731005319650563,0.7891472959618204,0.27435000000000004,0.7164999999999999,0.6023,0.2987,0.099,0.1826814128826713
0.85,False,uniform,17,0.501087792958863,0.3413591267974549,0.27,-0.02000822688827794,0.7774925879681627,0.6959148175115272,0.745,0.32347856625896204,0.7682927289154377,0.2709500000000001,0.7104999999999998,0.5953,0.30355,0.10115,0.18235224818536086
0.85,False,uniform,18,0.5282595433746189,0.35370567027395217,0.235,0.0267128032009141,0.8141335666586048,0.7349567194320934,0.79,0.3288952483056258,0.8034784881452542,0.2667,0.7029999999999998,0.59765,0.30385,0.0985,0.18651123439128642
0.85,False,uniform,19,0.4817971947725576,0.3108052988314432,0.225,-0.08304518293869939,0.7644627403839814,0.6640500842893888,0.7,0.3256050624670796,0.7488858240019611,0.2667,0.7029999999999998,0.5802,0.3184,0.1014,0.18833910583435695
0.85,False,uniform,20,0.527119700541352,0.355975303338751,0.305,-0.12555435618344174,0.7811918063109659,0.6846544119437703,0.75,0.3230835985098571,0.7692527418587257,0.26330000000000003,0.6969999999999998,0.59225,0.3062,0.10155,0.19794717002858284
1.0,False,uniform,1,0.5380338813570394,0.3679734474059962,0.3,-0.030951663760012016,0.829995014851831,0.7601343974238759,0.805,0.34384340269074626,0.8156671955772073,0.26925000000000004,0.7075,0.58605,0.2951,0.11885,0.2031706437419298
1.0,False,uniform,2,0.5039942537498406,0.3469175006679214,0.295,0.06683234405760884,0.7945053974970816,0.71145999646054,0.755,0.3427609639889714,0.782106891393165,0.265,0.6999999999999998,0.57505,0.3047,0.12025,0.210092575980065
1.0,False,uniform,3,0.4890296296058673,0.31273966582764634,0.235,0.07859975650207592,0.8242250896664473,0.7440400622682322,0.815,0.34138613543596713,0.8068400740956163,0.265,0.7,0.58175,0.29825,0.12,0.18499664819479544
1.0,False,uniform,4,0.5382270372131428,0.3694220037927441,0.31,0.0591678855322369,0.8297446720742283,0.7583092340934411,0.825,0.3426299847810641,0.8171727341390526,0.26415000000000005,0.6984999999999999,0.5841,0.29615,0.11975,0.19846842871818823
1.0,False,uniform,5,0.5029302632833011,0.3410800256896466,0.275,-0.060680296980302334,0.8175084769060748,0.7441247639254936,0.79,0.3397623572346393,0.8033587162892022,0.2599,0.691,0.5693,0.30875,0.12195,0.21000508852818223
1.0,False,uniform,6,0.5186356672752157,0.35372815558338894,0.29,0.012088154140862346,0.8396723609019813,0.7758332164026743,0.84,0.3340433111120705,0.8294949841432081,0.26245000000000007,0.6954999999999998,0.5883,0.28825,0.12345,0.17958040917256737
1.0,False,uniform,7,0.513637667411623,0.3427137796535877,0.275,-0.12407764422390077,0.8007233109070555,0.7105278380389017,0.765,0.3469019659409413,0.7847068585760133,0.2667,0.7029999999999998,0.5742,0.30725,0.11855,0.2045808662810879
1.0,False,uniform,8,0.5087707013838418,0.3332962700736829,0.245,0.05095172039867053,0.829800542883678,0.7522318607359244,0.8,0.34163787915781724,0.8136868045817504,0.265,0.7,0.5833,0.2962,0.1205,0.1575798559466909
1.0,False,uniform,9,0.5037796340055101,0.3461605189866219,0.3,-0.012152517975934893,0.8123612608161589,0.737474370699057,0.8,0.34384454156440086,0.7990491787068237,0.27095,0.7104999999999998,0.58335,0.2972,0.11945,0.20369999466338728
1.0,False,uniform,10,0.4783554051954107,0.3144239996038137,0.21,0.012948419523140822,0.7948733696821424,0.7174800512144209,0.765,0.3429640135869378,0.7789741183285998,0.2709500000000001,0.7104999999999998,0.58265,0.29795,0.1194,0.20054040874030293
1.0,False,uniform,11,0.5245057294818782,0.35837075653899153,0.275,0.01500275454391784,0.8245069564921235,0.7527319646462325,0.8,0.33745349680130987,0.8113738526559473,0.26245000000000007,0.6954999999999998,0.58805,0.2895,0.12245,0.17406180150330727
1.0,False,uniform,12,0.5092713362654364,0.3397313631707085,0.245,-0.07359849206860336,0.8134483670835199,0.7384037286010701,0.795,0.3437557844418299,0.7987133227701855,0.26330000000000003,0.6969999999999998,0.58915,0.29175,0.1191,0.19159251868581836
1.0,False,uniform,13,0.525746492476239,0.3534556794955309,0.275,-0.1165503273323247,0.8376379875489858,0.757499399598737,0.82,0.3431058097666352,0.8209206224917283,0.2667,0.7029999999999998,0.5844,0.2963,0.1193,0.19016554120408238
1.0,False,uniform,14,0.49961878918402114,0.3386953303072227,0.275,-0.07521032364207182,0.7776831355029772,0.6938606444122919,0.745,0.3365693593585889,0.7649412951004041,0.26330000000000003,0.6969999999999998,0.57715,0.29945,0.1234,0.17822142951696918
1.0,False,uniform,15,0.49128662390873923,0.316254323074324,0.23,0.13331307441596055,0.8063095064575094,0.7169034731563682,0.785,0.34346906208492994,0.787053939582695,0.26585000000000003,0.7014999999999999,0.58285,0.2977,0.11945,0.17610757080155737
1.0,False,uniform,16,0.5398227235682644,0.3702421072919897,0.31,-0.10451085087836627,0.8496278904512053,0.7724943240935503,0.84,0.3485113845093697,0.8329630527858324,0.27435000000000004,0.7164999999999999,0.59825,0.2861,0.11565,0.18761579961193803
1.0,False,uniform,17,0.501087792958863,0.3413591267974549,0.27,-0.012330406521647972,0.8082041744220018,0.7311010237948534,0.785,0.3415338484244503,0.7898205490832311,0.2709500000000001,0.7104999999999998,0.58265,0.2969,0.12045,0.17760676715784754
1.0,False,uniform,18,0.5282595433746189,0.35370567027395217,0.235,0.030162982221687784,0.8491080410248921,0.7787454570451375,0.82,0.3436411370660694,0.8313300665241087,0.2667,0.7029999999999998,0.59215,0.2893,0.11855,0.19325827608617438
1.0,False,uniform,19,0.4817971947725576,0.3108052988314432,0.225,-0.09098254894277452,0.8040032362584961,0.7261326053472666,0.785,0.337483815951571,0.7923822478320597,0.2667,0.7029999999999998,0.58105,0.2966,0.12235,0.1608916423844863
1.0,False,uniform,20,0.527119700541352,0.355975303338751,0.305,-0.11447426418642394,0.8231908179626649,0.7364044873864273,0.805,0.34088261732126496,0.8051968124303738,0.26330000000000003,0.6969999999999998,0.5915,0.28835,0.12015,0.1958738669068889
0.1,True,uniform,1,0.5380338813570394,0.3679734474059962,0.3,0.007834267861135788,0.5274427468915664,0.35211124938106875,0.27,0.06063558634500514,0.5277302688058205,0.5999999999999999,1.1271499999999994,0.9968,0.0032,0.0,0.053318333687211644
0.1,True,uniform,2,0.5039942537498406,0.3469175006679214,0.295,0.0008381033975114466,0.5086032966356072,0.338777727761931,0.275,0.06063646368075184,0.512989266985432,0.5999999999999999,1.1233749999999996,0.99675,0.00325,0.0,0.05725580844316145
0.1,True,uniform,3,0.4890296296058673,0.31273966582764634,0.235,0.03593586056400891,0.4990091001648848,0.3285141498005704,0.26,0.060634626198564474,0.5024303113108529,0.5999999999999999,1.1234499999999996,0.99685,0.00315,0.0,0.050625149108457446
0.1,True,uniform,4,0.5382270372131428,0.3694220037927441,0.31,0.023959778704617758,0.5244944809113684,0.3467665874179262,0.275,0.060622743293606646,0.5229828274455985,0.5999999999999999,1.1229999999999996,0.9975,0.0025,0.0,0.051086079653188635
0.1,True,uniform,5,0.5029302632833011,0.3410800256896466,0.275,-0.01524377838009166,0.5231643731063644,0.3497125975152781,0.27,0.06065018682132948,0.5281855764479171,0.5999999999999999,1.1185499999999997,0.996,0.004,0.0,0.05384080583752015
0.1,True,uniform,6,0.5186356672752157,0.35372815558338894,0.29,0.0063328149308514645,0.5213683240903849,0.3583103458511485,0.28,0.06062366755403046,0.5209440315027632,0.5999999999999999,1.1214749999999996,0.99745,0.00255,0.0,0.05520801681937064
0.1,True,uniform,7,0.513637667411623,0.3427137796535877,0.275,-0.0798582786586505,0.5028815090442901,0.3338797911353335,0.285,0.06063466207625448,0.5033651518954906,0.5999999999999999,1.1249249999999995,0.99685,0.00315,0.0,0.05297128960269891
0.1,True,uniform,8,0.5087707013838418,0.3332962700736829,0.245,0.044341298150804995,0.491311096595269,0.31924641838102397,0.235,0.06063737688588675,0.49181611003147596,0.5999999999999999,1.1233499999999994,0.9967,0.0033,0.0,0.051691562141879324
0.1,True,uniform,9,0.5037796340055101,0.3461605189866219,0.3,-0.044338823612948684,0.5021927381307081,0.3275272760883873,0.26,0.060626421003087,0.5043183058937004,0.5999999999999999,1.1288999999999996,0.9973,0.0027,0.0,0.058523983830300226
0.1,True,uniform,10,0.4783554051954107,0.3144239996038137,0.21,0.00467233346752374,0.4719856397539236,0.301005854534971,0.22,0.060629135845951525,0.47426206236095303,0.5999999999999999,1.1288749999999996,0.99715,0.00285,0.0,0.05624837816044774
0.1,True,uniform,11,0.5245057294818782,0.35837075653899153,0.275,-0.0127789863497655,0.5101099515703915,0.3397837413536892,0.265,0.060630060114677156,0.5107472630621258,0.5999999999999999,1.1212999999999997,0.9971,0.0029,0.0,0.055775698044158856
0.1,True,uniform,12,0.5092713362654364,0.3397313631707085,0.245,-0.06657045509010416,0.5016704176458,0.328392316958887,0.245,0.06061815514902746,0.5016882813127106,0.5999999999999999,1.1223749999999995,0.99775,0.00225,0.0,0.05308409373046407
0.1,True,uniform,13,0.525746492476239,0.3534556794955309,0.275,-0.08562199209912194,0.5307155840345907,0.34958826053537306,0.27,0.06062457249056621,0.5343694985257033,0.5999999999999999,1.1251999999999993,0.9974,0.0026,0.0,0.05621613722066069
0.1,True,uniform,14,0.49961878918402114,0.3386953303072227,0.275,-0.035867012375876375,0.49531316271619774,0.3223033792753054,0.255,0.06064380809433468,0.49439398227340325,0.5999999999999999,1.1216749999999995,0.99635,0.00365,0.0,0.05615799952258532
0.1,True,uniform,15,0.49128662390873923,0.316254323074324,0.23,0.08697619593509504,0.4876949441392317,0.316577654164194,0.27,0.06061998434598701,0.48940128629375357,0.5999999999999999,1.1245749999999994,0.99765,0.00235,0.0,0.05225052427722863
0.1,True,uniform,16,0.5398227235682644,0.3702421072919897,0.31,-0.04118703564391886,0.527394217976799,0.3561359215368172,0.295,0.06061084386805412,0.5262148049114017,0.5999999999999999,1.1323499999999995,0.99815,0.00185,0.0,0.053006567111454156
0.1,True,uniform,17,0.501087792958863,0.3413591267974549,0.27,0.012264606500708389,0.4892499595150818,0.31928573434054774,0.26,0.060626398950696936,0.48988065277269194,0.5999999999999999,1.1289249999999995,0.9973,0.0027,0.0,0.05611361220437988
0.1,True,uniform,18,0.5282595433746189,0.35370567027395217,0.235,0.03445907617804899,0.5043616854641205,0.32461352288327705,0.21,0.06062367031576473,0.5045405452884968,0.5999999999999999,1.1252249999999995,0.99745,0.00255,0.0,0.05290173732856982
0.1,True,uniform,19,0.4817971947725576,0.3108052988314432,0.225,-0.061089467373257315,0.4857925829707393,0.3077519447631037,0.215,0.06062732043275784,0.48375060911726253,0.5999999999999999,1.1251249999999997,0.99725,0.00275,0.0,0.05162699197834866
0.1,True,uniform,20,0.527119700541352,0.355975303338751,0.305,-0.1013961635115834,0.5261271627521497,0.35272208188814747,0.3,0.06062092237354806,0.5260574625143295,0.5999999999999999,1.1222999999999996,0.9976,0.0024,0.0,0.0506105792903649
0.2,True,uniform,1,0.5380338813570394,0.3679734474059962,0.3,-0.0005537035743559105,0.5125674800383867,0.32440881412193184,0.225,0.12250338562203529,0.5113724089711877,0.5998349999999999,1.11133,0.9605,0.03935,0.00015,0.10696563327237316
0.2,True,uniform,2,0.5039942537498406,0.3469175006679214,0.295,0.014467707436636864,0.4882603957789084,0.3119676325136654,0.225,0.1226126033912427,0.48840671988455187,0.5999249999999998,1.1068949999999997,0.95855,0.04135,0.0001,0.10762170766939612
0.2,True,uniform,3,0.4890296296058673,0.31273966582764634,0.235,0.032422912726663304,0.46454801155775144,0.29203216274117844,0.22,0.12233241397266674,0.46532433188656314,0.5999499999999999,1.1073549999999996,0.96025,0.03935,0.0004,0.10651552826537987
0.2,True,uniform,4,0.5382270372131428,0.3694220037927441,0.31,0.04820322504942005,0.4936275367802106,0.2971783266119033,0.165,0.12252433465640715,0.4925145330836889,0.5999099999999998,1.10555,0.958,0.04175,0.00025,0.10317492728029301
0.2,True,uniform,5,0.5029302632833011,0.3410800256896466,0.275,-0.022757498764512538,0.4907148816217714,0.309285906311319,0.235,0.12269393462892574,0.48785004461241316,0.5999249999999999,1.1002049999999999,0.9554,0.04445,0.00015,0.11161563884532738
0.2,True,uniform,6,0.5186356672752157,0.35372815558338894,0.29,-0.009512836387812244,0.48801319670494386,0.31376673324272775,0.215,0.1226922429612265,0.4898725276167354,0.5999999999999999,1.103835,0.95735,0.0426,5e-05,0.10384871071694837
0.2,True,uniform,7,0.513637667411623,0.3427137796535877,0.275,-0.08980031405777776,0.4965903276310552,0.3081109740897507,0.21,0.12217664781836954,0.4982472695544478,0.5999999999999999,1.1098249999999998,0.96255,0.03695,0.0005,0.10821316427388745
0.2,True,uniform,8,0.5087707013838418,0.3332962700736829,0.245,0.014823124817755407,0.5018024245705299,0.3222155775887094,0.23,0.1224798868641605,0.5061430748080605,0.5999999999999999,1.10675,0.9592,0.04055,0.00025,0.10711624917889907
0.2,True,uniform,9,0.5037796340055101,0.3461605189866219,0.3,-0.012062475272010025,0.49342789082314764,0.3075676190099066,0.175,0.12240226683861692,0.49757337166294924,0.5999499999999999,1.11365,0.9613,0.03845,0.00025,0.10812046252827329
0.2,True,uniform,10,0.4783554051954107,0.3144239996038137,0.21,0.011133940235119204,0.45128808475363186,0.2698608024615014,0.175,0.1224728273729648,0.4516723877400923,0.5999999999999999,1.1124,0.9594,0.04035,0.00025,0.10263788290449771
0.2,True,uniform,11,0.5245057294818782,0.35837075653899153,0.275,-0.01429320765461831,0.48933672631255076,0.31198307439309847,0.215,0.1222969607378057,0.49516081556362646,0.5999999999999999,1.103145,0.9573,0.0421,0.0006,0.1077471589807012
0.2,True,uniform,12,0.5092713362654364,0.3397313631707085,0.245,-0.04716647689031346,0.4859748652004332,0.2990011908775552,0.18,0.1225428142142322,0.48290130537483783,0.5999999999999999,1.10425,0.9575,0.04225,0.00025,0.09811754629974674
0.2,True,uniform,13,0.525746492476239,0.3534556794955309,0.275,-0.09337280265631442,0.5153473111761901,0.33075237829595994,0.26,0.1225146555955428,0.5205134943189758,0.5999749999999999,1.1080499999999998,0.95825,0.0415,0.00025,0.09784150184291693
0.2,True,uniform,14,0.49961878918402114,0.3386953303072227,0.275,-0.020355706212558968,0.46108082409312573,0.28440384916255257,0.2,0.12248018625573762,0.46369132690641984,0.5999999999999999,1.106155,0.9611,0.03875,0.00015,0.10904480096286961
0.2,True,uniform,15,0.49128662390873923,0.316254323074324,0.23,0.08462074138269021,0.5039459044040874,0.3203482456109123,0.22,0.12264414852388741,0.5030713592051005,0.5999749999999999,1.107875,0.95965,0.04035,0.0,0.10956197625977925
0.2,True,uniform,16,0.5398227235682644,0.3702421072919897,0.31,-0.022112889546941426,0.4929304154759837,0.3058269380567747,0.235,0.12232361526043473,0.48986307090049536,0.5999749999999999,1.118445,0.96635,0.03355,0.0001,0.10567636414366911
0.2,True,uniform,17,0.501087792958863,0.3413591267974549,0.27,-0.033263927435371723,0.49201882184126894,0.3112892195911044,0.235,0.12235691053349215,0.4912936668833373,0.5999849999999999,1.1141649999999998,0.96345,0.03635,0.0002,0.10507619968089423
0.2,True,uniform,18,0.5282595433746189,0.35370567027395217,0.235,0.035204890042226766,0.505838177267773,0.3284287568979004,0.245,0.12243545111157023,0.5073144371591505,0.5999849999999999,1.10998,0.9623,0.03755,0.00015,0.09979354222194026
0.2,True,uniform,19,0.4817971947725576,0.3108052988314432,0.225,-0.03405753436638927,0.5021582074341576,0.31750350241191094,0.215,0.12245233019653443,0.5077784539025805,0.5998749999999998,1.109025,0.96,0.03975,0.00025,0.10301801884276018
0.2,True,uniform,20,0.527119700541352,0.355975303338751,0.305,-0.08151841881427327,0.4924008704274456,0.30626363329269357,0.205,0.12249861462559931,0.4984666013750193,0.5999999999999999,1.1051649999999997,0.9597,0.0401,0.0002,0.10062378780560984
0.3,True,uniform,1,0.5380338813570394,0.3679734474059962,0.3,-0.0010331822759618435,0.5026837052254978,0.3179951334341582,0.195,0.18295151830216028,0.5000075506549604,0.588975,1.082985,0.89075,0.10475,0.0045,0.16054480010331737
0.3,True,uniform,2,0.5039942537498406,0.3469175006679214,0.295,0.02770523668346162,0.47997964392921644,0.2982605142678802,0.185,0.18226399676289964,0.48584411632549257,0.58745,1.0765,0.88635,0.1083,0.00535,0.15434061977259697
0.3,True,uniform,3,0.4890296296058673,0.31273966582764634,0.235,0.04821144620066624,0.4542076648201166,0.2711700935799871,0.16,0.18242364192358287,0.46094756942213494,0.5878450000000001,1.07641,0.8863,0.1085,0.0052,0.15413321463034
0.3,True,uniform,4,0.5382270372131428,0.3694220037927441,0.31,0.046852277411891505,0.53067995044087,0.33889302563025536,0.225,0.18193715233040192,0.5300304684947978,0.58726,1.07552,0.88715,0.1072,0.00565,0.1420461113318993
0.3,True,uniform,5,0.5029302632833011,0.3410800256896466,0.275,-0.02031154756573426,0.4724372152165508,0.2884938622281116,0.195,0.182892959978578,0.47405088061461215,0.58577,1.067715,0.8799,0.115,0.0051,0.1469855023171888
0.3,True,uniform,6,0.5186356672752157,0.35372815558338894,0.29,-0.018760665903415494,0.5013323420259063,0.31865676770811496,0.22,0.18131900242005997,0.5100969343136772,0.587695,1.074085,0.88955,0.1043,0.00615,0.15090816227670564
0.3,True,uniform,7,0.513637667411623,0.3427137796535877,0.275,-0.09322276316829022,0.4907239269992027,0.3024870788559118,0.185,0.18252283396305366,0.49102510259895427,0.58815,1.08005,0.8905,0.1046,0.0049,0.161293868745771
0.3,True,uniform,8,0.5087707013838418,0.3332962700736829,0.245,0.03192636822231638,0.47311073875987175,0.2960861264838154,0.195,0.18339193242758442,0.475266703641891,0.58745,1.0764749999999998,0.88555,0.1101,0.00435,0.15031162428317096
0.3,True,uniform,9,0.5037796340055101,0.3461605189866219,0.3,-0.025118162688925114,0.46187686848047077,0.283015978891418,0.165,0.18318171307794764,0.4623195201103196,0.5882799999999999,1.0863,0.8912,0.10455,0.00425,0.16281281762451796
0.3,True,uniform,10,0.4783554051954107,0.3144239996038137,0.21,-0.0014469517504961304,0.4657285970391017,0.2996316221850898,0.21,0.18285773062862723,0.46602001207303273,0.588945,1.0845850000000001,0.8907,0.1047,0.0046,0.14739428678699867
0.3,True,uniform,11,0.5245057294818782,0.35837075653899153,0.275,0.016201826432588443,0.4877494300226801,0.30320775770313135,0.22,0.18273047825289354,0.48933448346988795,0.58602,1.07288,0.8835,0.11145,0.00505,0.1424874558238423
0.3,True,uniform,12,0.5092713362654364,0.3397313631707085,0.245,-0.04951911589246206,0.49067713268191454,0.3135669619521249,0.225,0.18272537173170947,0.495464814754583,0.58898,1.07693,0.89085,0.10445,0.0047,0.15212676567566544
0.3,True,uniform,13,0.525746492476239,0.3534556794955309,0.275,-0.09747533474399325,0.4703373987326222,0.29174978244953775,0.215,0.1825365423763015,0.4642068748852435,0.589,1.08058,0.8942,0.1011,0.0047,0.16093422623793285
0.3,True,uniform,14,0.49961878918402114,0.3386953303072227,0.275,-0.04422538617582088,0.4932586475726687,0.30927315936489175,0.18,0.18249212350776886,0.5023380329832581,0.58613,1.0729300000000002,0.8842,0.11055,0.00525,0.1453679483961881
0.3,True,uniform,15,0.49128662390873923,0.316254323074324,0.23,0.08464720805355747,0.4828117656102562,0.2887439192248819,0.165,0.18310572135020295,0.4883505699744336,0.588585,1.0784500000000001,0.8886,0.10695,0.00445,0.1542205976616204
0.3,True,uniform,16,0.5398227235682644,0.3702421072919897,0.31,-0.023963588766866443,0.5137918363111666,0.33018210148065696,0.23,0.182718545378048,0.51776645113745,0.588365,1.08922,0.89535,0.1002,0.00445,0.14165008050634387
0.3,True,uniform,17,0.501087792958863,0.3413591267974549,0.27,-0.011076369244928297,0.497819706310823,0.31131537135333154,0.19,0.18266804586081029,0.4963145995874338,0.59038,1.0881399999999999,0.8976,0.098,0.0044,0.16026292040219087
0.3,True,uniform,18,0.5282595433746189,0.35370567027395217,0.235,0.028753954615731995,0.5123822530900766,0.3334955810325118,0.255,0.1832366459517577,0.5145712322355596,0.589395,1.08148,0.8921,0.10375,0.00415,0.13934762192305913
0.3,True,uniform,19,0.4817971947725576,0.3108052988314432,0.225,-0.05976057450175218,0.45562199818001986,0.277496290526104,0.195,0.18309921646638255,0.4556814453278226,0.58704,1.078465,0.88595,0.10945,0.0046,0.15703298065076995
0.3,True,uniform,20,0.527119700541352,0.355975303338751,0.305,-0.05871797031017179,0.5229751230603575,0.336155595835057,0.23,0.18349376566276063,0.532359957065755,0.58943,1.0769650000000002,0.8904,0.1056,0.004,0.14079680317355042
0.4,True,uniform,1,0.5380338813570394,0.3679734474059962,0.3,-0.015722041412879983,0.536874459703741,0.35327001430242716,0.265,0.23248559486397952,0.5323390734703451,0.5648350000000001,1.056195,0.8267,0.15715,0.01615,0.17757102893211418
0.4,True,uniform,2,0.5039942537498406,0.3469175006679214,0.295,0.02822390941956269,0.4987804359856357,0.3199180610555693,0.21,0.23323267600511197,0.49524654992203393,0.559235,1.04525,0.8105,0.173,0.0165,0.18971221216176237
0.4,True,uniform,3,0.4890296296058673,0.31273966582764634,0.235,0.03564386278579577,0.4719238997237902,0.29412321252593726,0.21,0.2337704205277374,0.47449699413048835,0.558195,1.043765,0.8077,0.176,0.0163,0.19507256514644739
0.4,True,uniform,4,0.5382270372131428,0.3694220037927441,0.31,0.020525135495095503,0.5350038460033679,0.3520670483389551,0.26,0.23278648529852206,0.5325952764076304,0.5597300000000002,1.043775,0.80935,0.17375,0.0169,0.18151531578456692
0.4,True,uniform,5,0.5029302632833011,0.3410800256896466,0.275,-0.020374340965840378,0.49056346252661526,0.31087148952885046,0.215,0.231708785898853,0.49361770683599315,0.5569000000000001,1.03596,0.8066,0.17555,0.01785,0.1711864016381847
0.4,True,uniform,6,0.5186356672752157,0.35372815558338894,0.29,0.013207303192845932,0.5065604407394046,0.3277387328009993,0.2,0.23239028516119262,0.509480559691745,0.563835,1.04645,0.82215,0.16135,0.0165,0.161893386682356
0.4,True,uniform,7,0.513637667411623,0.3427137796535877,0.275,-0.08030275279604955,0.5161914530105806,0.32720246360942795,0.23,0.23305945969897812,0.5150915671863289,0.55926,1.047935,0.8145,0.16905,0.01645,0.20270664694351162
0.4,True,uniform,8,0.5087707013838418,0.3332962700736829,0.245,0.007572651389555527,0.5311601863550293,0.35253282108730943,0.26,0.23284871621129427,0.5307550936909438,0.5603549999999999,1.04629,0.8118,0.1714,0.0168,0.19226923346266034
0.4,True,uniform,9,0.5037796340055101,0.3461605189866219,0.3,-0.06850196415851827,0.49408638364398144,0.31868445714960936,0.275,0.2340471171185742,0.49861837070353787,0.5618650000000001,1.05523,0.8137,0.17055,0.01575,0.1863566698272329
0.4,True,uniform,10,0.4783554051954107,0.3144239996038137,0.21,-0.012226191664912962,0.48434755005792196,0.3002352901691314,0.205,0.23451853131268954,0.48413336277342317,0.5588000000000001,1.05232,0.80745,0.17685,0.0157,0.1800742200837032
0.4,True,uniform,11,0.5245057294818782,0.35837075653899153,0.275,0.008090575894619461,0.5390085963783434,0.36072504453987975,0.27,0.23039504739564365,0.534844877292533,0.560835,1.04316,0.81765,0.16405,0.0183,0.19039704815837413
0.4,True,uniform,12,0.5092713362654364,0.3397313631707085,0.245,-0.058232239439015204,0.5271869544693802,0.35646704595427847,0.33,0.23189781421528136,0.5267690836588982,0.5611250000000001,1.0445950000000002,0.81485,0.16785,0.0173,0.1703482526673833
0.4,True,uniform,13,0.525746492476239,0.3534556794955309,0.275,-0.0952774900974235,0.5049047914876911,0.3144155262221696,0.205,0.23304971531152532,0.4948008406165586,0.5612400000000001,1.0495100000000002,0.8183,0.1655,0.0162,0.20068483278148413
0.4,True,uniform,14,0.49961878918402114,0.3386953303072227,0.275,-0.04130152892325278,0.47373938749496775,0.28795486513116997,0.18,0.23207543942541306,0.47492019584027206,0.55971,1.0432249999999998,0.81005,0.1726,0.01735,0.17569278508367542
0.4,True,uniform,15,0.49128662390873923,0.316254323074324,0.23,0.08525487093727674,0.4991100857848241,0.30866352821180554,0.22,0.23429230673356738,0.5065579855469202,0.5598100000000001,1.0463650000000002,0.80695,0.1772,0.01585,0.1672590057875021
0.4,True,uniform,16,0.5398227235682644,0.3702421072919897,0.31,-0.08201539686291824,0.5126132105777684,0.3227493811471668,0.22,0.23399132111114906,0.5075283666130335,0.56203,1.060145,0.8174,0.167,0.0156,0.1797687977688254
0.4,True,uniform,17,0.501087792958863,0.3413591267974549,0.27,-0.003270675248170649,0.5373433274980621,0.3567673422183302,0.285,0.2326309206218407,0.540855741470929,0.5635249999999999,1.0574000000000001,0.8195,0.164,0.0165,0.1911059966061395
0.4,True,uniform,18,0.5282595433746189,0.35370567027395217,0.235,0.03018797817021972,0.5289819373194814,0.34700074852647345,0.27,0.234299487081444,0.52783501646964,0.5653450000000001,1.05351,0.8208,0.164,0.0152,0.172466538790297
0.4,True,uniform,19,0.4817971947725576,0.3108052988314432,0.225,-0.07863571692940517,0.48694087633977473,0.3091220514257115,0.225,0.22992330556460402,0.488753917159914,0.5569000000000001,1.04446,0.8059,0.17475,0.01935,0.1750971835083142
0.4,True,uniform,20,0.527119700541352,0.355975303338751,0.305,-0.07524750605159435,0.5342542761313145,0.3512647953724492,0.255,0.23423163494985602,0.5279198682123963,0.563555,1.0472700000000001,0.82075,0.16395,0.0153,0.17474978209262507
0.5,True,uniform,1,0.5380338813570394,0.3679734474059962,0.3,-0.012846133225997534,0.5835197212511208,0.40815877271446765,0.36,0.27408763542795506,0.5802051120224166,0.5408850000000001,1.031155,0.75985,0.2101,0.03005,0.22139558126656525
0.5,True,uniform,2,0.5039942537498406,0.3469175006679214,0.295,0.055607653619270794,0.5332065699115125,0.36038310895285547,0.32,0.269379943244475,0.5241555364188241,0.5354350000000001,1.0202,0.74905,0.21725,0.0337,0.2021018792021937
0.5,True,uniform,3,0.4890296296058673,0.31273966582764634,0.235,0.04798693876587513,0.5298445739345012,0.3484333124145983,0.28,0.271857199323212,0.519866674459697,0.5278450000000001,1.0123,0.7382,0.229,0.0328,0.2114007320526793
0.5,True,uniform,4,0.5382270372131428,0.3694220037927441,0.31,0.0424585860009599,0.5766688586000029,0.40263729382969826,0.37,0.27068899281242936,0.5745858639183998,0.533185,1.016865,0.7549,0.2125,0.0326,0.19474741813166638
0.5,True,uniform,5,0.5029302632833011,0.3410800256896466,0.275,-0.04812579877693656,0.545394088617515,0.36356368391933125,0.28,0.2700956803461715,0.5376648172442716,0.5258100000000001,1.0034549999999998,0.7341,0.23195,0.03395,0.22256189876721344
0.5,True,uniform,6,0.5186356672752157,0.35372815558338894,0.29,-0.004871064894404638,0.5721449778409212,0.3976482092728182,0.34,0.2705468935223122,0.5645168826982258,0.5411,1.022465,0.7645,0.20325,0.03225,0.18959279855452446
0.5,True,uniform,7,0.513637667411623,0.3427137796535877,0.275,-0.08314595645217547,0.5706056664420158,0.39579522078573603,0.365,0.2667540977626734,0.5701380611805168,0.53254,1.01978,0.7565,0.2085,0.035,0.206898234346205
0.5,True,uniform,8,0.5087707013838418,0.3332962700736829,0.245,0.03890706394741075,0.5548467796945928,0.3838578047037273,0.36,0.26988268503583634,0.5473029881176579,0.5321250000000001,1.0165799999999998,0.7442,0.22215,0.03365,0.19559723193881978
0.5,True,uniform,9,0.5037796340055101,0.3461605189866219,0.3,-0.023155463199222185,0.5242199279750519,0.3494944690363965,0.26,0.2733786240859849,0.5096980636408585,0.541525,1.03427,0.7595,0.20995,0.03055,0.21767637551728206
0.5,True,uniform,10,0.4783554051954107,0.3144239996038137,0.21,0.01397962245486225,0.529099935209513,0.36005226795727635,0.29,0.27250814407139695,0.5248280231066623,0.536215,1.0290099999999998,0.7488,0.2193,0.0319,0.2045272520661103
0.5,True,uniform,11,0.5245057294818782,0.35837075653899153,0.275,0.0021084774972898535,0.5523512588834868,0.3760168624903645,0.27,0.2682477782911967,0.5406024626182184,0.532825,1.01426,0.75295,0.21275,0.0343,0.20077790902899514
0.5,True,uniform,12,0.5092713362654364,0.3397313631707085,0.245,-0.07759484619757955,0.5576317301243803,0.3762971582957036,0.325,0.26841208075785483,0.552700679840232,0.5328250000000001,1.015125,0.7503,0.2153,0.0344,0.19760236504218048
0.5,True,uniform,13,0.525746492476239,0.3534556794955309,0.275,-0.08482120724882561,0.5779856040934076,0.3869921907314766,0.35,0.2687028922348329,0.5678012299251526,0.5352850000000001,1.022275,0.76015,0.20615,0.0337,0.20486602093703152
0.5,True,uniform,14,0.49961878918402114,0.3386953303072227,0.275,-0.04587661821713178,0.537402935244196,0.3684691190077924,0.32,0.2700085926666988,0.5283021135792831,0.52991,1.01209,0.74085,0.2256,0.03355,0.20632579125989306
0.5,True,uniform,15,0.49128662390873923,0.316254323074324,0.23,0.1079830336734722,0.5402315677992857,0.35442906063191254,0.32,0.2682032858159588,0.5345657459308396,0.53137,1.017255,0.74555,0.2196,0.03485,0.21125599023725294
0.5,True,uniform,16,0.5398227235682644,0.3702421072919897,0.31,-0.07375612219161162,0.5492429062907569,0.36909084990346686,0.315,0.27412990542525223,0.5440447195419211,0.5402850000000001,1.0376049999999999,0.76235,0.2075,0.03015,0.2087760916401988
0.5,True,uniform,17,0.501087792958863,0.3413591267974549,0.27,-0.02026654134601598,0.5276113002480735,0.35795985011671033,0.29,0.27241813257976344,0.5317352271149605,0.54147,1.0345900000000001,0.76125,0.2075,0.03125,0.2133708916227926
0.5,True,uniform,18,0.5282595433746189,0.35370567027395217,0.235,0.03109073005810898,0.5765556844458706,0.40876088465254967,0.375,0.2728961277746622,0.5729699472916946,0.54242,1.02951,0.76355,0.20575,0.0307,0.20846400050917155
0.5,True,uniform,19,0.4817971947725576,0.3108052988314432,0.225,-0.05693891869095826,0.5349862979196991,0.3509648458251901,0.26,0.27041605224662246,0.5239826601213777,0.536875,1.0236549999999998,0.7511,0.21585,0.03305,0.20626662588071867
0.5,True,uniform,20,0.527119700541352,0.355975303338751,0.305,-0.07786691282225112,0.5614627159181288,0.38192806127861145,0.33,0.2694421684272025,0.5515642197691875,0.5362600000000001,1.0183349999999998,0.75845,0.20845,0.0331,0.22646836655196118
0.6,True,uniform,1,0.5380338813570394,0.3679734474059962,0.3,-0.0016858054982577864,0.6139401959271824,0.4449074473609525,0.41,0.3027229819045492,0.6035240862869738,0.5186850000000001,1.0061799999999996,0.7125,0.2402,0.0473,0.2135156749109312
0.6,True,uniform,2,0.5039942537498406,0.3469175006679214,0.295,0.02446106530100822,0.5918190106635243,0.42826503598427446,0.395,0.29610039523647286,0.5877743752898867,0.5110000000000001,0.9926249999999996,0.70055,0.2477,0.05175,0.22150099694588632
0.6,True,uniform,3,0.4890296296058673,0.31273966582764634,0.235,0.05782468840640316,0.5946668881892834,0.41898160403901885,0.375,0.2978218031226613,0.5815759778314239,0.5075,0.9882949999999994,0.69005,0.2585,0.05145,0.22486442069022167
0.6,True,uniform,4,0.5382270372131428,0.3694220037927441,0.31,0.009714486169970487,0.6276950315139708,0.4579862332490936,0.435,0.29823593617936334,0.6190094226411889,0.51381,0.9939849999999996,0.7081,0.24175,0.05015,0.22739100999581766
0.6,True,uniform,5,0.5029302632833011,0.3410800256896466,0.275,-0.0111663183726461,0.600351759003116,0.4327933060686851,0.385,0.2960433634532248,0.5903719525296336,0.50519,0.9801299999999995,0.6936,0.25445,0.05195,0.2178955912351017
0.6,True,uniform,6,0.5186356672752157,0.35372815558338894,0.29,-0.0043516900397237036,0.6050482167586974,0.44781377534546996,0.44,0.2940069137664101,0.5930569942607158,0.5136350000000001,0.9905549999999995,0.70525,0.2421,0.05265,0.19931749264719534
0.6,True,uniform,7,0.513637667411623,0.3427137796535877,0.275,-0.09210292987054157,0.5961323869597256,0.4245367889057779,0.42,0.2953809314479862,0.5833694282431623,0.509185,0.9936399999999995,0.69985,0.24745,0.0527,0.2062302925986144
0.6,True,uniform,8,0.5087707013838418,0.3332962700736829,0.245,0.06688625777226512,0.6111640870406627,0.4490308668930401,0.475,0.2948701046231323,0.6079458063450128,0.514945,0.9958499999999993,0.70715,0.24055,0.0523,0.20669110930390622
0.6,True,uniform,9,0.5037796340055101,0.3461605189866219,0.3,-0.05004818443666261,0.5745834259396748,0.4087542279984342,0.36,0.2980540958711432,0.5641468486220955,0.516795,1.0055049999999994,0.7062,0.24325,0.05055,0.23343178789688918
0.6,True,uniform,10,0.4783554051954107,0.3144239996038137,0.21,0.010269981780879482,0.5786943730822577,0.4150080495943719,0.425,0.2992893515965511,0.5739275702913973,0.5148950000000001,1.0034399999999994,0.7017,0.24805,0.05025,0.20666226926973225
0.6,True,uniform,11,0.5245057294818782,0.35837075653899153,0.275,-0.013424594753116628,0.6151590159399718,0.4481242393837346,0.42,0.29856691228599763,0.6003201555329929,0.5122500000000001,0.9900249999999997,0.7062,0.24365,0.05015,0.24199149261484124
0.6,True,uniform,12,0.5092713362654364,0.3397313631707085,0.245,-0.06223502356983412,0.6185586405656374,0.4478488273866873,0.43,0.29565122337328925,0.6094421120333107,0.514375,0.9929249999999996,0.70575,0.24255,0.0517,0.20057347579658202
0.6,True,uniform,13,0.525746492476239,0.3534556794955309,0.275,-0.08681289903432395,0.6017211989933878,0.42008781757410474,0.37,0.2995305932379409,0.5842638962809112,0.51467,0.9991849999999997,0.71135,0.23955,0.0491,0.218530794395025
0.6,True,uniform,14,0.49961878918402114,0.3386953303072227,0.275,-0.053701348833837724,0.5586798916319309,0.3920392290342856,0.37,0.293624333212178,0.5464794467878427,0.5089000000000001,0.9871549999999994,0.69835,0.2483,0.05335,0.20255106544514756
0.6,True,uniform,15,0.49128662390873923,0.316254323074324,0.23,0.0976643534448087,0.5906628496976094,0.4175482532716336,0.395,0.29873331528616665,0.5867551760738415,0.5128199999999999,0.9946399999999995,0.69945,0.25005,0.0505,0.20549545254416487
0.6,True,uniform,16,0.5398227235682644,0.3702421072919897,0.31,-0.046201030198925096,0.6210852319117874,0.44799675878903034,0.43,0.3004587951035792,0.6114050702594744,0.520375,1.0149499999999996,0.71565,0.23605,0.0483,0.24382682808471728
0.6,True,uniform,17,0.501087792958863,0.3413591267974549,0.27,-0.017055411752595104,0.5994716920183795,0.428541802805708,0.38,0.3032315064547751,0.6034925856483756,0.519115,1.0084899999999994,0.71005,0.24265,0.0473,0.20347156196171817
0.6,True,uniform,18,0.5282595433746189,0.35370567027395217,0.235,0.01497751636652084,0.6123499858066046,0.4462500871413117,0.43,0.3013674215018139,0.591636076203033,0.521155,1.0050649999999997,0.7184,0.2338,0.0478,0.22108614715529334
0.6,True,uniform,19,0.4817971947725576,0.3108052988314432,0.225,-0.0889744260914756,0.5906307949500196,0.4145781007810037,0.39,0.2961379025986457,0.5918574795901478,0.5155150000000001,0.9981999999999993,0.70005,0.2482,0.05175,0.20998292350209838
0.6,True,uniform,20,0.527119700541352,0.355975303338751,0.305,-0.08433460058754157,0.605318874432025,0.4362384071276766,0.41,0.2962968771866061,0.5938238971515494,0.50685,0.9869599999999997,0.70195,0.2464,0.05165,0.22160298933804248
0.7,True,uniform,1,0.5380338813570394,0.3679734474059962,0.3,0.013998209795875384,0.687213359602693,0.5323627029674785,0.52,0.3204058021119579,0.6647496917039944,0.504725,0.9864099999999993,0.68735,0.2474,0.06525,0.1947086921667755
0.7,True,uniform,2,0.5039942537498406,0.3469175006679214,0.295,0.05397570820436602,0.6616908862912894,0.5053217723149291,0.55,0.31494574561372646,0.6431633133842729,0.49447,0.9698799999999994,0.67125,0.2591,0.06965,0.20741459977860224
0.7,True,uniform,3,0.4890296296058673,0.31273966582764634,0.235,0.05421331950934766,0.6467935202028832,0.4799357602292526,0.48,0.3111608695270604,0.6301354161045412,0.48599500000000007,0.9592349999999993,0.6519,0.27535,0.07275,0.21958563393056543
0.7,True,uniform,4,0.5382270372131428,0.3694220037927441,0.31,0.032488691544987125,0.6618446226191775,0.5023949612882531,0.525,0.31590698355960173,0.64130765312677,0.4963900000000001,0.9722349999999994,0.6805,0.251,0.0685,0.22393728777358052
0.7,True,uniform,5,0.5029302632833011,0.3410800256896466,0.275,-0.005745706177105565,0.6094222193097355,0.44922891496984385,0.415,0.31326028485409074,0.5966496168846427,0.48564000000000007,0.9525699999999993,0.65195,0.27705,0.071,0.2218258149493695
0.7,True,uniform,6,0.5186356672752157,0.35372815558338894,0.29,0.015500117953855282,0.6430469935362106,0.48795323781166894,0.505,0.31736815668920165,0.6181094567554869,0.4966850000000001,0.9675449999999992,0.6691,0.26245,0.06845,0.21391517830775764
0.7,True,uniform,7,0.513637667411623,0.3427137796535877,0.275,-0.0820638855211739,0.6219214298227065,0.45457520531381745,0.425,0.32072671214123183,0.6028963885973685,0.493085,0.9717949999999993,0.6687,0.26425,0.06705,0.23257381118045342
0.7,True,uniform,8,0.5087707013838418,0.3332962700736829,0.245,0.03979288069175291,0.6518338848336921,0.4944990199008781,0.515,0.31945514228865046,0.6454481548022479,0.4976900000000001,0.9726749999999993,0.67515,0.25775,0.0671,0.2326536640147176
0.7,True,uniform,9,0.5037796340055101,0.3461605189866219,0.3,-0.014314489437447534,0.6270866996082272,0.4695300113510457,0.46,0.3153316678840012,0.611484882141799,0.49893,0.9810499999999992,0.67455,0.25605,0.0694,0.2180377851764839
0.7,True,uniform,10,0.4783554051954107,0.3144239996038137,0.21,0.011932308147375028,0.6211953911347199,0.4626911474237236,0.44,0.3168318778455916,0.6116111576695411,0.49467,0.9770349999999992,0.66225,0.2686,0.06915,0.206334476371757
0.7,True,uniform,11,0.5245057294818782,0.35837075653899153,0.275,0.005786853525237916,0.6526240614391028,0.493116803102357,0.48,0.3129468634000594,0.6410772605400707,0.4926400000000001,0.9641399999999993,0.6672,0.2622,0.0706,0.20980301422749967
0.7,True,uniform,12,0.5092713362654364,0.3397313631707085,0.245,-0.07627284628385861,0.6346364014491628,0.47161017672286265,0.48,0.3160014264484565,0.6137792693534181,0.4939150000000001,0.9672249999999992,0.6703,0.2601,0.0696,0.22155489693124622
0.7,True,uniform,13,0.525746492476239,0.3534556794955309,0.275,-0.10055730910133094,0.6560497698033643,0.4938218969448262,0.5,0.31788958391134503,0.639806046149486,0.49575,0.9742299999999992,0.67115,0.26075,0.0681,0.21865926102405925
0.7,True,uniform,14,0.49961878918402114,0.3386953303072227,0.275,-0.06905388570555687,0.6235807577125057,0.46627886030994814,0.45,0.31068476472418255,0.6076586470078793,0.48314000000000007,0.9578249999999993,0.65685,0.2703,0.07285,0.21012831927386622
0.7,True,uniform,15,0.49128662390873923,0.316254323074324,0.23,0.11266947576588032,0.6246767235367661,0.4578127215473185,0.475,0.3192845178588831,0.6044425631439815,0.49780500000000005,0.9742649999999994,0.6718,0.2609,0.0673,0.21705794284792393
0.7,True,uniform,16,0.5398227235682644,0.3702421072919897,0.31,-0.06900469498196796,0.6778790755062523,0.5074356364554343,0.5,0.3220912111293897,0.6570176274369615,0.505,0.9927199999999994,0.6817,0.2529,0.0654,0.2163333967383666
0.7,True,uniform,17,0.501087792958863,0.3413591267974549,0.27,0.019004145347914118,0.6207146291998111,0.459537466709857,0.455,0.3205735277586048,0.6040955795982139,0.500125,0.9821599999999993,0.67165,0.2614,0.06695,0.21139546572198903
0.7,True,uniform,18,0.5282595433746189,0.35370567027395217,0.235,0.03167214822985305,0.6772645281708429,0.5252552635363351,0.545,0.31932693037509385,0.6619279978507666,0.50749,0.9855499999999993,0.69325,0.2407,0.06605,0.2157880917819491
0.7,True,uniform,19,0.4817971947725576,0.3108052988314432,0.225,-0.058072098631124745,0.6237492786766413,0.4642200729407754,0.44,0.3186394356830292,0.6075282153448388,0.489105,0.9645249999999992,0.65295,0.2782,0.06885,0.22649835522850068
0.7,True,uniform,20,0.527119700541352,0.355975303338751,0.305,-0.09403123362057415,0.6606670757982459,0.5025095645506658,0.565,0.3130684170996284,0.6474742014840515,0.49215000000000003,0.9675199999999994,0.67355,0.2562,0.07025,0.21439852517906097
0.85,True,uniform,1,0.5380338813570394,0.3679734474059962,0.3,-0.03258490937406018,0.7295384728298561,0.5868773509261301,0.665,0.3417954233729272,0.7086352694557544,0.48039000000000004,0.9541449999999989,0.6448,0.2647,0.0905,0.21153119561790087
0.85,True,uniform,2,0.5039942537498406,0.3469175006679214,0.295,0.04501442446607677,0.6810196789691162,0.5393085052456112,0.575,0.33909529376900577,0.6564817450056358,0.46956500000000007,0.935089999999999,0.6251,0.2819,0.093,0.2017968368062138
0.85,True,uniform,3,0.4890296296058673,0.31273966582764634,0.235,0.051837897126277975,0.6835103310669972,0.5395137556073865,0.595,0.33819429628222536,0.6574081007688887,0.4631,0.930824999999999,0.61885,0.2868,0.09435,0.21856237176309684
0.85,True,uniform,4,0.5382270372131428,0.3694220037927441,0.31,0.057114161597710975,0.7420233684682865,0.6020176810268846,0.65,0.3368582195058093,0.7243074208517867,0.473125,0.9414299999999991,0.6448,0.26235,0.09285,0.19519602174617423
0.85,True,uniform,5,0.5029302632833011,0.3410800256896466,0.275,-0.02874981909764543,0.6935313996884709,0.544910290957493,0.555,0.3326027278194364,0.6725008002302891,0.4587650000000001,0.919729999999999,0.61685,0.28635,0.0968,0.2270546342157241
0.85,True,uniform,6,0.5186356672752157,0.35372815558338894,0.29,-0.018277138361867437,0.7114245039422308,0.5683004512801566,0.61,0.3369797969821651,0.686436875780393,0.4744300000000001,0.937099999999999,0.6395,0.26715,0.09335,0.2152742807939799
0.85,True,uniform,7,0.513637667411623,0.3427137796535877,0.275,-0.11359099596481219,0.6867046331529388,0.5310719586782006,0.56,0.3331730626474436,0.6626677221719746,0.46815000000000007,0.936954999999999,0.62915,0.2746,0.09625,0.2292304710115559
0.85,True,uniform,8,0.5087707013838418,0.3332962700736829,0.245,0.02603572438922444,0.7153667068490259,0.5719950370203373,0.625,0.34109994581501224,0.6928720337980261,0.4812700000000001,0.9477449999999991,0.64695,0.2628,0.09025,0.23363587314018552
0.85,True,uniform,9,0.5037796340055101,0.3461605189866219,0.3,-0.038858007464477054,0.6623321324761128,0.5144019468186666,0.555,0.33996173588029177,0.6360184712918682,0.47777500000000006,0.948744999999999,0.6301,0.27785,0.09205,0.2214432163876674
0.85,True,uniform,10,0.4783554051954107,0.3144239996038137,0.21,0.014798329882832022,0.6907475147331654,0.5420202844974308,0.58,0.34071810172176414,0.6588648885103708,0.478005,0.9487249999999989,0.6304,0.27745,0.09215,0.22381305572010782
0.85,True,uniform,11,0.5245057294818782,0.35837075653899153,0.275,-0.0027385970261820302,0.6952751026796047,0.5527349636893321,0.595,0.33456956156237794,0.6768680606795892,0.4657650000000001,0.9300299999999991,0.62915,0.2759,0.09495,0.21202081300774267
0.85,True,uniform,12,0.5092713362654364,0.3397313631707085,0.245,-0.0762307483336652,0.720683653601958,0.5801718229845085,0.64,0.33847786944704594,0.6943045746603899,0.47257000000000005,0.9369849999999991,0.63415,0.27335,0.0925,0.21361757437286152
0.85,True,uniform,13,0.525746492476239,0.3534556794955309,0.275,-0.12107869046578557,0.7267990765634429,0.5673735578529517,0.605,0.3351662982941875,0.6975183496876237,0.473125,0.942414999999999,0.63625,0.2698,0.09395,0.23236753628599502
0.85,True,uniform,14,0.49961878918402114,0.3386953303072227,0.275,-0.050292891991439735,0.6855824059048687,0.5398277627212517,0.57,0.33502399308157776,0.6667693783372006,0.45816500000000004,0.925339999999999,0.621,0.2828,0.0962,0.22892551336659814
0.85,True,uniform,15,0.49128662390873923,0.316254323074324,0.23,0.10020436713824984,0.6852836045777866,0.5294469278375687,0.555,0.33856905937138165,0.6678980933510217,0.468075,0.9341049999999992,0.6238,0.2826,0.0936,0.23384618315477582
0.85,True,uniform,16,0.5398227235682644,0.3702421072919897,0.31,-0.0734347096907782,0.698225167697125,0.5567162501404138,0.585,0.34230493111605326,0.6778654681724757,0.48219999999999996,0.9610999999999987,0.64075,0.26885,0.0904,0.22266201972344418
0.85,True,uniform,17,0.501087792958863,0.3413591267974549,0.27,0.006752518421732611,0.6868561262880616,0.546492390818656,0.6,0.3386579741357613,0.6590594495087768,0.47692,0.950294999999999,0.6344,0.27265,0.09295,0.23437798872906035
0.85,True,uniform,18,0.5282595433746189,0.35370567027395217,0.235,0.038842645950953034,0.7319191113970216,0.5910196401860803,0.63,0.34301436525568846,0.6966976430585379,0.483785,0.9521999999999992,0.6509,0.25955,0.08955,0.23064829665421194
0.85,True,uniform,19,0.4817971947725576,0.3108052988314432,0.225,-0.06388164100311206,0.6834820630966314,0.53672878212546,0.545,0.33745250777722574,0.6568887134612524,0.47175000000000006,0.9376349999999989,0.62515,0.28085,0.094,0.22023945137129114
0.85,True,uniform,20,0.527119700541352,0.355975303338751,0.305,-0.07150946074896987,0.7263282423602538,0.5865468810379475,0.675,0.3330053020513704,0.7021562352013343,0.47432500000000005,0.9392099999999991,0.6402,0.26535,0.09445,0.2367866611602539
1.0,True,uniform,1,0.5380338813570394,0.3679734474059962,0.3,-0.03676808957387325,0.7673118119181672,0.6436200681646765,0.74,0.35410943723208776,0.7321238259574301,0.46662000000000003,0.9273499999999986,0.62155,0.26535,0.1131,0.20784480855636187
1.0,True,uniform,2,0.5039942537498406,0.3469175006679214,0.295,0.07285387368364274,0.7318035098341354,0.5951349493195122,0.695,0.35038245908824306,0.70745418569432,0.44734500000000005,0.9066799999999989,0.60235,0.2808,0.11685,0.1995571874266397
1.0,True,uniform,3,0.4890296296058673,0.31273966582764634,0.235,0.062225173705466486,0.7428489036991371,0.6090730008938796,0.7,0.3503683352865387,0.7126395436620769,0.4394250000000001,0.8960199999999989,0.58455,0.2968,0.11865,0.19944768066405075
1.0,True,uniform,4,0.5382270372131428,0.3694220037927441,0.31,0.022027354994740334,0.7811021829122214,0.6553869938607758,0.735,0.35112345064654155,0.7463880639163918,0.455365,0.9120899999999988,0.61255,0.2726,0.11485,0.2119705816100052
1.0,True,uniform,5,0.5029302632833011,0.3410800256896466,0.275,-0.024859670558321327,0.7461259160237422,0.615597426898992,0.68,0.34742544134403025,0.7221565076736607,0.4380850000000001,0.892274999999999,0.59495,0.28645,0.1186,0.21262497384898352
1.0,True,uniform,6,0.5186356672752157,0.35372815558338894,0.29,0.033124448010946474,0.7578205338533749,0.6282878277601679,0.74,0.3526940195903064,0.7283301126730852,0.4574600000000001,0.913339999999999,0.62065,0.26525,0.1141,0.20472991418867423
1.0,True,uniform,7,0.513637667411623,0.3427137796535877,0.275,-0.1320917217637454,0.7260661941909521,0.5819782051315329,0.685,0.3507924964668306,0.701830971825559,0.449025,0.9111849999999987,0.6051,0.27805,0.11685,0.20900069146084854
1.0,True,uniform,8,0.5087707013838418,0.3332962700736829,0.245,0.03632397721972682,0.773122856113403,0.6505536577420094,0.76,0.3533481456988659,0.7462546520153475,0.45850500000000005,0.9137999999999988,0.61155,0.2738,0.11465,0.20017357521935517
1.0,True,uniform,9,0.5037796340055101,0.3461605189866219,0.3,-0.025682346429561242,0.7370143971639669,0.6061041347437258,0.69,0.3585798103946277,0.7099654684038404,0.46187000000000006,0.9248349999999987,0.6119,0.27535,0.11275,0.20506276286139274
1.0,True,uniform,10,0.4783554051954107,0.3144239996038137,0.21,0.02842065152615214,0.735521590423873,0.6006556589267151,0.65,0.35145573805413477,0.7054098935870976,0.45150000000000007,0.9128649999999987,0.5935,0.28925,0.11725,0.24122427454333017
1.0,True,uniform,11,0.5245057294818782,0.35837075653899153,0.275,0.0034325167983845616,0.7583039267887819,0.63251884931674,0.7,0.3498534946082276,0.7319374565444554,0.44947500000000007,0.9041399999999987,0.60495,0.27855,0.1165,0.21890147437040586
1.0,True,uniform,12,0.5092713362654364,0.3397313631707085,0.245,-0.07071182841013479,0.730256855921712,0.5991770378722362,0.675,0.34801648166451526,0.6999092664807898,0.44892499999999996,0.9046149999999988,0.60505,0.2773,0.11765,0.21584775180085153
1.0,True,uniform,13,0.525746492476239,0.3534556794955309,0.275,-0.11407812699035962,0.7394012738444209,0.5958772866976031,0.635,0.35518240709107546,0.7162456613841723,0.4579,0.9181549999999988,0.6149,0.2713,0.1138,0.22752520740731508
1.0,True,uniform,14,0.49961878918402114,0.3386953303072227,0.275,-0.06997001727863916,0.7265191634624302,0.6001494778207619,0.695,0.3494982471011824,0.7019076583222804,0.440505,0.8987149999999987,0.5958,0.28575,0.11845,0.19148202542003048
1.0,True,uniform,15,0.49128662390873923,0.316254323074324,0.23,0.08878686135989533,0.7497406572465418,0.6099070070647982,0.65,0.3566344575225146,0.7247787975362192,0.45047500000000007,0.9103899999999987,0.60125,0.28505,0.1137,0.23681942159451097
1.0,True,uniform,16,0.5398227235682644,0.3702421072919897,0.31,-0.0942155294115862,0.7655173741900896,0.6301922759604216,0.755,0.3619220878774395,0.7421381566409536,0.46901000000000004,0.9388599999999986,0.62205,0.268,0.10995,0.2204161492624117
1.0,True,uniform,17,0.501087792958863,0.3413591267974549,0.27,0.01171204095221206,0.7371212937755857,0.6070367678399459,0.685,0.3568674147151106,0.7064176182224804,0.4599250000000001,0.9235149999999988,0.6089,0.27785,0.11325,0.22123292173292883
1.0,True,uniform,18,0.5282595433746189,0.35370567027395217,0.235,0.03881323595587217,0.7980329168454656,0.6806311116913741,0.79,0.35878591369765445,0.7699746998750111,0.46665500000000004,0.9301249999999988,0.6322,0.2574,0.1104,0.2281800407447657
1.0,True,uniform,19,0.4817971947725576,0.3108052988314432,0.225,-0.06328683870652368,0.7479747488338737,0.6124950495415479,0.67,0.34846464126140736,0.7155755914568629,0.4475450000000001,0.9052449999999987,0.5951,0.2866,0.1183,0.20990358814219015
1.0,True,uniform,20,0.527119700541352,0.355975303338751,0.305,-0.11189294530191908,0.719031598965978,0.5817358254787606,0.655,0.3573997776362718,0.6918911402586804,0.45321000000000006,0.9103749999999989,0.6095,0.2777,0.1128,0.22365125198143013
